Tenure,PreferredLoginDevice,CityTier,WarehouseToHome,PreferredPaymentMode,Gender,HourSpendOnApp,NumberOfDeviceRegistered,PreferedOrderCat,SatisfactionScore,MaritalStatus,NumberOfAddress,Complain,OrderAmountHikeFromlastYear,CouponUsed,OrderCount,DaySinceLastOrder,CashbackAmount,Churn
4.0,1,3,6.0,4,0,3.0,3,2,2,2,9,1,11.0,1.0,1.0,5.0,159.93,1
9.0,2,1,8.0,6,1,3.0,4,3,3,2,7,1,15.0,0.0,1.0,0.0,123.02000000000001,1
9.0,2,1,30.0,4,1,2.0,4,3,3,2,6,1,14.0,0.0,1.0,3.0,123.02000000000001,1
0.0,2,3,15.0,4,1,2.0,4,2,5,2,8,0,23.0,0.0,1.0,3.0,134.07,1
0.0,2,1,12.0,0,1,3.0,3,3,5,2,3,0,11.0,1.0,1.0,3.0,129.6,1
0.0,0,1,22.0,4,0,3.0,5,4,5,2,2,1,22.0,4.0,6.0,7.0,139.19,1
9.0,2,3,11.0,2,1,2.0,3,2,2,0,4,0,14.0,0.0,1.0,0.0,123.02000000000001,1
9.0,2,1,6.0,0,1,3.0,3,3,2,0,3,1,16.0,2.0,2.0,0.0,123.02000000000001,1
13.0,2,3,9.0,5,1,3.0,4,3,3,0,2,1,14.0,0.0,1.0,2.0,126.83000000000001,1
9.0,2,1,31.0,4,1,2.0,5,3,3,2,2,0,12.0,1.0,1.0,1.0,123.02000000000001,1
4.0,1,1,18.0,2,0,2.0,3,5,3,0,2,0,15.0,6.0,9.0,8.0,291.97,1
11.0,1,1,6.0,4,1,3.0,4,0,3,2,10,1,13.0,0.0,1.0,0.0,153.81,1
0.0,2,1,11.0,1,1,2.0,3,3,3,2,2,1,13.0,2.0,2.0,2.0,134.41,1
0.0,2,1,15.0,0,1,3.0,4,3,3,0,1,1,17.0,0.0,1.0,0.0,133.88,1
9.0,1,3,15.0,3,1,3.0,4,0,2,2,2,0,16.0,0.0,4.0,7.0,196.19,1
9.0,2,2,12.0,6,1,3.0,3,3,5,1,5,1,22.0,1.0,1.0,2.0,123.02000000000001,1
0.0,0,1,12.0,4,0,3.0,4,3,2,2,2,1,18.0,1.0,1.0,0.0,129.26,1
0.0,1,3,11.0,5,1,2.0,4,2,3,2,2,1,11.0,1.0,1.0,3.0,157.44,1
0.0,0,1,13.0,4,1,3.0,5,2,3,2,2,1,23.0,1.0,1.0,6.0,160.74,1
19.0,1,1,20.0,4,0,3.0,3,4,4,0,10,1,18.0,1.0,4.0,3.0,149.63,1
0.0,1,3,12.0,4,1,3.0,5,2,3,0,5,1,18.0,6.0,7.0,7.0,161.72,1
20.0,1,1,29.0,3,0,3.0,3,0,2,0,2,0,12.0,6.0,9.0,6.0,203.12,1
9.0,1,3,28.0,5,1,2.0,3,4,3,2,2,1,19.0,0.0,1.0,0.0,123.02000000000001,1
0.0,2,3,26.0,4,0,3.0,5,2,3,0,4,1,11.0,1.0,2.0,2.0,145.59,1
14.0,0,1,14.0,4,1,2.0,5,0,2,2,3,0,15.0,0.0,1.0,3.0,206.5,1
0.0,2,1,15.0,3,0,2.0,3,4,5,2,8,0,22.0,1.0,1.0,4.0,142.0,1
8.0,1,3,6.0,5,1,3.0,3,0,4,0,2,0,13.0,1.0,1.0,6.0,172.95,0
9.0,2,3,12.0,5,1,2.0,3,2,3,0,3,1,20.0,0.0,4.0,5.0,123.06,0
18.0,2,1,14.0,4,1,2.0,3,2,4,1,9,0,18.0,1.0,1.0,11.0,123.47999999999999,0
5.0,0,3,14.0,5,0,2.0,3,0,2,2,2,0,14.0,2.0,3.0,7.0,189.98,0
2.0,0,1,6.0,1,1,2.0,3,2,3,0,2,0,13.0,0.0,1.0,9.0,143.19,0
0.0,1,1,13.0,3,1,2.0,4,2,3,0,3,0,17.0,1.0,1.0,0.0,161.32,0
27.0,2,1,15.0,0,0,3.0,4,3,4,0,5,1,20.0,1.0,1.0,0.0,133.46,0
13.0,1,3,10.0,5,1,3.0,4,0,2,0,8,0,11.0,2.0,2.0,11.0,208.55,0
9.0,0,3,8.0,5,0,3.0,3,3,3,0,7,0,18.0,1.0,1.0,2.0,123.02000000000001,0
0.0,2,1,14.0,0,1,3.0,3,3,2,0,2,0,23.0,0.0,2.0,2.0,123.22999999999999,0
9.0,0,1,15.0,0,1,2.0,3,3,4,1,7,0,18.0,0.0,2.0,2.0,123.02000000000001,0
1.0,2,1,27.0,0,1,3.0,3,3,2,0,2,0,11.0,0.0,1.0,2.0,127.13,0
27.0,1,1,30.0,4,1,2.0,2,0,2,1,4,1,16.0,1.0,1.0,4.0,194.39,0
0.0,0,1,14.0,0,1,3.0,4,3,3,1,2,1,15.0,0.0,1.0,1.0,125.66,0
23.0,1,1,17.0,4,0,2.0,3,5,4,2,4,0,15.0,2.0,4.0,4.0,291.97,0
14.0,2,1,14.0,4,1,2.0,3,3,3,1,5,0,12.0,1.0,1.0,8.0,124.50999999999999,0
3.0,1,3,11.0,4,0,2.0,3,0,2,0,3,0,12.0,2.0,7.0,4.0,194.19,0
11.0,1,3,6.0,4,0,2.0,4,2,2,2,5,0,22.0,1.0,1.0,1.0,186.86,0
5.0,2,1,12.0,4,1,3.0,3,3,3,2,4,0,20.0,0.0,1.0,4.0,130.38,0
0.0,2,1,23.0,1,1,3.0,3,3,4,0,1,1,16.0,1.0,1.0,1.0,130.58,0
0.0,0,3,14.0,1,0,3.0,5,3,5,2,1,0,21.0,1.0,1.0,0.0,123.25,1
9.0,0,1,9.0,0,1,2.0,3,3,4,2,5,0,12.0,4.0,7.0,2.0,123.02000000000001,0
3.0,0,1,15.0,0,1,3.0,3,2,5,1,2,0,11.0,0.0,6.0,10.0,130.72,0
18.0,1,3,10.0,4,0,2.0,3,2,5,1,5,1,11.0,0.0,1.0,3.0,150.06,0
27.0,2,1,14.0,4,0,3.0,3,4,5,1,5,1,18.0,1.0,2.0,2.0,142.57,0
6.0,2,1,14.0,4,1,2.0,3,3,2,2,1,0,14.0,0.0,1.0,2.0,125.0,0
0.0,1,1,8.0,4,1,2.0,4,4,2,2,2,0,22.0,0.0,1.0,0.0,123.02000000000001,1
19.0,1,3,6.0,5,0,3.0,3,0,5,1,2,0,23.0,4.0,9.0,7.0,204.53,0
9.0,2,1,15.0,4,0,3.0,3,3,2,2,2,0,12.0,1.0,2.0,1.0,123.02000000000001,0
4.0,2,1,18.0,3,0,3.0,3,4,2,0,9,1,23.0,1.0,1.0,2.0,139.29,0
9.0,2,1,32.0,0,0,3.0,3,3,4,2,3,0,15.0,1.0,1.0,2.0,123.11000000000001,0
4.0,2,3,26.0,5,0,3.0,3,3,4,2,2,1,22.0,0.0,1.0,2.0,131.4,1
23.0,2,1,6.0,3,1,2.0,4,4,3,0,3,0,15.0,0.0,1.0,2.0,136.9,0
26.0,2,1,19.0,3,0,2.0,2,2,5,1,2,0,11.0,1.0,1.0,3.0,144.5,0
6.0,2,1,20.0,0,0,3.0,3,3,4,0,2,0,13.0,0.0,1.0,6.0,127.56,0
13.0,1,1,10.0,3,0,2.0,3,5,3,0,2,0,14.0,1.0,9.0,9.0,290.33,0
27.0,1,1,20.0,3,1,3.0,2,5,4,2,9,0,11.0,1.0,2.0,11.0,287.22,0
7.0,0,1,8.0,4,1,2.0,4,2,3,0,2,0,17.0,0.0,1.0,9.0,195.47,0
24.0,1,1,9.0,3,0,3.0,3,1,4,2,4,0,18.0,0.0,2.0,0.0,237.33999999999997,0
25.0,1,1,6.0,4,1,3.0,4,5,3,0,1,0,15.0,1.0,9.0,9.0,291.97,0
9.0,2,1,15.0,0,0,2.0,3,3,4,2,2,0,16.0,1.0,1.0,3.0,123.02000000000001,0
0.0,1,1,29.0,4,1,2.0,4,2,3,0,4,1,13.0,1.0,1.0,1.0,159.16,1
9.0,0,1,13.0,0,1,2.0,2,3,2,1,5,0,14.0,0.0,2.0,2.0,123.02000000000001,0
18.0,0,1,8.0,3,1,3.0,4,1,2,0,10,0,23.0,1.0,9.0,8.0,267.92,0
10.0,2,1,27.0,4,1,3.0,2,4,5,0,2,1,12.0,0.0,1.0,7.0,135.64,0
8.0,0,1,8.0,3,0,2.0,3,2,4,2,6,0,11.0,1.0,1.0,2.0,144.25,0
15.0,0,1,27.0,3,0,2.0,3,2,3,1,3,0,16.0,0.0,1.0,2.0,152.65,0
11.0,1,1,8.0,4,1,2.0,3,2,3,0,10,0,14.0,0.0,1.0,0.0,165.53,0
11.0,1,1,32.0,1,1,2.0,3,2,2,0,4,0,18.0,0.0,1.0,7.0,162.61,0
0.0,0,1,6.0,1,1,2.0,4,2,5,0,6,0,19.0,0.0,2.0,0.0,142.98,0
22.0,0,1,24.0,4,1,3.0,3,2,2,1,2,1,15.0,0.0,1.0,7.0,168.04,0
7.0,0,1,16.0,3,1,2.0,3,4,3,1,2,1,17.0,2.0,2.0,0.0,138.15,0
13.0,2,1,25.0,0,1,3.0,3,2,2,0,9,1,15.0,1.0,3.0,7.0,127.41,0
1.0,1,1,32.0,3,1,3.0,3,2,5,0,8,1,19.0,0.0,1.0,0.0,166.73,1
0.0,1,3,32.0,5,0,2.0,3,0,2,0,2,0,22.0,1.0,1.0,9.0,176.39,1
0.0,2,1,14.0,4,1,2.0,2,3,4,1,2,1,16.0,0.0,2.0,2.0,123.28,0
9.0,0,1,24.0,0,0,3.0,3,3,2,2,2,0,13.0,1.0,1.0,7.0,123.02000000000001,0
13.0,0,1,15.0,4,1,3.0,4,2,2,0,10,0,14.0,1.0,1.0,2.0,148.76,0
19.0,1,1,6.0,3,1,3.0,3,0,5,1,8,0,16.0,0.0,1.0,3.0,193.96,0
0.0,1,3,10.0,3,1,2.0,5,0,2,0,2,0,11.0,6.0,9.0,8.0,204.0,1
3.0,0,1,6.0,4,1,2.0,4,0,3,2,2,0,22.0,2.0,5.0,8.0,184.74,0
0.0,0,3,26.0,4,0,2.0,3,2,3,2,2,0,14.0,1.0,1.0,7.0,199.81,0
24.0,1,1,14.0,4,1,2.0,4,0,4,0,6,0,16.0,1.0,4.0,3.0,224.89999999999998,0
0.0,2,1,14.0,1,0,2.0,3,3,5,2,6,1,11.0,1.0,1.0,4.0,126.57,1
14.0,1,3,12.0,4,0,3.0,3,0,2,2,4,1,18.0,0.0,2.0,0.0,235.91000000000003,0
0.0,0,3,32.0,5,0,2.0,4,2,5,2,6,0,15.0,0.0,1.0,1.0,166.96,1
9.0,2,1,6.0,2,1,2.0,3,3,3,2,1,0,14.0,0.0,1.0,5.0,123.02000000000001,1
18.0,0,3,12.0,3,0,2.0,4,0,2,2,7,0,12.0,6.0,9.0,8.0,188.65,0
27.0,1,3,9.0,5,0,2.0,3,2,5,0,3,0,14.0,1.0,1.0,5.0,159.4,0
9.0,1,1,11.0,4,1,3.0,3,2,4,2,9,0,16.0,0.0,3.0,7.0,159.14,0
6.0,2,1,14.0,0,0,2.0,4,3,4,0,7,0,21.0,0.0,1.0,1.0,126.22,0
10.0,0,1,17.0,6,1,2.0,3,0,2,1,2,1,14.0,0.0,1.0,3.0,221.85000000000002,0
11.0,1,3,9.0,4,1,3.0,3,0,3,1,1,0,12.0,1.0,5.0,11.0,206.08999999999997,0
4.0,0,1,6.0,3,1,2.0,5,2,3,0,1,0,12.0,1.0,1.0,4.0,143.45,0
9.0,2,1,9.0,4,1,3.0,4,3,2,0,4,0,17.0,0.0,1.0,0.0,123.02000000000001,0
10.0,0,3,10.0,5,1,2.0,3,4,2,1,5,0,17.0,1.0,5.0,8.0,123.02000000000001,0
2.0,0,3,6.0,3,0,2.0,3,0,2,0,2,0,14.0,4.0,4.0,1.0,179.18,0
8.0,0,3,6.0,5,0,3.0,3,0,3,2,2,0,14.0,1.0,1.0,8.0,187.89,0
0.0,2,1,14.0,0,1,2.0,4,3,2,2,2,1,13.0,0.0,1.0,1.0,123.88999999999999,1
25.0,2,1,8.0,4,0,2.0,4,3,2,2,8,0,15.0,0.0,2.0,2.0,132.12,0
15.0,1,1,10.0,2,1,2.0,3,5,2,0,2,0,15.0,0.0,9.0,11.0,291.97,0
9.0,2,2,12.0,0,1,2.0,3,3,3,0,9,0,17.0,2.0,2.0,2.0,123.02000000000001,0
23.0,1,3,6.0,3,0,3.0,3,5,2,1,4,0,15.0,1.0,1.0,6.0,291.97,0
0.0,2,1,14.0,0,1,2.0,3,3,2,0,6,1,13.0,0.0,1.0,4.0,124.36000000000001,1
16.0,1,3,22.0,5,0,3.0,3,1,2,0,6,1,22.0,0.0,2.0,9.0,260.64,0
0.0,2,1,8.0,4,0,3.0,3,3,5,0,8,0,20.0,1.0,1.0,7.0,127.07,1
25.0,0,3,8.0,4,1,3.0,4,5,3,2,2,1,18.0,1.0,9.0,11.0,290.68,0
5.0,2,3,10.0,4,0,2.0,3,4,4,0,3,0,11.0,1.0,1.0,2.0,139.31,0
0.0,2,1,6.0,4,1,3.0,4,4,3,2,1,1,14.0,1.0,1.0,2.0,137.3,1
9.0,2,1,6.0,0,0,3.0,3,3,3,1,8,0,14.0,0.0,1.0,2.0,123.02000000000001,0
5.0,0,3,32.0,5,1,3.0,3,2,2,0,1,0,18.0,1.0,2.0,2.0,144.65,0
14.0,2,1,25.0,4,1,3.0,3,2,5,1,3,0,16.0,1.0,1.0,0.0,130.72,0
13.0,2,1,30.0,1,1,3.0,3,2,2,1,2,0,17.0,2.0,4.0,7.0,133.19,0
18.0,1,1,6.0,6,1,3.0,2,5,2,0,1,0,15.0,1.0,1.0,7.0,291.97,0
4.0,0,1,9.0,3,1,3.0,3,0,3,1,10,0,12.0,1.0,2.0,2.0,236.75,0
6.0,2,1,11.0,4,0,3.0,4,3,2,0,2,0,13.0,0.0,1.0,2.0,129.11,0
7.0,1,1,8.0,4,1,2.0,4,2,5,0,7,0,13.0,0.0,5.0,9.0,159.57,0
10.0,2,1,6.0,3,0,2.0,4,4,5,0,3,0,14.0,1.0,1.0,2.0,139.2,0
18.0,0,1,13.0,4,1,3.0,2,2,3,0,5,0,17.0,0.0,1.0,2.0,164.34,0
0.0,0,1,16.0,3,1,3.0,3,0,3,1,7,0,11.0,1.0,1.0,0.0,200.48,1
12.0,0,1,8.0,2,0,3.0,3,0,3,2,1,0,23.0,6.0,9.0,3.0,209.38,0
2.0,2,1,14.0,4,1,2.0,3,3,2,2,2,0,19.0,0.0,1.0,5.0,123.4,0
15.0,1,1,23.0,4,0,2.0,2,2,5,2,4,1,13.0,0.0,1.0,2.0,165.45,0
2.0,1,3,26.0,5,1,2.0,3,2,2,1,3,0,14.0,1.0,1.0,2.0,169.31,0
0.0,2,1,6.0,4,0,3.0,3,2,3,0,1,0,12.0,1.0,1.0,2.0,148.98,0
15.0,2,1,14.0,0,0,2.0,4,3,5,1,1,1,11.0,4.0,7.0,8.0,125.93,0
13.0,1,1,8.0,3,1,2.0,3,5,3,1,1,0,15.0,0.0,3.0,9.0,291.97,0
24.0,2,1,6.0,4,1,3.0,3,3,2,0,2,0,11.0,1.0,1.0,0.0,127.22999999999999,0
0.0,0,1,32.0,0,1,3.0,4,3,4,2,1,0,11.0,1.0,1.0,4.0,134.79,1
5.0,0,1,13.0,4,1,3.0,2,3,4,0,2,0,20.0,0.0,1.0,3.0,127.94,0
11.0,0,3,8.0,4,1,2.0,4,2,2,0,4,0,18.0,6.0,7.0,5.0,152.49,0
9.0,2,1,8.0,2,1,2.0,4,2,5,2,5,0,13.0,0.0,1.0,4.0,123.02000000000001,0
19.0,1,3,8.0,2,0,3.0,5,1,4,0,4,1,12.0,1.0,7.0,7.0,268.72,0
0.0,2,1,8.0,4,1,3.0,3,3,3,2,3,0,11.0,1.0,1.0,0.0,134.85,1
2.0,1,3,8.0,3,1,3.0,4,2,4,0,3,0,19.0,0.0,1.0,0.0,166.44,0
4.0,1,1,29.0,3,1,3.0,4,2,2,0,1,0,21.0,1.0,7.0,8.0,155.82,0
0.0,0,1,11.0,4,1,2.0,2,2,5,1,2,0,12.0,1.0,1.0,5.0,140.0,0
18.0,1,1,26.0,3,1,3.0,3,1,2,0,1,1,14.0,0.0,2.0,10.0,234.95999999999998,0
9.0,2,1,12.0,4,1,2.0,3,3,2,0,1,0,11.0,4.0,9.0,11.0,132.1,0
27.0,1,1,6.0,3,1,2.0,3,5,5,2,1,1,14.0,1.0,4.0,11.0,290.45,0
10.0,0,1,32.0,4,1,2.0,3,0,4,0,2,1,12.0,5.0,9.0,3.0,218.49,1
9.0,2,1,15.0,0,1,3.0,3,3,2,0,2,0,23.0,1.0,1.0,4.0,123.02000000000001,0
10.0,1,3,12.0,3,1,3.0,3,2,2,0,5,0,14.0,0.0,1.0,1.0,165.02,0
0.0,2,1,9.0,0,1,3.0,4,3,3,2,2,0,17.0,1.0,1.0,0.0,132.3,0
10.0,0,1,6.0,3,0,2.0,3,0,2,1,3,1,18.0,0.0,2.0,2.0,236.02999999999997,0
2.0,1,1,28.0,4,0,3.0,2,0,4,1,8,0,18.0,5.0,6.0,3.0,219.95999999999998,0
11.0,1,3,13.0,3,0,2.0,2,2,5,1,2,1,23.0,0.0,7.0,7.0,156.05,0
0.0,0,1,6.0,4,0,2.0,3,2,4,1,2,0,20.0,0.0,1.0,4.0,163.97,0
23.0,1,1,10.0,4,1,3.0,3,5,4,1,4,0,14.0,1.0,1.0,6.0,291.44,0
26.0,1,1,9.0,3,1,2.0,3,1,3,0,4,1,16.0,1.0,1.0,3.0,275.84,0
15.0,2,3,6.0,4,1,2.0,3,2,3,0,2,0,23.0,4.0,9.0,6.0,149.07,0
2.0,0,3,8.0,4,1,2.0,3,2,2,2,2,0,18.0,0.0,1.0,9.0,145.54,0
27.0,1,1,26.0,1,1,2.0,3,2,2,0,4,1,19.0,1.0,1.0,8.0,154.15,0
0.0,0,1,17.0,3,1,2.0,3,2,5,0,2,1,13.0,2.0,3.0,3.0,147.41,0
9.0,2,1,6.0,4,0,2.0,3,3,2,2,2,0,12.0,1.0,5.0,7.0,123.02000000000001,0
7.0,0,1,30.0,4,1,3.0,3,3,3,1,4,1,22.0,0.0,1.0,0.0,131.61,1
11.0,1,1,29.0,4,1,2.0,3,2,2,1,10,0,14.0,0.0,1.0,2.0,157.45,0
0.0,2,1,14.0,0,1,2.0,3,3,4,1,3,1,13.0,1.0,1.0,2.0,123.72999999999999,1
1.0,2,1,14.0,4,0,3.0,3,3,2,2,2,0,21.0,0.0,1.0,2.0,133.1,0
22.0,0,1,16.0,4,0,2.0,3,5,5,2,10,1,11.0,1.0,1.0,2.0,286.65,0
9.0,2,1,9.0,1,1,2.0,3,2,4,2,5,0,12.0,6.0,7.0,7.0,144.85,0
4.0,0,3,11.0,5,0,3.0,3,3,4,1,2,0,11.0,0.0,2.0,2.0,127.88999999999999,0
0.0,1,3,10.0,5,1,2.0,4,2,2,2,2,1,12.0,6.0,7.0,4.0,158.28,1
10.0,0,1,14.0,0,1,2.0,3,3,2,0,2,1,12.0,0.0,1.0,2.0,123.25999999999999,0
15.0,0,3,32.0,5,0,3.0,3,1,4,0,6,0,14.0,2.0,2.0,8.0,235.25,0
9.0,1,1,9.0,4,1,2.0,3,4,3,2,2,0,13.0,0.0,1.0,0.0,123.02000000000001,1
8.0,1,3,22.0,5,1,3.0,3,0,4,0,1,0,15.0,3.0,6.0,9.0,180.2,0
9.0,0,1,24.0,4,1,2.0,2,4,2,0,5,0,18.0,0.0,1.0,0.0,136.88,0
24.0,1,1,8.0,3,1,2.0,5,2,4,1,6,0,18.0,0.0,1.0,2.0,154.82,0
14.0,1,3,8.0,4,1,2.0,3,1,4,2,2,0,19.0,1.0,2.0,4.0,260.15,0
0.0,1,3,16.0,3,0,3.0,4,4,3,2,2,0,12.0,1.0,1.0,0.0,123.02000000000001,0
1.0,1,1,22.0,3,1,3.0,2,2,5,2,1,0,19.0,0.0,1.0,7.0,156.61,0
4.0,1,3,13.0,1,1,3.0,2,2,2,0,5,0,11.0,3.0,7.0,7.0,169.29,0
12.0,1,1,6.0,3,1,2.0,2,0,2,1,1,0,17.0,3.0,3.0,7.0,196.13,0
9.0,0,1,30.0,4,0,2.0,3,2,4,0,8,0,15.0,0.0,1.0,8.0,156.74,0
5.0,1,3,13.0,4,1,3.0,4,2,3,0,2,0,14.0,1.0,4.0,8.0,154.84,0
11.0,1,1,31.0,4,0,2.0,4,0,4,0,4,0,17.0,1.0,1.0,3.0,220.61,0
27.0,0,1,6.0,4,1,2.0,5,2,3,1,3,1,13.0,1.0,1.0,2.0,156.6,0
4.0,2,1,11.0,1,1,2.0,3,4,2,0,1,1,12.0,0.0,1.0,3.0,148.21,0
4.0,1,2,8.0,6,1,3.0,4,2,5,0,4,0,12.0,0.0,1.0,0.0,164.1,0
18.0,0,1,13.0,4,1,3.0,3,0,5,1,2,0,18.0,5.0,9.0,11.0,152.1,0
4.0,2,1,8.0,4,1,3.0,3,3,2,1,1,1,18.0,1.0,2.0,2.0,126.94999999999999,0
6.0,0,1,11.0,4,0,3.0,3,0,4,0,7,0,11.0,2.0,8.0,3.0,218.77999999999997,0
12.0,1,1,16.0,3,1,2.0,3,1,5,0,2,1,14.0,1.0,9.0,10.0,270.68,0
16.0,0,1,14.0,4,0,2.0,3,3,2,2,1,0,19.0,0.0,1.0,7.0,124.55000000000001,0
22.0,1,1,6.0,2,0,2.0,4,1,3,2,8,1,12.0,1.0,2.0,7.0,239.64,0
15.0,2,1,14.0,3,1,2.0,4,2,4,0,3,0,15.0,6.0,7.0,7.0,149.41,1
0.0,2,1,14.0,4,0,2.0,3,3,4,2,2,1,12.0,0.0,1.0,2.0,124.78,0
5.0,1,3,14.0,1,0,3.0,4,2,4,0,2,1,11.0,6.0,9.0,9.0,152.28,0
0.0,2,3,8.0,4,1,3.0,3,2,3,2,2,1,11.0,1.0,1.0,4.0,144.78,0
4.0,1,3,13.0,5,1,3.0,3,2,2,1,5,0,12.0,0.0,1.0,7.0,175.47,0
5.0,1,1,8.0,3,0,3.0,2,2,2,2,8,0,16.0,1.0,1.0,7.0,150.55,0
0.0,2,1,8.0,0,1,2.0,5,3,2,0,6,1,13.0,2.0,2.0,2.0,134.64,1
3.0,1,1,32.0,3,0,3.0,3,2,2,0,2,0,13.0,0.0,1.0,9.0,157.75,0
4.0,0,1,13.0,4,0,2.0,4,0,3,0,2,0,23.0,3.0,8.0,9.0,189.43,0
12.0,0,1,6.0,3,1,2.0,4,5,2,0,2,0,15.0,6.0,9.0,3.0,291.97,0
2.0,1,3,9.0,3,0,2.0,3,2,3,0,5,1,18.0,1.0,1.0,0.0,152.38,1
6.0,0,3,16.0,5,1,2.0,4,2,2,2,4,0,14.0,1.0,1.0,1.0,146.82,0
20.0,1,1,11.0,4,1,2.0,3,5,3,0,5,0,11.0,1.0,1.0,1.0,283.0,0
16.0,0,1,16.0,4,0,2.0,4,2,3,1,2,0,11.0,0.0,1.0,0.0,152.57,0
0.0,0,3,6.0,5,1,3.0,3,2,4,0,1,1,13.0,0.0,1.0,4.0,163.49,0
27.0,0,1,26.0,4,0,2.0,3,2,3,2,4,0,12.0,1.0,1.0,3.0,148.69,0
16.0,1,1,13.0,4,0,2.0,3,0,5,0,9,0,16.0,1.0,1.0,0.0,199.85,0
18.0,2,1,14.0,6,1,3.0,3,2,2,0,10,0,14.0,6.0,9.0,8.0,136.97,0
13.0,1,3,6.0,3,1,2.0,5,2,2,0,3,1,22.0,1.0,1.0,2.0,174.57,0
9.0,2,1,14.0,6,1,3.0,5,3,5,0,2,1,11.0,1.0,1.0,7.0,123.02000000000001,1
2.0,2,1,15.0,6,1,2.0,4,4,2,2,1,0,17.0,2.0,2.0,2.0,139.83,0
3.0,1,3,11.0,5,0,2.0,4,2,3,1,2,0,13.0,0.0,1.0,2.0,161.18,0
0.0,1,3,14.0,5,0,2.0,3,2,4,0,2,0,18.0,0.0,1.0,7.0,162.14,0
10.0,1,1,11.0,3,1,3.0,3,2,2,1,8,0,16.0,0.0,1.0,4.0,163.47,0
11.0,1,1,21.0,4,1,3.0,4,0,2,1,1,1,14.0,1.0,2.0,3.0,215.10000000000002,0
4.0,1,1,13.0,3,0,2.0,3,0,2,2,2,1,14.0,2.0,4.0,10.0,171.43,0
2.0,1,3,16.0,5,0,2.0,4,2,4,1,2,1,14.0,0.0,1.0,7.0,182.68,0
8.0,1,1,11.0,1,1,3.0,3,0,4,2,1,0,13.0,0.0,1.0,11.0,180.95,0
0.0,2,1,32.0,4,1,3.0,3,3,2,1,2,0,12.0,1.0,1.0,2.0,129.04,0
14.0,1,1,12.0,3,1,3.0,4,2,4,2,7,1,15.0,1.0,1.0,2.0,160.32,0
20.0,0,3,10.0,0,1,3.0,3,2,3,2,4,0,19.0,0.0,1.0,0.0,129.76,0
15.0,1,1,29.0,4,0,2.0,3,1,2,2,3,0,14.0,0.0,2.0,0.0,259.92,0
2.0,0,3,8.0,4,1,3.0,3,2,3,0,2,0,14.0,1.0,1.0,2.0,146.49,0
15.0,2,2,8.0,1,1,3.0,3,3,3,1,1,1,11.0,1.0,1.0,0.0,126.96000000000001,0
5.0,2,1,14.0,0,0,3.0,3,3,4,0,2,0,13.0,0.0,1.0,7.0,123.69999999999999,0
21.0,1,3,32.0,3,0,3.0,3,0,3,0,4,0,21.0,0.0,1.0,3.0,225.04000000000002,0
10.0,1,1,12.0,3,1,2.0,2,2,5,1,5,1,13.0,2.0,6.0,7.0,159.74,0
3.0,0,3,31.0,1,0,2.0,3,2,3,0,8,1,12.0,1.0,2.0,2.0,147.36,0
0.0,1,3,6.0,4,1,2.0,3,2,3,0,2,0,17.0,2.0,7.0,7.0,152.96,0
15.0,1,1,8.0,6,1,3.0,4,2,2,2,4,0,23.0,0.0,1.0,0.0,167.81,0
9.0,0,3,6.0,2,0,2.0,4,3,4,2,2,1,11.0,1.0,1.0,2.0,123.02000000000001,1
9.0,0,3,6.0,3,0,2.0,3,2,2,2,5,0,15.0,1.0,1.0,0.0,166.53,0
9.0,0,3,9.0,3,1,2.0,4,0,2,0,5,0,11.0,0.0,1.0,11.0,196.99,0
27.0,1,1,6.0,3,1,2.0,3,2,3,0,3,0,11.0,1.0,1.0,2.0,167.55,0
9.0,2,1,16.0,4,0,2.0,2,3,3,0,4,1,13.0,0.0,1.0,7.0,123.02000000000001,0
0.0,0,3,14.0,0,1,2.0,3,3,2,2,2,0,23.0,0.0,2.0,2.0,126.1,0
0.0,2,3,11.0,5,0,3.0,3,3,3,2,2,1,13.0,1.0,1.0,0.0,128.51,1
10.0,2,1,16.0,0,0,3.0,3,3,5,0,7,0,20.0,1.0,1.0,3.0,134.52,0
19.0,0,1,13.0,3,0,2.0,3,2,3,0,3,0,14.0,0.0,1.0,0.0,152.58,0
4.0,0,3,10.0,5,1,2.0,3,2,4,2,2,0,18.0,6.0,7.0,7.0,193.55,1
23.0,1,1,16.0,2,1,3.0,4,0,2,2,7,0,15.0,0.0,1.0,3.0,204.96,0
3.0,1,3,28.0,5,1,3.0,4,2,3,0,3,1,12.0,1.0,1.0,0.0,163.8,1
4.0,2,1,14.0,4,1,2.0,4,3,4,2,1,1,16.0,1.0,2.0,2.0,126.57,0
0.0,2,3,18.0,4,0,3.0,2,3,4,2,2,0,15.0,0.0,1.0,0.0,127.16,1
9.0,2,1,29.0,4,1,2.0,3,3,2,2,10,0,16.0,1.0,1.0,2.0,123.02000000000001,0
8.0,1,1,15.0,4,1,3.0,4,2,4,2,10,0,19.0,1.0,1.0,0.0,165.4,0
0.0,2,1,6.0,3,1,2.0,3,4,4,1,2,0,11.0,0.0,1.0,4.0,138.16,0
1.0,1,3,15.0,4,1,3.0,3,2,2,2,2,0,16.0,1.0,1.0,7.0,152.53,0
22.0,2,1,13.0,6,1,2.0,4,0,3,2,9,0,23.0,1.0,1.0,0.0,145.0,0
24.0,2,3,20.0,4,0,2.0,3,2,2,0,5,0,11.0,0.0,1.0,7.0,149.36,0
9.0,2,1,14.0,4,0,3.0,3,3,3,0,5,0,13.0,1.0,2.0,2.0,125.43,0
0.0,0,3,25.0,5,1,3.0,2,2,2,2,9,1,13.0,1.0,1.0,4.0,153.04,1
27.0,1,1,8.0,4,0,3.0,3,1,2,2,3,1,13.0,1.0,1.0,2.0,266.59,0
0.0,2,3,16.0,5,0,3.0,3,2,3,1,2,1,12.0,0.0,1.0,3.0,142.6,0
3.0,2,3,14.0,1,1,3.0,3,3,4,0,2,0,18.0,1.0,1.0,0.0,124.75999999999999,0
0.0,0,1,9.0,1,1,3.0,3,3,5,2,1,0,22.0,0.0,1.0,4.0,131.02,1
9.0,2,1,17.0,0,0,2.0,3,3,4,0,2,0,13.0,1.0,1.0,2.0,123.02000000000001,0
9.0,1,3,8.0,3,1,3.0,4,0,3,0,2,0,13.0,6.0,9.0,0.0,175.96,0
9.0,0,1,10.0,1,1,2.0,3,3,2,2,10,1,23.0,1.0,1.0,0.0,123.02000000000001,1
10.0,2,1,20.0,4,0,3.0,3,3,5,1,2,0,12.0,3.0,9.0,11.0,130.34,0
13.0,1,3,8.0,5,0,2.0,3,2,4,1,8,0,12.0,0.0,1.0,3.0,157.15,0
15.0,2,1,14.0,4,0,3.0,3,3,5,1,4,0,16.0,1.0,1.0,2.0,125.75999999999999,0
10.0,2,1,16.0,4,1,2.0,3,2,4,2,3,1,12.0,0.0,1.0,1.0,141.97,0
16.0,1,1,18.0,4,1,2.0,4,1,4,1,2,0,11.0,0.0,2.0,9.0,243.36,0
13.0,2,1,8.0,0,0,3.0,4,2,3,0,7,0,22.0,1.0,1.0,0.0,134.48,0
27.0,1,1,11.0,3,1,2.0,3,5,5,0,5,0,15.0,1.0,1.0,2.0,291.97,0
7.0,0,3,10.0,5,0,3.0,3,2,3,0,10,0,15.0,1.0,1.0,2.0,165.38,0
4.0,2,1,13.0,3,0,2.0,3,2,5,0,2,0,12.0,3.0,3.0,11.0,143.06,0
9.0,0,1,27.0,0,1,3.0,3,3,2,0,8,0,20.0,0.0,1.0,2.0,123.02000000000001,0
16.0,2,1,14.0,6,0,3.0,3,2,3,1,5,1,14.0,0.0,1.0,2.0,145.22,0
0.0,2,3,10.0,4,0,2.0,4,2,2,2,2,1,11.0,0.0,1.0,3.0,144.87,0
10.0,0,1,31.0,3,0,3.0,3,2,3,0,4,1,15.0,3.0,9.0,7.0,144.49,0
9.0,2,1,6.0,4,1,3.0,4,3,5,0,2,0,12.0,0.0,3.0,2.0,123.02000000000001,0
12.0,0,1,6.0,4,1,2.0,3,5,3,1,2,1,14.0,0.0,1.0,6.0,291.97,0
27.0,0,3,12.0,4,0,2.0,2,1,5,0,10,0,11.0,2.0,2.0,7.0,232.12,0
3.0,1,3,18.0,1,0,2.0,3,2,3,2,1,0,11.0,3.0,4.0,4.0,165.77,0
14.0,1,3,6.0,5,1,2.0,2,0,5,0,2,0,16.0,1.0,1.0,7.0,183.92,0
1.0,2,1,23.0,3,1,3.0,3,2,5,1,2,0,12.0,0.0,1.0,8.0,145.58,0
0.0,2,1,9.0,3,1,3.0,3,4,5,0,6,0,13.0,1.0,1.0,2.0,140.31,1
25.0,1,1,9.0,3,1,2.0,4,0,3,0,3,1,14.0,0.0,1.0,4.0,179.69,0
18.0,2,1,14.0,4,1,3.0,3,3,2,0,4,0,21.0,1.0,1.0,2.0,126.53999999999999,0
25.0,1,1,10.0,4,0,2.0,3,1,2,0,3,0,13.0,1.0,1.0,4.0,265.55,0
15.0,0,1,32.0,4,0,3.0,3,2,3,1,3,0,11.0,1.0,1.0,2.0,145.56,0
3.0,1,1,8.0,4,0,2.0,5,2,2,2,3,0,20.0,0.0,1.0,2.0,160.91,0
27.0,1,1,13.0,4,0,2.0,3,5,5,0,6,0,15.0,0.0,9.0,10.0,291.97,0
19.0,2,1,24.0,3,0,2.0,3,2,3,1,3,0,14.0,0.0,1.0,8.0,148.1,0
15.0,0,1,32.0,1,0,2.0,4,2,2,0,1,0,11.0,0.0,1.0,4.0,145.23,0
0.0,2,3,6.0,1,0,3.0,3,3,4,2,2,1,16.0,1.0,1.0,4.0,132.02,1
0.0,0,3,14.0,5,0,2.0,5,3,3,1,1,0,16.0,1.0,1.0,0.0,123.50999999999999,1
9.0,0,1,8.0,4,1,2.0,3,4,2,0,2,1,23.0,1.0,1.0,0.0,123.02000000000001,0
13.0,1,3,8.0,4,0,3.0,3,5,3,0,1,0,14.0,1.0,1.0,11.0,280.41,0
0.0,2,1,29.0,4,0,3.0,3,3,2,1,2,0,22.0,1.0,1.0,2.0,128.86,0
9.0,0,1,9.0,4,1,2.0,3,3,2,0,5,0,15.0,0.0,1.0,4.0,123.02000000000001,0
2.0,1,1,9.0,3,1,3.0,4,0,3,0,2,0,18.0,1.0,1.0,3.0,219.35000000000002,0
0.0,2,1,14.0,1,0,3.0,4,3,4,0,6,0,16.0,0.0,1.0,1.0,125.46000000000001,1
0.0,2,2,14.0,1,1,2.0,4,3,2,2,2,0,12.0,1.0,1.0,0.0,125.63999999999999,1
3.0,0,3,28.0,6,0,3.0,3,0,5,0,1,0,11.0,2.0,7.0,8.0,184.12,0
27.0,1,3,32.0,5,1,2.0,4,1,2,1,4,0,12.0,0.0,2.0,0.0,241.18,0
23.0,1,1,32.0,4,1,2.0,4,1,3,0,1,0,15.0,1.0,9.0,7.0,270.46,0
3.0,0,1,14.0,0,0,2.0,3,3,2,2,1,0,14.0,5.0,6.0,7.0,125.63999999999999,0
27.0,0,3,32.0,5,0,3.0,4,0,5,0,5,0,19.0,6.0,9.0,11.0,202.66,0
20.0,1,1,8.0,3,0,3.0,3,2,2,1,6,0,13.0,0.0,1.0,4.0,150.7,0
19.0,1,1,8.0,4,1,2.0,3,1,3,0,7,0,13.0,1.0,1.0,1.0,278.61,0
8.0,2,1,28.0,4,1,2.0,5,4,3,2,1,0,15.0,2.0,4.0,3.0,142.3,0
27.0,2,1,14.0,4,0,2.0,3,2,3,2,8,0,11.0,1.0,1.0,0.0,137.8,0
7.0,2,1,8.0,4,1,3.0,4,3,3,1,4,0,12.0,5.0,5.0,7.0,127.68,0
19.0,1,3,16.0,5,0,3.0,4,0,2,0,3,1,19.0,1.0,1.0,2.0,190.71,0
4.0,1,1,15.0,4,1,2.0,3,0,4,1,2,0,23.0,1.0,1.0,8.0,206.48000000000002,0
0.0,1,1,21.0,3,1,2.0,3,0,3,0,8,1,12.0,0.0,2.0,7.0,236.10000000000002,1
0.0,2,1,16.0,0,1,2.0,5,3,2,1,8,0,13.0,0.0,1.0,3.0,134.08,1
3.0,2,3,13.0,5,1,3.0,3,3,4,2,1,0,14.0,1.0,1.0,2.0,129.83,0
8.0,1,1,22.0,4,1,3.0,3,0,3,0,5,1,12.0,0.0,1.0,0.0,176.32,0
0.0,0,1,26.0,4,1,3.0,3,0,3,0,4,0,12.0,1.0,1.0,0.0,198.24,1
0.0,0,2,29.0,6,0,2.0,3,0,5,1,10,1,15.0,1.0,1.0,2.0,199.5,1
9.0,0,1,11.0,6,1,3.0,3,3,3,0,5,0,17.0,2.0,2.0,0.0,123.02000000000001,0
9.0,0,3,16.0,3,1,2.0,3,0,2,2,2,0,14.0,1.0,9.0,7.0,199.8,0
0.0,0,1,10.0,1,1,2.0,4,4,3,2,6,0,16.0,1.0,1.0,2.0,138.94,1
21.0,2,3,8.0,5,0,2.0,3,2,2,0,3,0,14.0,4.0,6.0,7.0,140.51,0
27.0,1,3,24.0,4,0,2.0,3,1,4,2,4,0,23.0,1.0,7.0,7.0,268.35,0
14.0,0,3,16.0,4,1,2.0,3,2,2,2,8,0,14.0,0.0,1.0,10.0,162.3,0
8.0,2,3,6.0,5,1,2.0,3,2,3,0,10,0,11.0,3.0,6.0,9.0,147.17,0
13.0,1,1,12.0,4,0,3.0,3,1,3,2,8,0,15.0,4.0,2.0,11.0,232.37,0
12.0,0,1,14.0,4,0,2.0,3,4,3,0,2,0,11.0,0.0,1.0,7.0,137.55,0
4.0,1,3,8.0,4,1,3.0,3,2,2,2,5,1,13.0,1.0,1.0,5.0,165.82,0
15.0,1,1,30.0,3,1,2.0,3,0,5,0,2,1,21.0,4.0,5.0,8.0,174.06,0
18.0,2,3,8.0,6,1,3.0,3,2,4,0,1,0,19.0,3.0,3.0,7.0,148.05,0
0.0,0,2,23.0,4,0,3.0,3,3,3,1,1,1,11.0,0.0,1.0,0.0,127.41,1
2.0,2,1,25.0,1,1,2.0,3,2,2,1,5,0,12.0,0.0,1.0,2.0,142.62,0
6.0,1,1,6.0,3,0,3.0,2,1,3,1,5,0,19.0,1.0,1.0,5.0,261.84,0
0.0,1,3,13.0,4,1,2.0,4,0,2,1,10,0,21.0,1.0,1.0,3.0,215.57,0
9.0,0,3,11.0,5,1,3.0,3,4,4,2,2,1,14.0,1.0,1.0,0.0,123.02000000000001,1
13.0,0,3,32.0,6,1,2.0,5,0,5,1,4,0,15.0,1.0,1.0,3.0,209.32,0
14.0,0,1,8.0,6,0,3.0,4,2,3,2,3,1,17.0,0.0,1.0,7.0,168.11,0
0.0,2,3,32.0,3,1,2.0,3,2,3,1,6,0,12.0,1.0,1.0,0.0,143.06,0
8.0,2,3,6.0,3,0,3.0,3,2,3,2,2,0,16.0,0.0,1.0,3.0,148.59,0
7.0,1,3,27.0,4,1,3.0,2,2,2,2,2,0,12.0,5.0,5.0,7.0,153.37,0
0.0,2,1,14.0,1,1,3.0,5,3,2,2,2,1,18.0,1.0,1.0,0.0,123.4,1
10.0,1,1,6.0,1,0,2.0,3,0,2,2,5,0,17.0,1.0,1.0,2.0,174.91,0
19.0,0,1,24.0,3,0,2.0,3,0,3,0,6,0,11.0,1.0,1.0,2.0,205.27,0
14.0,1,3,8.0,4,0,3.0,3,1,5,0,8,0,16.0,1.0,9.0,8.0,265.95,0
10.0,0,3,15.0,3,1,3.0,3,0,4,1,2,0,13.0,6.0,7.0,7.0,188.34,0
25.0,1,1,12.0,1,1,3.0,3,2,5,1,4,1,12.0,2.0,6.0,9.0,155.77,0
0.0,0,3,17.0,6,1,2.0,2,2,3,0,9,0,12.0,1.0,1.0,2.0,147.07,1
0.0,0,3,14.0,0,1,2.0,3,3,2,0,1,0,13.0,0.0,2.0,1.0,124.0,0
11.0,1,1,16.0,3,0,3.0,3,2,3,0,4,0,19.0,1.0,1.0,0.0,198.24,0
10.0,1,1,6.0,4,0,3.0,3,2,4,0,7,0,12.0,3.0,4.0,3.0,164.47,0
22.0,1,1,24.0,4,1,2.0,4,5,3,1,2,1,15.0,0.0,1.0,9.0,291.97,0
0.0,2,1,29.0,0,1,3.0,2,3,2,0,2,1,11.0,0.0,1.0,4.0,127.25,0
0.0,1,3,32.0,5,1,3.0,3,2,4,0,2,0,20.0,1.0,1.0,4.0,162.72,0
9.0,2,1,23.0,6,1,3.0,4,3,4,0,2,0,21.0,1.0,1.0,0.0,123.02000000000001,0
23.0,0,2,9.0,3,1,2.0,3,5,4,0,2,0,11.0,1.0,9.0,7.0,282.0,0
9.0,2,3,19.0,0,1,2.0,3,3,3,0,2,0,11.0,1.0,1.0,6.0,123.02000000000001,0
0.0,0,1,13.0,4,0,3.0,3,3,3,0,2,1,16.0,0.0,1.0,2.0,128.86,1
9.0,0,3,18.0,4,1,3.0,4,3,5,0,2,0,18.0,1.0,1.0,0.0,123.02000000000001,1
7.0,2,1,6.0,4,1,2.0,4,4,2,0,2,1,13.0,0.0,1.0,3.0,136.22,0
0.0,2,3,19.0,3,1,2.0,3,2,5,1,3,0,17.0,0.0,1.0,2.0,142.33,1
8.0,2,1,31.0,6,1,2.0,4,2,2,2,5,0,14.0,0.0,1.0,2.0,136.81,0
4.0,1,3,12.0,3,1,3.0,2,2,2,1,5,0,22.0,3.0,5.0,7.0,154.6,0
9.0,2,1,12.0,0,0,3.0,4,3,3,1,1,0,12.0,1.0,1.0,3.0,123.02000000000001,0
10.0,1,3,8.0,5,1,3.0,3,2,3,0,5,1,11.0,0.0,1.0,0.0,196.02,0
0.0,2,1,6.0,4,0,3.0,4,3,4,2,2,0,13.0,1.0,1.0,0.0,128.36,0
15.0,2,1,8.0,4,0,2.0,3,2,2,0,2,0,13.0,2.0,2.0,2.0,140.89,0
16.0,1,1,12.0,6,1,2.0,4,1,2,1,5,1,14.0,1.0,1.0,0.0,266.27,0
11.0,2,1,14.0,4,0,2.0,3,3,5,2,4,0,17.0,1.0,1.0,0.0,126.19,0
16.0,0,1,15.0,3,1,3.0,3,2,3,1,4,1,13.0,2.0,4.0,7.0,156.79,0
21.0,1,1,6.0,4,0,2.0,4,1,5,0,8,0,11.0,0.0,2.0,2.0,254.01999999999998,0
17.0,1,2,6.0,4,0,2.0,4,2,3,2,5,0,11.0,1.0,1.0,2.0,159.85,0
7.0,2,3,14.0,1,0,2.0,3,3,3,1,2,1,18.0,1.0,1.0,6.0,125.78999999999999,0
0.0,2,3,8.0,5,1,3.0,3,3,5,1,1,0,11.0,0.0,1.0,2.0,130.41,1
0.0,2,3,28.0,1,1,2.0,3,3,3,2,2,0,11.0,1.0,1.0,2.0,134.47,0
17.0,1,1,9.0,6,1,2.0,3,5,2,0,5,1,15.0,1.0,1.0,1.0,291.97,0
0.0,2,1,12.0,0,1,3.0,3,3,3,0,1,0,20.0,2.0,2.0,2.0,127.72999999999999,0
6.0,1,3,14.0,5,1,2.0,3,2,3,1,1,0,12.0,1.0,1.0,2.0,171.04,0
5.0,1,1,15.0,4,0,3.0,3,2,2,0,2,1,12.0,1.0,1.0,5.0,163.22,0
9.0,0,1,9.0,0,0,3.0,3,3,3,1,2,0,20.0,1.0,1.0,0.0,123.02000000000001,0
26.0,1,3,6.0,3,0,2.0,3,2,5,2,8,0,20.0,6.0,8.0,10.0,183.81,0
7.0,2,1,6.0,4,1,3.0,3,3,2,0,2,0,12.0,6.0,8.0,8.0,126.91,0
8.0,0,3,32.0,4,0,3.0,3,2,5,0,3,0,14.0,0.0,1.0,0.0,142.86,1
0.0,2,1,12.0,4,0,3.0,3,3,2,0,2,1,13.0,0.0,1.0,2.0,126.59,0
10.0,1,1,9.0,6,1,2.0,3,0,3,0,2,0,15.0,6.0,7.0,8.0,194.34,0
2.0,1,3,9.0,3,0,3.0,3,2,3,0,2,0,14.0,0.0,1.0,2.0,155.61,0
8.0,1,1,12.0,4,1,2.0,5,2,2,2,2,0,13.0,6.0,9.0,8.0,166.46,0
6.0,0,1,12.0,4,1,2.0,3,2,2,1,4,0,23.0,4.0,4.0,7.0,177.25,0
27.0,1,2,25.0,3,1,2.0,3,0,4,0,3,0,15.0,3.0,7.0,1.0,207.25,0
9.0,1,1,15.0,3,1,2.0,4,2,4,1,3,1,11.0,1.0,1.0,2.0,188.47,0
9.0,2,1,9.0,0,1,2.0,4,3,2,2,1,0,13.0,0.0,1.0,1.0,123.02000000000001,0
0.0,1,1,16.0,3,1,2.0,3,4,3,2,2,1,11.0,0.0,1.0,1.0,123.02000000000001,1
0.0,0,1,9.0,4,1,3.0,3,3,5,2,2,1,11.0,6.0,9.0,7.0,133.48,1
9.0,0,1,9.0,4,1,2.0,4,4,3,0,2,0,18.0,1.0,1.0,0.0,123.02000000000001,0
0.0,2,1,10.0,0,1,3.0,2,3,5,0,3,0,16.0,0.0,1.0,2.0,128.19,0
0.0,2,3,14.0,4,1,2.0,2,2,4,0,1,0,22.0,0.0,1.0,2.0,148.51,0
11.0,2,3,13.0,5,0,2.0,4,2,2,2,1,0,20.0,1.0,1.0,5.0,140.28,0
2.0,0,1,6.0,4,1,3.0,5,3,2,1,2,0,18.0,2.0,2.0,8.0,127.19999999999999,0
21.0,1,3,8.0,5,1,2.0,2,2,4,0,4,0,12.0,2.0,2.0,2.0,181.2,0
0.0,0,3,9.0,3,0,3.0,2,2,2,1,2,1,20.0,1.0,1.0,4.0,146.47,0
10.0,2,1,16.0,4,1,3.0,2,4,2,2,4,0,17.0,1.0,1.0,0.0,146.8,0
23.0,2,1,32.0,0,1,3.0,2,3,3,0,2,1,11.0,3.0,3.0,8.0,132.21,0
7.0,1,1,15.0,3,0,2.0,4,0,4,2,2,0,14.0,4.0,7.0,7.0,186.21,0
0.0,2,3,9.0,4,0,3.0,3,2,3,2,10,0,14.0,1.0,2.0,0.0,145.77,1
12.0,2,1,8.0,1,0,3.0,4,2,3,2,2,0,11.0,2.0,9.0,10.0,145.53,0
5.0,1,3,16.0,5,1,2.0,3,2,2,2,2,0,12.0,0.0,1.0,8.0,153.96,0
13.0,0,3,14.0,1,1,2.0,3,2,3,0,4,1,14.0,1.0,1.0,3.0,167.96,1
11.0,1,1,6.0,4,0,2.0,2,2,2,2,1,0,13.0,1.0,1.0,8.0,176.25,0
0.0,1,1,6.0,4,0,3.0,3,0,5,0,2,0,11.0,1.0,1.0,7.0,174.12,0
5.0,1,1,9.0,4,0,2.0,3,0,2,2,4,0,15.0,3.0,7.0,3.0,211.58999999999997,0
20.0,1,3,20.0,5,1,2.0,3,2,5,2,3,0,12.0,0.0,1.0,7.0,149.6,0
13.0,0,3,11.0,4,1,2.0,4,0,5,0,6,1,21.0,0.0,1.0,11.0,204.75,0
26.0,1,1,13.0,4,1,2.0,2,1,3,0,4,0,19.0,0.0,2.0,3.0,248.14,0
14.0,1,2,16.0,6,1,3.0,4,5,2,1,4,0,15.0,1.0,9.0,6.0,291.41,0
27.0,1,3,22.0,5,1,2.0,3,2,5,2,9,0,14.0,1.0,2.0,2.0,154.05,0
0.0,0,1,16.0,4,1,2.0,3,0,5,1,2,0,21.0,1.0,1.0,7.0,187.93,0
14.0,1,2,6.0,6,1,2.0,4,5,3,0,2,0,12.0,1.0,2.0,10.0,291.89,0
23.0,2,3,14.0,5,1,2.0,3,4,4,0,8,0,15.0,1.0,2.0,2.0,138.75,0
9.0,2,1,6.0,4,0,3.0,5,3,4,2,8,1,13.0,1.0,3.0,7.0,123.02000000000001,1
9.0,0,1,14.0,4,0,3.0,2,0,5,0,10,0,14.0,0.0,1.0,3.0,217.13,0
11.0,1,1,6.0,4,0,2.0,3,0,3,2,5,1,14.0,0.0,1.0,0.0,178.61,0
17.0,0,1,30.0,3,1,2.0,5,4,3,2,3,0,14.0,0.0,1.0,4.0,137.08,0
20.0,0,3,9.0,3,0,2.0,3,1,3,1,10,1,12.0,6.0,2.0,11.0,237.7,0
3.0,1,3,32.0,5,1,2.0,3,2,2,1,8,0,23.0,4.0,7.0,7.0,153.04,0
2.0,2,3,14.0,4,1,2.0,3,3,3,2,2,0,11.0,0.0,1.0,0.0,126.41999999999999,0
5.0,0,1,25.0,0,1,3.0,2,3,3,1,7,1,12.0,2.0,2.0,2.0,127.59,1
16.0,0,3,21.0,4,1,2.0,4,2,2,0,4,0,18.0,0.0,2.0,2.0,168.04,0
7.0,1,1,14.0,3,0,3.0,3,2,3,2,4,0,11.0,1.0,4.0,3.0,161.42,0
0.0,2,1,14.0,0,1,2.0,3,3,5,0,2,0,14.0,0.0,1.0,2.0,125.0,0
12.0,1,2,9.0,6,0,2.0,2,2,4,0,10,0,15.0,3.0,3.0,6.0,163.89,0
27.0,1,1,15.0,3,1,2.0,3,1,2,0,8,0,11.0,0.0,1.0,3.0,211.02999999999997,0
13.0,2,1,14.0,0,0,2.0,4,3,2,2,1,1,20.0,2.0,2.0,3.0,123.41999999999999,0
0.0,1,1,13.0,3,0,2.0,4,2,5,2,9,0,19.0,1.0,1.0,7.0,168.11,0
9.0,2,3,16.0,5,1,2.0,3,3,4,1,2,0,14.0,0.0,2.0,2.0,123.02000000000001,0
26.0,2,1,14.0,4,1,2.0,3,2,2,2,3,0,17.0,1.0,2.0,2.0,124.5,0
8.0,0,1,8.0,4,0,3.0,3,2,5,1,3,0,11.0,0.0,1.0,0.0,150.93,0
5.0,0,1,30.0,4,1,3.0,3,2,2,0,2,0,15.0,2.0,4.0,7.0,153.09,0
11.0,2,1,8.0,0,1,3.0,3,3,3,0,7,1,13.0,0.0,1.0,1.0,130.57,0
7.0,1,1,14.0,4,0,2.0,3,2,5,1,4,0,14.0,1.0,1.0,0.0,151.21,0
25.0,1,3,9.0,5,1,2.0,4,1,5,0,2,0,11.0,1.0,1.0,11.0,268.56,0
0.0,2,1,6.0,6,1,3.0,3,3,2,2,2,1,13.0,5.0,7.0,8.0,126.86000000000001,1
0.0,1,3,32.0,3,0,2.0,3,2,2,2,2,0,23.0,0.0,1.0,4.0,161.8,0
18.0,1,3,8.0,1,1,2.0,5,2,3,2,1,0,13.0,0.0,3.0,1.0,166.32,0
0.0,2,1,16.0,3,1,3.0,2,3,3,2,2,0,18.0,1.0,1.0,2.0,135.05,0
10.0,0,3,32.0,4,0,3.0,2,2,3,2,5,1,12.0,1.0,1.0,3.0,163.97,1
7.0,1,3,8.0,6,1,2.0,3,2,2,2,2,0,22.0,0.0,1.0,4.0,162.74,0
18.0,1,1,8.0,3,1,3.0,3,5,5,0,6,1,15.0,1.0,1.0,4.0,291.97,1
9.0,0,3,14.0,4,1,3.0,4,0,5,2,2,0,15.0,0.0,1.0,9.0,175.87,0
25.0,0,1,25.0,3,1,2.0,3,4,2,0,1,0,18.0,1.0,1.0,2.0,142.58,0
0.0,0,1,6.0,4,0,3.0,5,4,2,1,4,0,14.0,2.0,2.0,0.0,143.64,0
2.0,2,1,32.0,3,0,3.0,3,2,3,0,5,0,12.0,1.0,1.0,1.0,143.35,0
0.0,1,3,14.0,1,1,2.0,4,2,5,2,7,0,17.0,1.0,1.0,2.0,153.26,1
7.0,2,1,6.0,4,0,3.0,2,3,2,2,3,0,16.0,0.0,1.0,3.0,132.8,0
27.0,1,1,25.0,3,0,3.0,3,2,5,1,10,1,11.0,0.0,1.0,4.0,154.85,0
2.0,0,3,6.0,5,1,2.0,3,2,2,0,1,0,19.0,0.0,1.0,1.0,143.42,0
10.0,2,1,16.0,4,0,3.0,3,3,5,1,1,1,13.0,3.0,4.0,3.0,127.82,0
11.0,0,1,8.0,4,0,3.0,2,2,5,2,7,1,12.0,4.0,4.0,11.0,159.8,0
7.0,2,1,8.0,3,0,2.0,4,4,5,2,2,0,11.0,1.0,1.0,3.0,143.81,0
8.0,2,3,14.0,4,0,3.0,3,3,2,0,2,0,16.0,0.0,1.0,2.0,125.72,0
3.0,2,1,6.0,4,1,2.0,5,4,3,0,4,0,21.0,1.0,1.0,2.0,138.33,0
13.0,0,1,8.0,3,0,2.0,2,2,4,0,2,0,23.0,0.0,3.0,7.0,142.44,0
7.0,1,3,14.0,4,0,3.0,3,2,5,0,6,0,17.0,1.0,1.0,2.0,165.0,0
15.0,0,1,14.0,4,1,3.0,3,5,2,1,2,0,13.0,1.0,9.0,9.0,284.3,0
9.0,1,1,12.0,4,1,3.0,2,4,5,0,2,1,21.0,1.0,1.0,0.0,123.02000000000001,1
0.0,0,1,15.0,4,1,3.0,4,3,4,1,2,0,11.0,1.0,1.0,0.0,126.94,0
25.0,2,1,17.0,4,0,3.0,3,2,3,0,9,0,20.0,1.0,1.0,4.0,131.49,0
23.0,1,1,8.0,3,1,3.0,3,1,3,0,6,0,16.0,1.0,1.0,3.0,276.39,0
0.0,2,1,14.0,4,0,2.0,4,3,5,0,2,1,11.0,0.0,1.0,0.0,123.19,1
6.0,1,1,13.0,3,1,2.0,3,0,3,0,1,0,11.0,0.0,3.0,3.0,216.91000000000003,0
0.0,1,3,22.0,5,0,3.0,3,2,5,2,6,0,15.0,1.0,1.0,2.0,153.24,1
20.0,1,1,8.0,6,0,2.0,3,1,2,0,2,1,11.0,1.0,3.0,0.0,267.52,0
9.0,1,1,6.0,6,0,2.0,3,2,4,0,1,0,15.0,0.0,1.0,5.0,152.28,0
2.0,2,1,29.0,4,1,3.0,2,3,3,0,2,0,23.0,1.0,1.0,7.0,127.0,0
20.0,1,1,8.0,4,1,2.0,3,5,4,2,8,1,15.0,5.0,9.0,8.0,291.97,1
8.0,2,1,14.0,4,0,2.0,2,3,3,2,4,0,13.0,0.0,2.0,2.0,125.06,0
15.0,1,1,6.0,4,0,2.0,4,2,2,0,10,1,13.0,0.0,1.0,2.0,160.62,0
0.0,2,1,8.0,3,1,2.0,3,4,3,2,7,0,17.0,0.0,2.0,1.0,143.82,1
9.0,2,2,19.0,6,1,2.0,3,3,4,0,4,0,13.0,1.0,1.0,4.0,123.02000000000001,0
5.0,1,1,10.0,4,0,3.0,4,2,3,0,2,0,12.0,1.0,6.0,8.0,161.62,0
13.0,0,1,22.0,3,1,2.0,4,2,3,2,7,0,14.0,1.0,1.0,0.0,150.94,0
3.0,1,1,8.0,3,0,2.0,4,2,2,2,6,1,23.0,1.0,1.0,0.0,168.77,0
9.0,2,1,8.0,4,0,3.0,4,3,3,2,2,0,14.0,1.0,1.0,0.0,123.02000000000001,0
15.0,2,1,32.0,4,1,3.0,3,2,4,0,2,0,13.0,2.0,7.0,8.0,144.34,0
11.0,0,1,18.0,4,1,2.0,4,2,5,1,3,0,15.0,1.0,1.0,2.0,162.88,0
7.0,0,1,14.0,4,0,3.0,4,3,2,2,2,0,16.0,1.0,1.0,3.0,125.53,0
12.0,1,3,17.0,5,0,2.0,3,0,2,0,2,0,18.0,0.0,7.0,7.0,176.54,1
18.0,1,3,8.0,3,1,2.0,3,2,2,2,5,0,16.0,0.0,7.0,3.0,151.6,1
16.0,1,1,20.0,4,1,3.0,3,1,5,0,7,0,23.0,1.0,1.0,0.0,271.59,0
0.0,1,1,11.0,2,1,2.0,4,0,2,1,2,1,16.0,0.0,1.0,3.0,228.07999999999998,0
8.0,1,1,13.0,6,1,2.0,3,0,3,2,4,0,21.0,0.0,1.0,6.0,202.21,0
1.0,2,3,8.0,5,0,2.0,3,2,4,0,2,1,20.0,6.0,7.0,5.0,147.79,0
7.0,2,2,9.0,6,1,2.0,3,4,2,0,1,0,19.0,1.0,1.0,2.0,137.37,0
0.0,0,1,14.0,0,0,2.0,4,3,3,0,2,1,14.0,0.0,1.0,7.0,123.66,1
9.0,0,1,9.0,3,1,2.0,3,4,2,0,2,0,11.0,1.0,1.0,0.0,123.02000000000001,0
24.0,1,3,32.0,5,0,3.0,3,1,3,0,3,0,14.0,1.0,4.0,11.0,263.07,0
17.0,1,1,10.0,3,1,2.0,3,2,4,2,10,0,12.0,1.0,2.0,3.0,159.33,0
0.0,2,1,8.0,0,1,3.0,2,3,5,2,8,0,13.0,1.0,1.0,1.0,134.24,0
6.0,2,3,6.0,3,1,2.0,2,2,5,1,2,0,22.0,0.0,1.0,8.0,140.37,0
8.0,2,1,14.0,0,0,2.0,4,3,5,2,2,0,11.0,1.0,1.0,1.0,125.59,0
9.0,1,3,6.0,4,1,2.0,3,2,2,0,2,1,14.0,2.0,4.0,11.0,162.01,0
5.0,2,3,19.0,4,1,3.0,3,2,2,1,3,0,11.0,0.0,1.0,3.0,144.03,0
3.0,0,1,11.0,4,1,3.0,4,4,2,1,10,0,12.0,0.0,1.0,3.0,137.61,0
26.0,1,3,13.0,5,0,3.0,4,0,2,0,8,1,18.0,0.0,1.0,3.0,209.33999999999997,0
18.0,1,3,15.0,5,1,3.0,3,0,5,1,5,1,12.0,1.0,1.0,2.0,207.61,0
5.0,1,1,14.0,3,0,3.0,2,2,3,0,6,0,12.0,1.0,1.0,3.0,151.75,0
25.0,0,1,31.0,3,0,2.0,4,1,2,0,4,0,22.0,0.0,2.0,0.0,238.26,0
10.0,1,3,22.0,5,1,3.0,4,2,3,1,5,0,19.0,1.0,1.0,0.0,163.34,0
1.0,2,2,14.0,3,1,3.0,4,4,2,1,2,0,13.0,0.0,1.0,4.0,149.36,0
0.0,2,1,6.0,4,1,2.0,4,2,2,0,7,0,22.0,2.0,2.0,2.0,147.75,0
17.0,2,1,14.0,4,1,3.0,2,3,2,0,3,1,23.0,1.0,1.0,2.0,128.18,0
15.0,0,1,14.0,0,1,2.0,3,3,2,2,6,1,14.0,0.0,2.0,2.0,125.15,0
9.0,2,2,14.0,4,1,3.0,4,3,5,0,1,0,21.0,1.0,1.0,3.0,123.41999999999999,0
0.0,2,3,9.0,6,1,3.0,3,2,5,0,2,1,18.0,1.0,1.0,3.0,141.94,0
8.0,1,1,15.0,4,0,3.0,4,0,3,0,2,1,20.0,2.0,5.0,11.0,206.85000000000002,0
9.0,0,1,31.0,4,0,3.0,3,3,4,1,2,1,19.0,0.0,7.0,8.0,123.02000000000001,1
5.0,0,1,6.0,4,1,3.0,3,3,2,1,1,0,12.0,0.0,1.0,2.0,123.13999999999999,0
0.0,2,3,10.0,5,1,2.0,4,2,5,0,2,0,12.0,1.0,1.0,3.0,142.56,0
22.0,2,1,6.0,1,0,2.0,3,4,5,0,3,0,16.0,1.0,1.0,2.0,135.8,0
0.0,0,1,10.0,4,1,3.0,4,3,2,0,1,0,17.0,0.0,3.0,4.0,131.62,0
5.0,0,3,11.0,4,1,2.0,3,2,4,0,2,0,14.0,2.0,5.0,3.0,165.24,0
11.0,2,3,15.0,5,1,3.0,4,3,4,0,1,0,19.0,0.0,1.0,2.0,128.99,0
15.0,1,1,9.0,4,0,3.0,2,2,2,0,3,1,13.0,0.0,1.0,3.0,152.31,0
4.0,2,1,14.0,4,1,2.0,3,3,2,0,4,1,19.0,1.0,1.0,2.0,123.56,0
0.0,2,3,6.0,0,0,3.0,4,3,3,1,7,1,19.0,0.0,1.0,2.0,128.0,1
26.0,1,3,14.0,5,1,3.0,3,1,2,0,6,0,14.0,0.0,2.0,3.0,218.36,0
8.0,1,1,31.0,2,1,3.0,4,0,4,0,4,0,16.0,3.0,4.0,8.0,209.02999999999997,0
10.0,0,3,27.0,0,0,3.0,3,3,2,0,6,0,15.0,1.0,1.0,0.0,129.73,0
26.0,1,1,29.0,4,0,3.0,3,1,2,2,7,0,18.0,2.0,2.0,8.0,242.75,0
16.0,0,1,6.0,4,0,2.0,3,2,2,0,5,0,13.0,1.0,2.0,2.0,155.62,0
20.0,2,3,8.0,5,0,2.0,3,2,2,0,1,1,22.0,5.0,7.0,7.0,145.37,0
10.0,0,3,25.0,3,1,2.0,3,0,4,2,2,1,13.0,0.0,1.0,9.0,176.42,0
23.0,0,1,8.0,4,1,3.0,3,1,5,1,2,0,11.0,1.0,9.0,7.0,279.24,0
12.0,1,2,8.0,4,0,2.0,4,2,2,0,9,0,11.0,0.0,1.0,4.0,152.04,0
9.0,2,2,9.0,6,1,2.0,3,3,4,1,4,1,11.0,0.0,1.0,3.0,123.02000000000001,0
0.0,2,1,31.0,4,1,3.0,3,3,2,2,2,1,23.0,1.0,1.0,1.0,127.94999999999999,1
2.0,2,1,14.0,0,0,3.0,4,3,2,1,7,0,14.0,1.0,1.0,3.0,125.32,0
17.0,2,1,14.0,4,1,3.0,3,3,5,0,2,1,13.0,2.0,7.0,1.0,125.59,0
1.0,2,3,11.0,3,1,3.0,3,2,2,2,2,0,14.0,1.0,1.0,2.0,149.08,0
20.0,0,1,14.0,4,1,2.0,4,3,2,1,10,1,14.0,0.0,1.0,0.0,123.80000000000001,1
16.0,2,1,14.0,4,0,2.0,3,2,4,1,5,0,21.0,1.0,1.0,0.0,147.65,0
9.0,2,3,8.0,0,0,2.0,4,3,3,2,2,0,13.0,0.0,1.0,2.0,123.02000000000001,1
0.0,2,1,24.0,6,0,3.0,3,3,2,2,2,0,19.0,1.0,1.0,0.0,126.93,1
9.0,1,1,20.0,4,1,3.0,3,2,2,0,1,1,17.0,4.0,4.0,11.0,165.86,0
20.0,2,3,8.0,4,0,3.0,4,3,2,2,2,1,18.0,1.0,1.0,2.0,132.94,0
0.0,2,1,9.0,4,0,2.0,3,2,3,0,1,1,19.0,1.0,1.0,2.0,141.71,1
4.0,2,1,8.0,4,0,3.0,5,3,2,1,5,1,13.0,0.0,1.0,0.0,127.78,1
1.0,2,1,14.0,0,0,3.0,3,3,3,1,6,0,18.0,2.0,2.0,2.0,123.77000000000001,0
2.0,2,1,14.0,0,1,3.0,3,3,5,0,8,1,21.0,1.0,2.0,2.0,124.03999999999999,1
0.0,2,1,14.0,4,0,3.0,3,3,3,2,2,0,19.0,1.0,1.0,0.0,123.18,0
9.0,1,1,16.0,4,1,2.0,3,3,4,1,2,0,14.0,1.0,1.0,0.0,123.02000000000001,0
15.0,1,3,20.0,3,0,3.0,4,2,3,2,8,0,17.0,0.0,1.0,3.0,162.44,0
6.0,2,1,6.0,6,1,3.0,4,3,5,2,4,1,11.0,0.0,1.0,2.0,127.99000000000001,0
27.0,1,1,11.0,2,0,2.0,4,0,4,1,3,1,13.0,1.0,1.0,4.0,205.52,0
4.0,2,3,14.0,4,1,2.0,4,3,3,0,4,0,15.0,3.0,5.0,2.0,123.28999999999999,0
8.0,2,1,27.0,4,0,2.0,3,2,2,0,2,1,23.0,0.0,1.0,7.0,140.14,0
22.0,1,1,14.0,6,0,2.0,3,0,4,0,5,0,11.0,0.0,1.0,7.0,174.03,0
9.0,2,1,26.0,0,1,2.0,3,3,3,0,5,0,17.0,0.0,1.0,0.0,123.02000000000001,0
4.0,0,3,26.0,5,0,2.0,3,2,3,0,2,0,13.0,1.0,1.0,0.0,169.32,0
9.0,2,1,13.0,6,1,3.0,3,4,2,2,3,0,18.0,0.0,1.0,1.0,146.78,0
11.0,1,1,6.0,2,0,3.0,3,0,5,0,2,0,13.0,3.0,2.0,11.0,235.82,0
5.0,0,1,14.0,4,0,3.0,4,3,4,0,7,0,20.0,1.0,1.0,2.0,123.32,0
0.0,2,3,14.0,5,1,2.0,4,3,4,0,2,1,18.0,0.0,1.0,0.0,124.13,1
13.0,1,3,16.0,5,1,3.0,4,0,4,1,3,0,12.0,1.0,1.0,0.0,197.05,0
0.0,0,3,6.0,3,1,2.0,4,2,5,2,2,0,12.0,1.0,1.0,7.0,142.94,0
14.0,2,1,12.0,3,1,2.0,3,4,5,2,3,1,13.0,1.0,2.0,11.0,147.21,0
9.0,2,1,14.0,0,1,3.0,3,3,3,2,5,0,21.0,2.0,3.0,9.0,125.19,0
9.0,2,3,27.0,6,1,2.0,4,3,4,2,2,1,13.0,0.0,1.0,0.0,123.02000000000001,1
0.0,2,1,10.0,1,1,3.0,3,3,5,2,2,0,19.0,1.0,1.0,0.0,129.73,1
4.0,1,1,18.0,3,0,2.0,3,2,2,0,1,1,11.0,0.0,8.0,5.0,158.55,0
13.0,0,1,15.0,3,1,2.0,3,4,4,1,9,1,14.0,0.0,1.0,0.0,136.17,0
5.0,1,1,9.0,3,0,3.0,3,2,5,0,2,0,12.0,6.0,6.0,3.0,167.25,0
0.0,1,3,9.0,4,1,2.0,4,0,2,0,2,1,11.0,3.0,3.0,7.0,203.25,1
6.0,1,1,6.0,4,0,2.0,4,2,2,2,1,0,14.0,0.0,1.0,4.0,169.49,0
0.0,1,3,6.0,4,1,2.0,4,0,3,0,6,0,11.0,1.0,9.0,7.0,206.08999999999997,1
18.0,0,1,10.0,4,1,2.0,3,2,4,0,2,0,12.0,1.0,1.0,8.0,144.47,0
9.0,0,3,26.0,2,0,2.0,3,3,2,0,2,0,15.0,0.0,1.0,2.0,123.02000000000001,0
8.0,2,3,24.0,3,0,2.0,3,2,3,0,2,0,16.0,1.0,1.0,0.0,146.01,0
25.0,1,1,6.0,4,1,3.0,3,1,2,0,3,0,15.0,1.0,7.0,8.0,270.99,0
20.0,2,1,14.0,1,1,2.0,3,3,3,2,5,0,23.0,1.0,1.0,0.0,124.78999999999999,1
26.0,1,3,8.0,3,1,2.0,3,1,3,1,7,0,13.0,2.0,2.0,2.0,248.51999999999998,0
3.0,1,3,14.0,6,1,3.0,3,0,3,1,6,0,11.0,4.0,7.0,7.0,172.64,0
11.0,0,3,16.0,1,0,2.0,3,2,2,2,2,1,13.0,0.0,1.0,3.0,156.66,0
8.0,1,3,9.0,4,1,3.0,3,0,2,1,7,0,13.0,0.0,1.0,8.0,178.23,0
12.0,1,3,8.0,4,1,2.0,2,0,3,2,1,0,18.0,1.0,1.0,7.0,178.8,0
3.0,0,3,30.0,4,0,3.0,2,1,4,2,5,1,16.0,1.0,2.0,0.0,231.94,1
20.0,0,1,22.0,3,1,3.0,2,2,3,1,2,1,19.0,0.0,2.0,7.0,150.67,0
9.0,0,3,14.0,1,1,2.0,3,2,2,1,5,0,13.0,1.0,1.0,7.0,150.79,0
0.0,0,1,14.0,0,1,2.0,4,3,5,2,1,1,22.0,1.0,1.0,2.0,123.21000000000001,1
6.0,0,3,23.0,4,1,2.0,3,1,3,2,2,0,11.0,1.0,6.0,0.0,274.44,0
0.0,2,1,14.0,4,0,3.0,4,3,5,2,7,1,20.0,1.0,1.0,0.0,124.03999999999999,1
6.0,2,1,19.0,4,0,2.0,3,3,2,2,4,0,18.0,1.0,1.0,2.0,134.52,0
9.0,2,1,6.0,0,0,3.0,3,3,2,1,4,0,14.0,0.0,1.0,2.0,123.02000000000001,0
23.0,1,1,6.0,3,1,3.0,3,1,2,1,10,0,22.0,1.0,1.0,3.0,273.99,0
6.0,0,1,6.0,6,0,2.0,2,2,4,0,2,1,13.0,0.0,1.0,2.0,154.88,0
14.0,0,1,15.0,3,1,3.0,3,5,3,1,3,0,15.0,1.0,1.0,11.0,291.97,0
0.0,2,1,22.0,1,0,3.0,3,3,4,0,10,0,14.0,2.0,2.0,2.0,128.11,0
18.0,0,1,29.0,4,1,2.0,3,2,5,0,2,1,15.0,1.0,1.0,8.0,136.33,0
20.0,2,3,10.0,4,0,2.0,3,2,2,2,2,1,17.0,1.0,1.0,7.0,141.63,0
9.0,2,1,28.0,4,0,2.0,3,3,3,0,5,1,11.0,0.0,1.0,1.0,123.02000000000001,1
23.0,1,1,30.0,4,1,3.0,3,1,3,0,4,1,18.0,0.0,2.0,5.0,239.73000000000002,0
11.0,0,1,16.0,0,1,3.0,3,3,3,0,1,0,17.0,0.0,1.0,2.0,126.84,0
19.0,1,1,13.0,3,1,3.0,3,0,3,1,7,0,13.0,0.0,1.0,7.0,208.45,0
0.0,2,1,23.0,3,0,2.0,4,2,3,1,2,0,15.0,2.0,3.0,2.0,143.77,0
0.0,2,1,20.0,6,1,2.0,4,4,4,1,2,1,23.0,1.0,1.0,2.0,137.43,1
4.0,0,1,6.0,4,0,3.0,3,2,5,0,2,0,12.0,1.0,1.0,3.0,141.48,0
0.0,0,1,11.0,4,1,3.0,3,4,2,2,2,0,15.0,1.0,1.0,0.0,123.02000000000001,0
27.0,1,1,23.0,2,0,2.0,3,0,3,0,9,0,11.0,1.0,1.0,8.0,207.39,0
8.0,1,1,31.0,3,0,2.0,3,0,3,1,2,1,11.0,2.0,9.0,1.0,203.88,0
3.0,1,1,14.0,4,0,3.0,2,0,5,0,1,1,12.0,0.0,1.0,3.0,214.16000000000003,0
0.0,2,1,14.0,0,0,3.0,4,3,5,2,2,1,15.0,0.0,1.0,0.0,126.0,1
0.0,0,1,14.0,0,0,2.0,3,3,4,2,1,0,17.0,0.0,1.0,2.0,124.22,1
0.0,1,1,8.0,3,1,2.0,2,2,2,0,2,0,12.0,1.0,1.0,3.0,154.72,0
0.0,2,1,14.0,4,1,3.0,5,3,5,0,2,0,15.0,1.0,1.0,1.0,124.50999999999999,0
21.0,2,1,12.0,4,1,3.0,4,2,3,2,3,0,13.0,0.0,2.0,2.0,142.4,0
21.0,1,1,10.0,4,1,3.0,4,0,3,2,8,0,14.0,1.0,4.0,3.0,209.99,0
14.0,1,1,13.0,3,0,2.0,3,2,3,2,7,0,14.0,1.0,2.0,1.0,150.03,0
12.0,1,1,6.0,4,0,3.0,4,1,2,0,2,0,16.0,0.0,9.0,3.0,227.42000000000002,0
0.0,2,1,8.0,4,0,2.0,3,2,2,0,1,0,18.0,0.0,2.0,2.0,142.27,0
8.0,2,1,16.0,6,1,2.0,3,4,2,1,2,0,20.0,1.0,1.0,2.0,139.17,0
15.0,1,3,11.0,5,1,2.0,3,5,3,0,7,0,13.0,1.0,1.0,0.0,283.03,0
23.0,2,1,14.0,4,1,3.0,3,3,2,0,5,0,18.0,1.0,1.0,0.0,123.80000000000001,0
27.0,1,1,8.0,4,0,3.0,4,1,2,2,4,1,13.0,0.0,2.0,3.0,237.26,0
0.0,2,1,17.0,3,0,3.0,5,2,4,0,6,0,15.0,1.0,1.0,0.0,147.77,1
27.0,0,1,24.0,3,1,3.0,3,2,4,0,4,1,14.0,6.0,6.0,7.0,163.85,0
14.0,0,1,13.0,4,0,2.0,5,5,3,1,2,0,15.0,1.0,5.0,10.0,291.97,0
11.0,1,3,9.0,4,1,2.0,3,2,2,2,9,1,12.0,1.0,1.0,0.0,168.61,0
0.0,0,3,32.0,3,1,3.0,5,2,5,2,9,0,18.0,0.0,2.0,2.0,149.69,1
15.0,1,3,8.0,5,0,2.0,5,5,2,0,2,0,15.0,5.0,6.0,9.0,291.97,1
17.0,1,3,32.0,3,0,2.0,2,1,2,0,4,1,18.0,1.0,2.0,11.0,233.2,0
23.0,0,3,6.0,4,0,3.0,3,2,3,0,1,0,12.0,1.0,1.0,11.0,163.47,0
0.0,2,1,22.0,4,0,3.0,2,3,5,2,2,0,16.0,6.0,9.0,11.0,127.43,1
12.0,0,1,28.0,3,0,2.0,3,0,5,2,2,1,13.0,1.0,2.0,8.0,208.8,0
6.0,0,3,14.0,4,0,2.0,4,3,2,2,1,0,19.0,2.0,2.0,2.0,123.41999999999999,0
18.0,1,3,17.0,4,0,2.0,3,1,2,0,4,0,13.0,1.0,1.0,1.0,276.5,0
5.0,0,1,32.0,3,0,3.0,3,4,3,2,10,0,12.0,5.0,7.0,7.0,140.25,0
7.0,1,3,6.0,5,1,3.0,2,2,2,1,1,0,11.0,1.0,1.0,9.0,197.25,0
27.0,1,3,6.0,2,1,3.0,3,0,2,0,4,1,14.0,0.0,1.0,3.0,219.04000000000002,0
9.0,2,2,30.0,0,1,2.0,3,3,4,2,2,0,16.0,0.0,1.0,4.0,123.02000000000001,0
26.0,0,3,8.0,5,0,2.0,4,0,4,0,3,0,12.0,0.0,6.0,11.0,175.25,0
0.0,2,1,21.0,6,1,2.0,3,2,3,1,8,0,14.0,0.0,1.0,0.0,148.34,1
9.0,0,1,8.0,4,1,2.0,3,3,5,0,7,1,14.0,1.0,1.0,2.0,123.02000000000001,1
9.0,2,3,16.0,4,0,2.0,3,3,3,0,2,1,19.0,0.0,1.0,0.0,123.02000000000001,0
1.0,1,3,16.0,3,1,3.0,3,4,4,0,2,0,22.0,1.0,1.0,0.0,123.02000000000001,0
11.0,0,1,9.0,6,1,3.0,3,3,3,0,4,0,16.0,2.0,2.0,2.0,128.21,0
23.0,1,1,8.0,3,1,3.0,3,5,3,0,3,1,15.0,6.0,7.0,7.0,291.97,0
10.0,2,1,9.0,6,0,2.0,3,2,4,2,4,0,15.0,1.0,1.0,1.0,141.07,0
13.0,1,3,32.0,5,1,3.0,3,2,5,0,2,0,14.0,5.0,7.0,5.0,183.96,0
9.0,0,1,6.0,0,0,3.0,4,3,3,1,2,0,13.0,1.0,1.0,3.0,123.02000000000001,0
19.0,1,1,6.0,3,1,2.0,3,5,2,1,10,0,15.0,1.0,2.0,2.0,291.97,0
27.0,1,3,8.0,4,0,2.0,4,0,3,0,7,0,11.0,6.0,7.0,0.0,206.86,0
27.0,0,1,15.0,0,0,3.0,3,3,3,0,3,0,19.0,0.0,1.0,3.0,129.42,0
9.0,1,1,18.0,3,0,2.0,4,0,2,2,1,0,11.0,5.0,7.0,8.0,188.58,0
27.0,0,1,8.0,3,1,2.0,4,1,5,2,8,0,15.0,1.0,6.0,2.0,267.56,0
16.0,1,3,31.0,3,1,3.0,4,0,2,1,6,0,13.0,1.0,2.0,0.0,234.0,0
0.0,0,3,14.0,5,0,2.0,3,3,2,2,2,1,14.0,0.0,1.0,2.0,123.22999999999999,1
9.0,1,1,16.0,4,0,2.0,4,4,5,2,2,0,13.0,1.0,1.0,0.0,123.02000000000001,1
19.0,2,1,14.0,4,0,3.0,4,2,5,1,9,1,23.0,1.0,1.0,7.0,146.15,0
14.0,2,1,14.0,4,1,2.0,3,3,3,0,10,1,12.0,1.0,2.0,7.0,124.61000000000001,1
0.0,0,1,30.0,1,1,3.0,4,0,5,2,2,0,12.0,0.0,1.0,9.0,187.22,1
0.0,2,1,6.0,3,1,2.0,4,4,5,0,2,0,16.0,0.0,1.0,3.0,139.55,0
3.0,1,1,26.0,6,1,2.0,3,2,5,0,1,0,15.0,1.0,1.0,2.0,199.57,0
14.0,2,1,13.0,1,0,2.0,2,3,3,0,2,0,13.0,1.0,1.0,8.0,133.76,0
11.0,1,1,23.0,4,0,3.0,4,0,3,0,1,0,18.0,0.0,1.0,9.0,188.23,0
13.0,1,1,26.0,2,1,3.0,3,0,2,0,5,0,20.0,4.0,9.0,1.0,203.22,0
0.0,0,1,14.0,4,1,2.0,5,4,3,0,2,0,19.0,1.0,1.0,2.0,146.21,0
27.0,0,1,8.0,4,1,3.0,3,0,4,0,4,0,18.0,1.0,1.0,3.0,209.76,0
1.0,2,1,16.0,6,0,2.0,3,2,3,2,4,0,13.0,1.0,1.0,7.0,136.6,0
7.0,1,2,6.0,3,1,3.0,4,0,5,0,10,0,14.0,2.0,3.0,6.0,204.82,1
6.0,1,1,11.0,4,1,2.0,4,0,2,1,5,0,15.0,0.0,1.0,2.0,171.19,0
0.0,1,3,10.0,2,1,2.0,3,0,5,2,1,1,22.0,3.0,4.0,7.0,195.82,1
0.0,0,1,32.0,3,0,2.0,4,2,3,2,2,0,22.0,3.0,3.0,8.0,145.08,1
9.0,2,1,21.0,4,1,2.0,3,3,3,1,2,0,16.0,2.0,2.0,2.0,123.02000000000001,0
7.0,0,1,9.0,4,1,2.0,3,2,2,2,1,0,17.0,1.0,1.0,4.0,177.56,0
10.0,1,3,16.0,4,0,2.0,4,2,2,1,3,1,14.0,0.0,1.0,0.0,166.94,0
0.0,2,1,10.0,1,1,2.0,3,4,2,0,2,1,15.0,5.0,5.0,6.0,136.91,1
0.0,2,1,14.0,0,1,2.0,3,3,3,1,2,0,20.0,1.0,1.0,0.0,123.77000000000001,1
9.0,2,1,31.0,0,1,2.0,4,3,4,2,5,1,20.0,0.0,2.0,2.0,123.13,1
15.0,1,1,8.0,3,1,2.0,3,1,5,0,1,0,17.0,1.0,9.0,7.0,276.65,0
0.0,0,1,14.0,0,1,2.0,4,3,4,1,2,0,15.0,0.0,1.0,0.0,125.96000000000001,1
13.0,0,3,6.0,6,1,2.0,3,2,3,2,4,1,14.0,0.0,1.0,0.0,147.28,1
6.0,0,3,13.0,4,0,2.0,3,2,4,0,1,0,17.0,1.0,1.0,2.0,143.02,0
7.0,0,1,9.0,4,1,3.0,4,3,2,0,4,0,17.0,1.0,1.0,0.0,129.79,0
21.0,0,1,6.0,3,1,2.0,2,1,2,2,3,0,22.0,1.0,2.0,1.0,268.85,0
18.0,0,3,15.0,4,0,3.0,4,2,3,0,2,0,13.0,0.0,4.0,11.0,155.93,0
25.0,1,1,13.0,4,1,2.0,3,0,4,2,8,0,19.0,3.0,4.0,0.0,204.45,0
11.0,1,3,16.0,5,1,3.0,4,0,3,1,1,1,14.0,2.0,2.0,7.0,187.4,0
2.0,2,1,14.0,4,0,3.0,3,3,2,1,5,0,22.0,0.0,1.0,7.0,125.13999999999999,0
1.0,1,1,9.0,3,0,3.0,3,0,4,1,1,0,17.0,0.0,1.0,7.0,176.55,0
19.0,1,3,9.0,5,1,2.0,3,1,3,0,4,0,12.0,1.0,4.0,9.0,274.65,0
11.0,1,3,8.0,5,1,2.0,3,0,4,2,8,0,16.0,1.0,1.0,0.0,173.51,0
16.0,0,1,32.0,4,0,2.0,3,0,5,0,9,0,11.0,0.0,1.0,1.0,208.2,0
2.0,0,1,8.0,4,1,2.0,3,1,2,1,8,0,11.0,6.0,9.0,3.0,221.69,1
13.0,1,1,20.0,3,1,2.0,4,5,3,2,2,0,15.0,4.0,4.0,9.0,291.97,0
9.0,2,1,6.0,2,0,3.0,4,3,4,2,2,1,11.0,0.0,2.0,2.0,123.02000000000001,0
12.0,0,1,15.0,4,1,3.0,3,2,4,2,10,0,15.0,1.0,1.0,3.0,167.82,0
9.0,0,1,24.0,4,1,3.0,3,2,2,2,3,0,20.0,1.0,1.0,9.0,177.79,0
4.0,0,3,26.0,4,1,3.0,2,3,2,0,1,0,12.0,1.0,2.0,2.0,127.91,0
1.0,2,1,8.0,4,1,3.0,4,3,4,0,1,0,17.0,0.0,1.0,4.0,132.01,0
8.0,0,3,17.0,5,1,2.0,3,2,2,1,2,0,11.0,0.0,1.0,2.0,149.68,0
22.0,1,3,14.0,2,1,2.0,4,1,4,0,7,0,17.0,1.0,2.0,3.0,231.2,0
7.0,0,1,8.0,4,1,3.0,3,2,3,2,3,0,11.0,1.0,1.0,2.0,140.33,0
2.0,0,1,16.0,4,0,3.0,3,3,4,1,1,0,14.0,1.0,1.0,1.0,132.91,0
15.0,2,1,32.0,3,1,2.0,5,2,2,2,5,0,19.0,1.0,1.0,0.0,142.72,0
2.0,1,1,14.0,3,1,3.0,4,2,2,0,2,1,13.0,0.0,1.0,2.0,150.56,0
11.0,2,2,6.0,6,1,3.0,2,3,3,0,2,0,13.0,1.0,5.0,0.0,128.44,0
4.0,0,1,12.0,4,1,3.0,4,3,3,1,2,1,14.0,1.0,1.0,2.0,127.03,0
9.0,0,1,14.0,0,1,3.0,3,4,3,2,2,0,12.0,0.0,1.0,0.0,123.02000000000001,1
0.0,1,3,15.0,5,0,3.0,3,2,5,2,1,1,17.0,0.0,1.0,3.0,182.24,1
14.0,2,1,18.0,4,1,2.0,3,4,2,0,4,1,11.0,1.0,1.0,0.0,147.66,0
0.0,0,1,14.0,0,1,3.0,3,3,3,0,2,0,12.0,2.0,2.0,2.0,126.1,1
10.0,1,1,31.0,3,0,2.0,4,2,2,1,8,0,13.0,0.0,1.0,3.0,157.31,0
0.0,2,1,14.0,4,1,2.0,4,3,3,0,2,0,13.0,2.0,2.0,2.0,125.38999999999999,0
7.0,1,3,15.0,4,0,3.0,3,2,3,0,2,0,20.0,1.0,1.0,3.0,157.14,0
8.0,2,2,14.0,1,1,3.0,3,4,3,2,2,0,17.0,0.0,1.0,4.0,143.23,0
0.0,1,3,29.0,4,0,2.0,4,0,5,0,2,0,13.0,0.0,3.0,10.0,173.36,1
13.0,0,1,15.0,3,0,2.0,3,0,3,2,10,0,17.0,0.0,2.0,11.0,234.99,0
5.0,0,3,18.0,4,1,2.0,3,1,5,2,1,1,12.0,6.0,2.0,11.0,237.57999999999998,1
15.0,1,3,10.0,5,1,2.0,3,2,5,2,8,0,13.0,1.0,1.0,5.0,151.55,0
9.0,2,1,6.0,0,1,2.0,4,3,3,0,7,0,12.0,1.0,1.0,7.0,123.02000000000001,0
0.0,2,1,30.0,3,1,2.0,3,4,4,2,9,0,22.0,1.0,1.0,2.0,135.97,0
0.0,2,1,14.0,4,0,3.0,3,3,2,0,2,1,11.0,1.0,1.0,0.0,125.15,1
0.0,2,1,9.0,3,1,2.0,2,4,2,0,2,0,22.0,1.0,1.0,7.0,144.2,0
3.0,1,3,16.0,5,1,3.0,4,2,3,0,2,0,18.0,1.0,1.0,4.0,165.78,0
13.0,0,1,32.0,3,0,3.0,4,2,2,0,4,1,13.0,1.0,1.0,0.0,144.22,0
8.0,1,1,8.0,4,1,2.0,4,0,4,1,3,0,18.0,6.0,6.0,4.0,202.74,0
7.0,0,1,6.0,3,1,3.0,4,2,5,2,1,0,20.0,1.0,4.0,9.0,153.43,0
8.0,0,1,14.0,6,1,2.0,4,3,2,0,2,0,13.0,2.0,2.0,2.0,123.75999999999999,0
6.0,1,3,15.0,5,0,2.0,5,2,3,2,9,0,13.0,1.0,1.0,3.0,153.46,1
5.0,0,3,8.0,4,0,3.0,3,3,5,1,2,0,12.0,0.0,1.0,0.0,128.27,0
27.0,1,1,10.0,2,0,3.0,3,5,5,1,5,0,15.0,0.0,4.0,2.0,291.97,0
2.0,2,1,12.0,0,0,3.0,3,3,2,0,2,0,13.0,0.0,1.0,8.0,131.31,0
0.0,2,1,14.0,4,1,2.0,3,3,5,2,2,0,23.0,0.0,1.0,0.0,125.52000000000001,0
18.0,2,1,13.0,3,0,2.0,3,4,3,0,5,1,19.0,1.0,1.0,2.0,144.77,0
10.0,1,1,6.0,4,0,2.0,4,2,2,0,2,0,13.0,3.0,3.0,11.0,164.74,0
0.0,2,1,9.0,4,1,3.0,4,3,3,2,2,0,12.0,0.0,1.0,2.0,130.33,0
7.0,2,1,16.0,4,1,3.0,3,3,3,2,2,1,11.0,1.0,1.0,2.0,129.36,1
26.0,1,1,13.0,3,0,2.0,3,5,3,1,4,0,18.0,1.0,4.0,7.0,286.06,0
9.0,2,1,21.0,4,0,3.0,5,3,2,0,1,1,18.0,1.0,1.0,3.0,123.02000000000001,0
0.0,0,1,9.0,4,1,3.0,4,3,2,0,1,1,11.0,0.0,1.0,0.0,128.53,1
19.0,1,3,8.0,5,0,3.0,3,1,5,0,9,0,23.0,1.0,9.0,9.0,270.48,0
9.0,0,1,23.0,4,1,3.0,5,3,3,2,3,0,13.0,1.0,1.0,0.0,123.02000000000001,0
6.0,2,2,8.0,6,1,2.0,3,4,3,0,2,0,13.0,0.0,1.0,4.0,136.0,0
9.0,0,1,11.0,4,1,3.0,4,3,5,1,7,0,17.0,1.0,1.0,0.0,123.02000000000001,1
3.0,2,3,32.0,4,1,3.0,3,2,5,1,9,0,19.0,1.0,1.0,3.0,141.15,0
13.0,0,3,8.0,3,1,3.0,3,2,4,0,6,0,12.0,1.0,1.0,0.0,143.27,0
23.0,0,1,8.0,3,0,2.0,3,1,5,0,3,0,22.0,1.0,2.0,2.0,278.56,0
1.0,2,1,25.0,0,1,3.0,4,3,5,0,2,0,12.0,1.0,3.0,3.0,131.96,0
19.0,1,1,21.0,4,1,2.0,3,5,4,0,6,0,11.0,1.0,1.0,3.0,290.81,0
8.0,1,3,23.0,4,1,3.0,3,2,5,0,4,1,15.0,1.0,1.0,7.0,189.66,0
9.0,2,1,23.0,4,0,3.0,3,3,4,0,2,0,13.0,0.0,1.0,0.0,123.02000000000001,1
6.0,0,3,31.0,3,0,2.0,3,2,3,0,2,0,12.0,0.0,1.0,1.0,145.39,0
9.0,2,1,12.0,4,1,3.0,5,3,3,1,2,0,14.0,0.0,1.0,7.0,127.41,0
3.0,2,1,13.0,4,1,2.0,3,2,3,1,2,0,13.0,6.0,8.0,9.0,134.91,0
17.0,2,1,32.0,6,1,2.0,3,2,2,2,2,0,23.0,1.0,1.0,11.0,145.41,0
0.0,2,3,27.0,5,1,3.0,2,3,2,2,2,0,17.0,0.0,2.0,2.0,126.78,0
19.0,1,1,8.0,1,1,2.0,3,2,2,1,3,0,11.0,1.0,1.0,4.0,173.79,0
15.0,0,2,8.0,3,1,3.0,2,2,5,0,8,0,16.0,0.0,1.0,3.0,162.72,0
27.0,1,3,13.0,5,1,2.0,2,2,2,1,1,1,18.0,0.0,1.0,9.0,152.2,0
5.0,0,1,19.0,6,0,3.0,4,3,4,0,2,0,20.0,0.0,2.0,2.0,127.43,0
5.0,0,1,8.0,4,0,2.0,3,2,3,2,5,1,14.0,1.0,1.0,7.0,149.98,0
9.0,1,1,6.0,2,0,3.0,5,0,5,1,3,1,21.0,5.0,7.0,7.0,202.52,0
6.0,2,1,15.0,0,1,3.0,3,3,2,0,1,0,13.0,1.0,4.0,10.0,127.81,0
13.0,1,3,16.0,1,0,2.0,4,2,4,1,8,0,12.0,1.0,1.0,3.0,168.52,0
0.0,2,3,16.0,4,1,2.0,3,2,2,2,1,0,14.0,0.0,1.0,1.0,149.5,0
3.0,2,1,6.0,3,1,3.0,3,4,4,0,1,1,21.0,1.0,5.0,7.0,135.79,0
15.0,0,1,32.0,3,0,2.0,3,0,5,0,4,1,17.0,0.0,2.0,0.0,231.91000000000003,0
8.0,0,3,14.0,5,0,3.0,4,0,2,0,5,1,11.0,2.0,4.0,11.0,203.77,0
9.0,2,1,20.0,4,1,2.0,3,3,5,0,2,1,14.0,2.0,6.0,8.0,123.02000000000001,0
27.0,0,1,6.0,4,0,2.0,3,0,3,1,8,0,17.0,1.0,1.0,4.0,205.02,0
9.0,1,1,8.0,4,0,3.0,2,3,2,0,2,0,13.0,6.0,7.0,7.0,123.02000000000001,0
9.0,0,1,16.0,0,0,3.0,4,4,4,2,2,1,23.0,1.0,1.0,0.0,123.02000000000001,1
2.0,2,1,6.0,4,0,3.0,3,4,2,1,2,0,15.0,0.0,1.0,2.0,137.6,0
27.0,1,1,9.0,4,1,2.0,3,1,2,0,4,0,14.0,1.0,1.0,9.0,277.79,0
4.0,1,1,17.0,3,1,3.0,3,2,5,0,2,1,12.0,0.0,1.0,1.0,168.33,0
4.0,1,1,30.0,3,0,3.0,4,2,5,2,2,0,19.0,0.0,1.0,8.0,168.12,0
27.0,1,3,9.0,4,0,2.0,4,2,2,2,6,0,17.0,0.0,1.0,5.0,151.71,0
16.0,1,1,9.0,4,1,3.0,5,5,2,0,4,0,15.0,1.0,1.0,7.0,291.97,0
22.0,1,1,10.0,3,1,2.0,4,5,3,0,3,0,13.0,1.0,1.0,0.0,287.11,0
9.0,0,1,9.0,1,1,2.0,3,4,4,0,2,0,12.0,1.0,1.0,7.0,136.92,0
21.0,2,1,14.0,1,1,3.0,2,3,4,2,6,0,11.0,0.0,1.0,0.0,125.59,0
0.0,2,1,14.0,4,1,3.0,3,3,3,1,2,0,11.0,1.0,1.0,3.0,125.16999999999999,0
2.0,1,1,13.0,4,1,2.0,3,2,2,1,2,1,11.0,0.0,1.0,0.0,166.23,0
21.0,1,1,6.0,4,1,3.0,4,5,2,2,7,0,12.0,1.0,1.0,0.0,282.65,0
2.0,1,1,6.0,4,0,2.0,4,1,2,1,4,0,14.0,1.0,1.0,7.0,261.24,0
7.0,2,1,14.0,1,0,2.0,2,3,3,0,1,0,17.0,1.0,1.0,0.0,125.85,0
17.0,1,3,11.0,5,1,2.0,3,5,4,0,8,0,11.0,1.0,3.0,10.0,282.13,0
6.0,1,3,16.0,5,1,2.0,2,0,3,1,1,1,14.0,1.0,1.0,8.0,183.8,0
0.0,2,1,31.0,4,0,3.0,2,3,2,2,2,1,12.0,1.0,1.0,1.0,129.94,0
9.0,1,1,6.0,4,1,2.0,3,4,3,0,2,0,22.0,0.0,1.0,1.0,123.02000000000001,0
0.0,0,3,30.0,4,1,3.0,5,4,2,2,2,1,14.0,1.0,1.0,0.0,123.02000000000001,1
0.0,2,1,10.0,4,1,3.0,3,3,2,2,2,1,20.0,0.0,2.0,2.0,128.75,0
8.0,1,3,8.0,5,0,3.0,5,5,4,2,3,1,16.0,1.0,1.0,11.0,288.24,1
27.0,0,1,14.0,3,1,2.0,4,1,4,1,2,1,15.0,3.0,2.0,0.0,235.76999999999998,0
0.0,0,1,14.0,4,0,2.0,4,3,3,2,2,0,20.0,2.0,2.0,2.0,126.25,1
19.0,1,3,10.0,5,0,2.0,4,5,4,0,3,0,14.0,1.0,1.0,8.0,287.89,0
7.0,2,3,8.0,5,0,2.0,3,2,5,2,1,1,12.0,1.0,1.0,2.0,145.38,0
24.0,0,3,15.0,4,1,2.0,3,5,4,1,5,1,15.0,2.0,9.0,10.0,291.97,0
27.0,1,1,24.0,3,1,3.0,3,0,2,2,7,0,12.0,1.0,5.0,4.0,205.12,0
7.0,0,1,25.0,3,0,2.0,3,2,4,1,5,0,13.0,3.0,5.0,10.0,144.44,0
9.0,0,1,6.0,0,1,2.0,3,3,3,2,1,1,11.0,0.0,1.0,2.0,123.02000000000001,0
17.0,1,1,10.0,4,1,3.0,2,5,5,1,2,0,14.0,1.0,9.0,11.0,291.9,0
7.0,0,2,17.0,4,1,2.0,4,2,4,0,5,0,11.0,0.0,1.0,8.0,144.9,0
8.0,2,1,12.0,4,1,3.0,3,3,3,0,1,1,14.0,1.0,2.0,2.0,135.06,0
15.0,2,1,14.0,0,0,3.0,2,2,4,0,7,1,16.0,0.0,1.0,0.0,123.72,0
16.0,1,3,10.0,5,0,2.0,4,0,2,2,4,0,14.0,6.0,9.0,11.0,202.31,0
9.0,1,1,8.0,4,0,2.0,3,2,4,2,10,1,11.0,4.0,5.0,11.0,154.1,0
7.0,1,1,21.0,3,0,3.0,3,0,2,0,2,0,11.0,0.0,1.0,5.0,179.78,1
1.0,0,1,8.0,4,1,2.0,4,4,2,0,2,1,12.0,2.0,2.0,2.0,138.67,0
24.0,0,1,12.0,0,0,3.0,4,3,3,2,1,0,14.0,6.0,7.0,7.0,128.38,0
3.0,0,1,15.0,3,0,3.0,3,2,3,2,8,1,18.0,1.0,1.0,7.0,146.95,0
0.0,2,1,13.0,1,0,2.0,3,3,3,1,4,1,13.0,1.0,7.0,7.0,133.39,1
9.0,2,1,6.0,2,1,2.0,3,3,5,2,3,0,11.0,0.0,1.0,2.0,123.02000000000001,0
9.0,2,1,6.0,0,0,2.0,3,3,4,2,2,0,18.0,1.0,2.0,1.0,123.02000000000001,0
5.0,1,3,14.0,3,1,2.0,2,2,2,0,2,0,15.0,0.0,1.0,8.0,162.09,0
18.0,0,1,31.0,3,0,2.0,3,5,4,2,4,0,22.0,1.0,1.0,0.0,280.61,0
12.0,1,1,19.0,3,0,3.0,4,1,4,1,7,1,13.0,1.0,9.0,2.0,271.23,0
27.0,2,1,14.0,4,1,2.0,3,3,3,1,2,0,12.0,2.0,2.0,2.0,123.72,0
0.0,2,1,13.0,4,1,3.0,3,2,3,0,2,0,18.0,1.0,1.0,1.0,148.83,1
2.0,2,1,29.0,3,1,3.0,3,4,5,2,1,0,13.0,0.0,1.0,3.0,139.04,1
3.0,2,1,12.0,1,0,2.0,4,2,2,0,1,0,12.0,5.0,6.0,7.0,146.27,0
9.0,1,1,16.0,1,0,3.0,3,0,3,0,4,0,12.0,0.0,1.0,7.0,170.94,0
19.0,2,2,6.0,4,0,2.0,3,3,5,2,7,0,12.0,3.0,5.0,7.0,134.23,0
1.0,0,1,6.0,4,0,2.0,5,2,2,0,1,0,11.0,6.0,7.0,5.0,166.74,0
23.0,1,1,32.0,4,0,2.0,3,1,5,0,5,1,11.0,1.0,1.0,2.0,268.8,0
3.0,1,3,31.0,5,1,2.0,4,0,4,2,3,1,12.0,0.0,1.0,0.0,190.94,1
15.0,1,3,11.0,4,1,3.0,3,0,4,2,10,1,19.0,5.0,7.0,7.0,184.46,1
3.0,1,1,23.0,3,0,3.0,3,0,5,0,2,1,23.0,0.0,1.0,3.0,219.16000000000003,0
12.0,2,1,24.0,4,1,2.0,3,2,3,2,1,0,11.0,0.0,1.0,7.0,145.34,0
4.0,0,3,8.0,4,0,2.0,3,0,3,1,2,1,19.0,3.0,9.0,6.0,198.52,0
14.0,0,3,16.0,3,1,2.0,5,2,4,2,2,0,13.0,3.0,9.0,9.0,161.51,0
9.0,0,3,6.0,4,0,2.0,3,3,4,2,2,1,11.0,1.0,2.0,2.0,123.02000000000001,1
7.0,2,1,14.0,4,1,2.0,3,3,5,0,5,0,12.0,1.0,1.0,2.0,123.62,1
15.0,0,1,8.0,4,1,2.0,3,1,3,0,1,1,13.0,1.0,2.0,10.0,278.61,0
27.0,1,1,8.0,3,0,2.0,5,5,3,0,5,0,14.0,1.0,9.0,11.0,291.87,0
27.0,1,2,14.0,4,1,2.0,3,5,4,2,7,0,15.0,1.0,7.0,7.0,291.97,0
13.0,0,1,22.0,4,1,3.0,3,3,3,1,10,0,16.0,1.0,1.0,0.0,135.44,0
7.0,1,1,15.0,4,1,2.0,3,0,2,1,1,0,11.0,1.0,1.0,6.0,185.0,0
13.0,2,1,8.0,4,1,3.0,3,2,2,2,2,0,13.0,3.0,8.0,8.0,146.61,0
14.0,0,3,6.0,5,0,3.0,3,2,5,1,1,0,17.0,0.0,1.0,7.0,141.03,0
8.0,0,1,10.0,4,1,2.0,3,2,3,2,2,1,11.0,1.0,1.0,1.0,142.49,0
24.0,1,2,11.0,4,1,2.0,3,1,4,1,2,1,11.0,1.0,2.0,10.0,240.26,0
11.0,1,3,8.0,4,0,2.0,3,2,5,1,4,0,15.0,0.0,1.0,7.0,168.93,0
7.0,1,3,21.0,3,0,3.0,3,2,5,2,2,0,12.0,1.0,9.0,6.0,161.25,0
0.0,2,1,25.0,3,1,3.0,3,4,2,0,4,0,11.0,1.0,1.0,2.0,136.69,0
20.0,1,1,13.0,3,0,2.0,4,0,5,0,8,1,14.0,4.0,5.0,9.0,200.08,1
13.0,2,1,14.0,4,1,2.0,3,3,4,0,4,0,22.0,1.0,1.0,3.0,123.87,0
9.0,0,3,13.0,5,0,2.0,2,2,5,0,3,0,16.0,5.0,6.0,11.0,146.39,0
21.0,1,1,10.0,4,1,2.0,3,0,2,2,2,0,11.0,1.0,1.0,8.0,178.98,0
0.0,2,3,14.0,0,0,3.0,2,3,2,0,9,0,14.0,1.0,1.0,0.0,125.34,0
24.0,1,1,17.0,2,0,2.0,4,1,4,2,4,0,16.0,0.0,1.0,3.0,231.42000000000002,0
9.0,0,1,6.0,4,0,3.0,3,4,2,2,2,0,15.0,1.0,1.0,0.0,123.02000000000001,0
8.0,1,1,6.0,3,0,2.0,4,2,2,0,1,0,12.0,1.0,1.0,0.0,153.63,0
0.0,0,3,8.0,4,1,2.0,5,2,2,2,4,0,20.0,1.0,1.0,0.0,150.71,0
18.0,1,3,19.0,5,1,2.0,2,1,3,2,7,1,17.0,2.0,2.0,8.0,236.95,1
27.0,1,1,29.0,4,1,3.0,3,1,4,0,5,1,12.0,6.0,2.0,9.0,234.01999999999998,0
9.0,0,1,32.0,2,0,3.0,4,3,3,1,2,0,20.0,1.0,1.0,0.0,123.02000000000001,0
13.0,1,1,8.0,3,0,2.0,2,2,3,1,6,0,20.0,5.0,9.0,8.0,163.77,0
7.0,1,1,32.0,3,1,2.0,3,2,3,0,5,0,13.0,0.0,7.0,7.0,154.29,0
0.0,0,3,8.0,4,0,3.0,4,3,2,2,8,0,14.0,0.0,1.0,0.0,127.85,1
0.0,0,3,24.0,5,0,3.0,3,2,3,0,1,1,18.0,3.0,3.0,2.0,146.14,1
11.0,0,1,14.0,4,1,2.0,2,3,3,1,2,0,11.0,0.0,1.0,3.0,126.1,0
7.0,1,1,8.0,1,0,3.0,3,2,2,2,2,0,11.0,1.0,4.0,11.0,166.87,0
1.0,2,3,32.0,4,1,2.0,4,2,5,0,2,0,11.0,1.0,1.0,4.0,147.24,0
0.0,1,1,28.0,3,1,3.0,3,2,3,0,2,1,15.0,3.0,6.0,7.0,161.79,1
12.0,1,3,27.0,4,1,2.0,4,2,2,0,4,1,12.0,0.0,1.0,4.0,161.2,0
24.0,0,3,8.0,5,1,2.0,3,0,4,0,3,0,11.0,0.0,3.0,2.0,205.96,0
14.0,0,1,28.0,4,0,3.0,3,2,2,1,4,1,14.0,0.0,3.0,3.0,154.67,0
10.0,2,1,10.0,4,1,3.0,3,3,3,0,8,1,15.0,1.0,1.0,3.0,129.96,0
6.0,0,3,11.0,4,1,3.0,3,2,2,0,7,0,13.0,1.0,1.0,2.0,199.98,0
5.0,2,3,8.0,5,1,2.0,3,2,4,0,1,1,13.0,0.0,1.0,2.0,140.78,0
12.0,0,1,31.0,4,1,3.0,3,0,3,0,4,0,21.0,0.0,1.0,5.0,209.2,0
0.0,1,3,24.0,4,1,3.0,2,2,3,0,3,0,11.0,0.0,1.0,2.0,162.32,0
25.0,0,1,32.0,3,0,2.0,2,1,3,0,3,1,11.0,0.0,2.0,2.0,232.47000000000003,0
16.0,2,1,12.0,3,0,3.0,4,2,3,2,2,1,14.0,1.0,1.0,8.0,140.81,0
0.0,1,3,16.0,5,0,3.0,4,2,2,0,2,1,11.0,2.0,4.0,4.0,157.69,0
0.0,2,1,14.0,4,0,2.0,3,3,3,2,2,1,13.0,3.0,7.0,7.0,123.94,1
0.0,2,1,8.0,3,1,2.0,4,4,2,2,1,0,12.0,0.0,1.0,1.0,139.04,0
15.0,1,2,16.0,6,0,2.0,3,1,5,0,1,0,14.0,1.0,1.0,9.0,267.99,0
25.0,2,1,14.0,6,0,3.0,3,3,5,0,10,0,13.0,1.0,1.0,4.0,129.5,0
10.0,2,1,17.0,3,0,3.0,3,4,3,2,5,0,18.0,0.0,1.0,2.0,136.29,0
8.0,0,1,24.0,4,1,2.0,3,0,2,2,3,0,11.0,0.0,2.0,2.0,193.62,0
0.0,2,1,6.0,1,1,2.0,3,3,2,0,5,0,11.0,1.0,1.0,2.0,132.29,0
0.0,2,1,13.0,6,1,3.0,2,4,5,2,1,0,12.0,1.0,1.0,7.0,135.78,0
2.0,1,2,23.0,6,1,2.0,4,0,5,2,2,0,13.0,0.0,1.0,9.0,179.88,0
0.0,0,1,32.0,4,1,3.0,4,2,5,2,4,0,20.0,0.0,1.0,3.0,142.84,1
0.0,0,1,20.0,6,0,2.0,3,0,2,2,1,1,12.0,2.0,7.0,7.0,175.53,1
27.0,1,1,6.0,3,0,2.0,3,1,2,2,7,0,19.0,1.0,9.0,7.0,273.28,0
27.0,1,1,6.0,3,0,3.0,3,5,5,0,4,1,15.0,1.0,1.0,5.0,291.97,0
27.0,1,1,6.0,3,1,2.0,2,1,2,1,3,0,13.0,1.0,2.0,0.0,247.32,0
9.0,1,3,9.0,5,0,2.0,3,2,4,2,4,1,16.0,0.0,1.0,1.0,192.78,0
9.0,0,3,6.0,4,0,2.0,5,4,3,2,2,0,12.0,1.0,1.0,0.0,123.02000000000001,1
3.0,2,3,13.0,5,0,3.0,3,2,5,1,8,0,14.0,1.0,1.0,2.0,147.79,0
4.0,1,1,14.0,4,0,3.0,3,1,4,2,4,0,11.0,1.0,1.0,0.0,264.22,0
7.0,0,1,6.0,6,1,3.0,3,3,5,1,6,0,14.0,1.0,1.0,3.0,129.96,0
9.0,1,1,14.0,4,0,2.0,4,4,4,2,2,0,12.0,0.0,1.0,0.0,123.02000000000001,1
9.0,2,1,17.0,4,1,3.0,3,3,5,0,1,0,14.0,1.0,1.0,4.0,123.02000000000001,0
9.0,1,1,10.0,4,1,2.0,4,2,2,2,2,0,16.0,1.0,1.0,8.0,158.1,0
9.0,1,3,22.0,5,0,3.0,4,2,5,0,5,0,13.0,1.0,1.0,2.0,156.47,0
20.0,2,1,6.0,1,1,3.0,3,3,2,0,8,0,12.0,1.0,1.0,2.0,134.2,0
0.0,2,3,15.0,4,1,3.0,4,4,5,0,4,0,12.0,1.0,2.0,2.0,144.0,1
10.0,0,1,11.0,1,1,2.0,2,3,3,2,1,0,14.0,1.0,1.0,3.0,135.0,0
9.0,2,1,6.0,4,0,2.0,3,3,5,0,3,0,22.0,1.0,1.0,0.0,123.02000000000001,0
20.0,1,1,8.0,3,0,2.0,3,1,3,0,4,0,19.0,1.0,5.0,6.0,271.69,0
0.0,2,3,10.0,3,0,2.0,3,2,3,0,2,1,12.0,1.0,1.0,3.0,141.62,0
5.0,1,3,13.0,5,1,3.0,3,2,2,0,5,0,12.0,1.0,1.0,3.0,192.04,0
7.0,2,1,6.0,4,0,2.0,4,3,4,0,6,0,17.0,1.0,1.0,2.0,132.94,0
9.0,2,1,11.0,0,1,2.0,2,3,3,0,3,1,12.0,1.0,1.0,3.0,123.02000000000001,0
13.0,0,1,15.0,6,1,2.0,3,2,3,1,4,0,11.0,1.0,1.0,7.0,139.75,0
4.0,1,3,14.0,4,1,2.0,3,0,2,1,2,0,18.0,2.0,9.0,9.0,207.93,0
9.0,1,3,15.0,5,1,2.0,3,0,1,1,5,0,11.0,0.0,4.0,3.0,200.96,1
2.0,0,1,8.0,4,0,2.0,4,4,5,2,3,1,23.0,0.0,1.0,0.0,136.46,1
0.0,0,1,6.0,4,0,3.0,2,0,4,2,2,0,11.0,3.0,4.0,7.0,174.46,1
18.0,1,1,26.0,3,1,3.0,5,0,5,1,3,1,18.0,0.0,1.0,7.0,208.51,0
9.0,2,2,14.0,0,0,3.0,2,3,4,2,10,0,18.0,0.0,1.0,2.0,123.02000000000001,0
0.0,0,1,8.0,4,1,3.0,3,4,1,0,7,1,13.0,2.0,2.0,2.0,137.22,1
18.0,1,1,32.0,2,1,2.0,3,0,1,0,5,1,18.0,1.0,1.0,2.0,193.8,0
21.0,1,3,13.0,5,1,3.0,3,2,5,1,5,0,11.0,1.0,2.0,2.0,154.86,0
0.0,2,2,15.0,1,0,3.0,3,3,3,0,2,0,15.0,1.0,2.0,2.0,127.41999999999999,1
13.0,0,1,14.0,3,1,2.0,4,0,4,1,3,0,11.0,1.0,2.0,8.0,237.57,0
1.0,1,3,11.0,3,1,2.0,3,2,5,2,1,0,18.0,1.0,1.0,3.0,184.63,0
17.0,0,1,11.0,4,1,3.0,4,3,3,2,4,0,14.0,0.0,1.0,3.0,131.62,0
26.0,1,1,8.0,3,1,2.0,2,1,4,2,5,0,12.0,1.0,8.0,8.0,265.98,0
22.0,1,1,11.0,1,1,3.0,3,2,3,0,3,0,14.0,0.0,1.0,2.0,166.51,0
13.0,2,1,14.0,0,1,3.0,3,3,3,1,3,0,14.0,0.0,1.0,2.0,123.44999999999999,0
17.0,2,1,26.0,4,1,2.0,3,3,4,2,2,0,13.0,1.0,1.0,3.0,134.2,0
6.0,0,3,13.0,3,1,2.0,3,2,5,0,1,0,14.0,0.0,1.0,3.0,143.73,0
7.0,2,3,9.0,6,1,2.0,5,2,5,2,4,0,18.0,2.0,3.0,11.0,147.59,0
3.0,1,3,22.0,4,1,3.0,3,2,3,0,9,0,15.0,0.0,2.0,2.0,153.01,0
15.0,0,1,15.0,3,0,3.0,3,4,1,2,2,0,13.0,4.0,5.0,8.0,136.73,0
17.0,0,3,6.0,5,0,3.0,3,2,3,0,8,0,12.0,1.0,1.0,0.0,147.68,0
9.0,0,1,13.0,2,1,3.0,3,4,3,1,2,0,13.0,0.0,1.0,0.0,123.02000000000001,0
27.0,2,1,6.0,4,1,3.0,2,2,3,0,1,0,23.0,1.0,2.0,8.0,149.0,0
22.0,1,1,13.0,4,1,2.0,3,0,4,1,4,0,14.0,0.0,1.0,7.0,204.66,0
7.0,0,1,21.0,3,1,3.0,3,1,5,1,8,0,14.0,1.0,6.0,9.0,270.07,0
0.0,0,3,6.0,1,1,3.0,3,3,3,0,4,0,15.0,1.0,1.0,2.0,129.09,1
0.0,0,3,19.0,1,0,2.0,3,2,4,2,6,0,11.0,0.0,1.0,0.0,157.65,1
0.0,2,3,30.0,3,0,2.0,4,2,4,2,1,1,23.0,2.0,9.0,10.0,145.99,1
8.0,2,3,14.0,4,1,3.0,3,3,3,0,2,0,13.0,1.0,1.0,0.0,124.03999999999999,0
0.0,0,1,15.0,0,1,2.0,3,3,5,2,3,1,11.0,0.0,1.0,0.0,131.72,1
9.0,0,3,19.0,4,0,3.0,3,3,4,0,2,0,13.0,0.0,1.0,0.0,123.02000000000001,0
17.0,0,1,8.0,3,1,2.0,3,0,3,2,6,1,18.0,0.0,2.0,2.0,202.09,0
2.0,1,3,25.0,4,1,3.0,4,2,3,1,2,0,14.0,1.0,1.0,4.0,186.2,0
9.0,2,2,6.0,4,1,2.0,3,3,3,1,1,0,21.0,0.0,1.0,3.0,123.02000000000001,0
27.0,2,1,10.0,4,1,2.0,3,2,3,0,1,1,16.0,0.0,1.0,2.0,140.35,0
6.0,2,1,10.0,3,0,2.0,4,4,4,0,9,0,11.0,0.0,1.0,2.0,138.38,0
20.0,2,3,20.0,3,0,3.0,3,2,3,0,4,1,17.0,1.0,1.0,2.0,145.91,0
0.0,0,1,14.0,0,1,2.0,4,3,5,2,8,0,11.0,0.0,1.0,0.0,125.61000000000001,1
9.0,1,1,6.0,4,1,3.0,4,4,3,1,2,0,14.0,0.0,1.0,0.0,123.02000000000001,0
1.0,0,3,13.0,4,1,2.0,3,2,5,2,1,0,14.0,1.0,1.0,3.0,148.98,0
22.0,2,1,9.0,3,0,2.0,4,2,5,0,5,0,23.0,1.0,1.0,2.0,147.89,0
2.0,0,1,8.0,4,0,3.0,3,3,4,0,1,0,13.0,0.0,1.0,2.0,131.8,0
1.0,1,1,32.0,4,1,3.0,5,2,4,0,2,0,14.0,1.0,1.0,7.0,165.49,0
6.0,1,1,14.0,4,1,3.0,3,2,3,2,3,1,17.0,0.0,1.0,0.0,163.88,0
5.0,1,1,16.0,3,1,2.0,3,0,1,2,3,0,23.0,0.0,1.0,3.0,212.44,0
27.0,0,1,17.0,3,0,2.0,3,1,1,1,4,0,20.0,1.0,2.0,11.0,260.32,0
0.0,2,1,14.0,1,1,3.0,4,3,5,2,7,0,13.0,0.0,1.0,7.0,123.62,1
17.0,1,1,32.0,4,1,2.0,3,1,5,0,4,0,13.0,1.0,9.0,11.0,263.28,0
12.0,1,1,12.0,4,0,2.0,3,0,4,2,5,0,18.0,0.0,2.0,2.0,183.76,0
19.0,1,3,9.0,4,0,2.0,3,1,4,0,9,0,12.0,1.0,5.0,1.0,266.06,0
8.0,1,1,22.0,4,0,3.0,4,0,4,2,2,0,19.0,1.0,3.0,3.0,186.06,0
9.0,2,1,26.0,4,1,3.0,3,2,3,2,1,0,14.0,1.0,1.0,2.0,123.02000000000001,0
9.0,1,1,15.0,4,1,2.0,3,3,5,2,4,0,14.0,1.0,1.0,0.0,123.02000000000001,1
7.0,1,3,6.0,1,1,3.0,4,0,3,0,2,1,14.0,6.0,8.0,6.0,170.83,0
0.0,0,1,9.0,4,0,2.0,3,4,3,2,2,0,12.0,6.0,7.0,7.0,140.84,1
23.0,0,1,28.0,3,1,2.0,5,1,1,2,2,1,13.0,6.0,2.0,9.0,244.11,0
9.0,2,3,13.0,1,1,2.0,3,3,3,1,1,1,23.0,0.0,5.0,7.0,123.08000000000001,0
15.0,2,1,8.0,3,1,3.0,4,4,4,1,5,0,14.0,1.0,1.0,0.0,148.41,0
10.0,2,1,19.0,3,1,2.0,3,2,1,1,2,0,17.0,0.0,3.0,7.0,142.85,0
2.0,1,1,14.0,6,0,2.0,5,2,5,1,4,0,13.0,0.0,1.0,7.0,197.15,0
6.0,2,1,31.0,4,1,2.0,4,2,4,2,2,0,13.0,0.0,1.0,2.0,143.2,0
9.0,2,1,32.0,2,1,3.0,3,3,1,1,5,0,20.0,1.0,1.0,3.0,123.02000000000001,0
15.0,0,1,8.0,4,1,2.0,3,0,1,1,3,1,14.0,6.0,9.0,9.0,201.24,0
13.0,1,3,15.0,3,1,2.0,3,2,5,1,1,0,12.0,2.0,7.0,1.0,154.73,0
6.0,1,1,32.0,4,1,3.0,3,2,3,1,2,1,12.0,1.0,5.0,7.0,152.07,0
13.0,1,2,12.0,3,1,2.0,3,1,1,2,2,1,21.0,1.0,7.0,7.0,264.37,0
9.0,2,1,27.0,1,1,2.0,4,3,5,1,1,0,14.0,0.0,1.0,0.0,123.02000000000001,0
13.0,0,1,14.0,4,1,3.0,3,2,1,1,4,1,18.0,2.0,2.0,2.0,140.69,0
18.0,1,1,6.0,1,1,3.0,3,0,4,1,2,0,12.0,6.0,7.0,7.0,174.41,0
8.0,2,3,14.0,4,0,3.0,4,3,3,1,1,0,23.0,2.0,4.0,2.0,124.30000000000001,0
5.0,1,1,11.0,4,0,3.0,4,2,4,1,4,0,12.0,1.0,2.0,5.0,158.78,0
9.0,2,3,14.0,4,1,3.0,3,3,1,2,4,1,21.0,0.0,1.0,2.0,126.44,0
21.0,1,3,22.0,4,0,3.0,3,2,3,1,9,0,14.0,1.0,7.0,7.0,164.39,0
2.0,2,1,14.0,4,1,3.0,2,3,3,1,7,0,18.0,1.0,1.0,0.0,124.50999999999999,0
6.0,1,3,14.0,4,1,2.0,3,2,5,1,3,0,13.0,2.0,2.0,2.0,163.92,0
0.0,1,3,6.0,4,1,3.0,4,2,5,1,2,0,11.0,3.0,6.0,7.0,197.14,1
11.0,0,2,16.0,6,1,3.0,3,2,3,1,4,0,11.0,0.0,1.0,2.0,160.77,0
8.0,2,1,14.0,0,1,3.0,4,3,5,2,2,0,19.0,0.0,1.0,2.0,124.5,0
3.0,1,3,32.0,1,1,2.0,3,0,4,1,4,0,12.0,0.0,1.0,3.0,192.5,0
9.0,2,1,8.0,4,0,3.0,3,3,5,1,2,1,12.0,1.0,1.0,0.0,123.02000000000001,1
16.0,1,1,8.0,2,0,3.0,4,0,1,1,1,0,16.0,1.0,1.0,9.0,201.69,1
1.0,2,1,8.0,3,1,2.0,3,2,4,1,5,0,11.0,0.0,1.0,4.0,148.55,1
5.0,0,1,6.0,1,1,3.0,3,2,5,1,5,0,14.0,1.0,1.0,2.0,140.87,0
21.0,2,1,14.0,6,0,3.0,3,3,5,1,9,0,12.0,6.0,7.0,6.0,123.66999999999999,0
7.0,2,1,13.0,0,1,3.0,3,3,1,2,2,0,13.0,0.0,1.0,0.0,129.72,0
27.0,1,3,32.0,5,1,2.0,4,5,1,1,2,0,15.0,2.0,2.0,11.0,291.97,0
7.0,1,1,6.0,4,1,2.0,3,2,1,1,10,0,17.0,1.0,2.0,1.0,154.84,0
9.0,2,1,9.0,4,0,2.0,3,3,1,1,2,0,21.0,1.0,1.0,0.0,123.02000000000001,0
11.0,1,3,20.0,4,1,3.0,3,2,4,1,1,0,11.0,5.0,7.0,7.0,199.24,0
11.0,2,3,22.0,4,0,2.0,3,2,4,2,3,0,12.0,0.0,1.0,2.0,141.98,0
9.0,1,3,6.0,4,0,3.0,3,2,3,2,7,0,13.0,1.0,1.0,0.0,168.15,0
2.0,2,1,9.0,3,1,2.0,3,4,5,2,2,1,18.0,0.0,1.0,5.0,147.23,0
8.0,1,1,16.0,3,0,2.0,3,2,3,2,4,1,16.0,1.0,1.0,4.0,161.42,0
12.0,1,3,12.0,3,1,2.0,2,0,3,1,3,0,11.0,4.0,7.0,6.0,182.37,0
2.0,0,1,8.0,4,1,2.0,3,2,1,1,2,0,19.0,0.0,1.0,3.0,188.53,0
23.0,1,3,6.0,5,1,2.0,3,5,3,1,5,1,15.0,0.0,1.0,0.0,291.97,0
9.0,2,1,16.0,2,1,2.0,2,3,3,1,3,0,16.0,2.0,2.0,2.0,123.02000000000001,0
9.0,0,1,12.0,4,1,3.0,2,2,5,1,4,1,13.0,1.0,1.0,2.0,155.62,0
15.0,1,1,15.0,6,1,3.0,4,5,1,2,9,0,15.0,1.0,1.0,1.0,291.97,0
8.0,2,1,32.0,4,1,2.0,2,2,3,1,2,0,17.0,5.0,6.0,8.0,134.07,0
7.0,0,1,16.0,1,1,3.0,4,2,3,1,2,0,14.0,2.0,7.0,7.0,150.63,0
13.0,2,3,20.0,4,0,2.0,3,2,5,1,2,0,15.0,0.0,1.0,2.0,146.39,0
16.0,2,1,32.0,1,1,2.0,2,4,4,1,6,0,12.0,1.0,1.0,2.0,148.76,0
8.0,2,1,13.0,4,1,3.0,4,3,1,1,2,0,18.0,1.0,1.0,1.0,126.9,0
19.0,1,3,6.0,4,1,2.0,2,1,5,2,2,0,15.0,1.0,1.0,11.0,275.67,0
0.0,2,1,14.0,0,1,2.0,3,3,4,1,2,1,17.0,0.0,1.0,0.0,124.08000000000001,1
0.0,0,1,32.0,6,0,3.0,4,3,3,1,2,1,14.0,0.0,1.0,3.0,128.14,0
23.0,0,1,26.0,3,1,2.0,3,1,3,1,3,1,15.0,3.0,9.0,3.0,212.45,0
5.0,2,1,11.0,6,0,2.0,2,3,1,1,4,0,17.0,1.0,1.0,2.0,133.12,0
17.0,1,1,13.0,3,0,2.0,3,5,1,1,1,1,14.0,1.0,1.0,10.0,290.49,0
9.0,2,1,13.0,0,1,2.0,4,3,4,1,2,0,12.0,0.0,1.0,1.0,123.02000000000001,0
18.0,1,1,11.0,3,0,2.0,5,2,5,2,2,1,14.0,1.0,1.0,4.0,157.69,0
18.0,0,3,32.0,5,1,2.0,4,2,5,1,2,0,15.0,0.0,4.0,5.0,143.85,0
4.0,0,3,8.0,6,1,2.0,3,2,5,2,8,0,13.0,0.0,1.0,3.0,153.32,0
9.0,2,1,18.0,4,0,3.0,3,2,3,1,10,1,12.0,0.0,1.0,1.0,146.63,0
7.0,0,1,16.0,4,1,2.0,2,2,1,1,2,0,13.0,5.0,7.0,2.0,147.24,0
22.0,2,1,31.0,4,0,2.0,3,3,5,1,2,0,14.0,0.0,1.0,4.0,132.11,0
12.0,1,1,16.0,3,1,3.0,3,2,5,1,3,0,13.0,4.0,7.0,7.0,153.77,0
0.0,2,1,25.0,6,1,3.0,4,4,5,1,2,0,11.0,0.0,1.0,7.0,140.66,0
8.0,1,1,24.0,4,1,2.0,2,2,5,1,2,0,11.0,0.0,1.0,10.0,152.08,0
1.0,1,1,32.0,3,0,2.0,5,2,5,1,1,0,21.0,1.0,1.0,0.0,123.02000000000001,0
0.0,2,1,11.0,0,1,3.0,3,3,1,2,2,0,18.0,1.0,2.0,2.0,131.17,0
9.0,0,3,9.0,3,0,3.0,3,4,1,2,2,1,12.0,0.0,1.0,0.0,123.02000000000001,1
20.0,1,2,32.0,4,0,3.0,3,5,3,1,4,0,15.0,1.0,1.0,0.0,291.97,0
12.0,2,1,9.0,0,1,3.0,4,2,3,1,1,0,15.0,0.0,1.0,7.0,130.69,0
13.0,1,1,21.0,4,0,3.0,4,0,3,1,2,0,13.0,1.0,9.0,11.0,204.35,0
8.0,0,1,14.0,4,0,2.0,3,2,3,1,2,0,12.0,2.0,2.0,9.0,141.48,0
10.0,1,1,25.0,4,1,2.0,3,2,3,1,4,0,17.0,0.0,1.0,2.0,157.68,0
12.0,0,1,10.0,3,0,2.0,3,2,3,2,1,0,13.0,3.0,3.0,8.0,150.42,0
18.0,1,1,8.0,6,0,2.0,4,2,1,1,2,0,19.0,2.0,3.0,9.0,157.7,0
11.0,1,1,8.0,3,0,2.0,4,0,3,1,4,1,19.0,1.0,1.0,2.0,177.56,0
0.0,1,3,16.0,3,1,2.0,4,0,5,1,10,0,17.0,4.0,6.0,0.0,203.06,1
10.0,2,1,16.0,3,0,3.0,3,4,4,1,2,0,11.0,1.0,7.0,7.0,139.36,0
13.0,1,1,22.0,4,0,2.0,3,0,1,2,7,1,15.0,1.0,3.0,3.0,179.45,0
17.0,0,2,6.0,6,1,2.0,3,2,1,1,5,1,11.0,1.0,1.0,2.0,157.43,0
21.0,0,1,10.0,3,1,2.0,4,1,1,1,3,0,23.0,2.0,2.0,2.0,252.01999999999998,0
0.0,1,3,21.0,3,1,2.0,5,2,1,1,7,1,14.0,1.0,2.0,2.0,154.4,1
0.0,0,1,8.0,1,0,2.0,3,4,1,2,2,1,13.0,1.0,1.0,3.0,137.6,0
0.0,2,1,14.0,3,0,2.0,2,3,3,1,8,0,17.0,0.0,1.0,2.0,135.17,0
0.0,0,1,14.0,0,1,2.0,3,3,1,2,3,0,13.0,0.0,1.0,2.0,125.80000000000001,0
9.0,2,1,13.0,4,1,3.0,3,3,5,2,4,1,14.0,0.0,1.0,3.0,123.02000000000001,1
2.0,1,3,16.0,3,1,2.0,4,2,3,2,10,0,11.0,1.0,1.0,4.0,158.69,0
9.0,1,1,11.0,4,0,2.0,3,0,5,1,5,0,12.0,1.0,1.0,2.0,180.08,0
0.0,0,1,8.0,4,1,3.0,2,2,3,1,2,0,17.0,0.0,1.0,7.0,152.06,0
12.0,1,1,18.0,3,1,3.0,3,2,4,1,5,0,21.0,1.0,1.0,0.0,152.95,0
22.0,1,1,28.0,6,0,3.0,3,1,4,1,4,0,16.0,1.0,1.0,2.0,264.13,0
23.0,1,1,23.0,4,0,2.0,4,0,5,1,6,0,15.0,1.0,2.0,11.0,232.69,0
0.0,2,3,8.0,0,0,3.0,3,3,3,2,2,0,19.0,0.0,2.0,2.0,127.83000000000001,0
7.0,1,1,9.0,4,0,3.0,3,2,4,1,2,0,12.0,6.0,7.0,9.0,154.33,0
9.0,1,1,13.0,4,1,3.0,3,3,4,2,3,0,11.0,0.0,1.0,3.0,123.02000000000001,0
22.0,1,1,12.0,4,0,2.0,4,1,3,1,3,1,19.0,1.0,2.0,11.0,239.66000000000003,0
9.0,0,1,6.0,3,0,2.0,4,2,3,1,1,0,15.0,1.0,1.0,2.0,143.74,0
9.0,1,1,9.0,4,1,3.0,2,2,5,1,7,0,20.0,1.0,1.0,4.0,168.42,0
27.0,1,1,28.0,3,0,3.0,3,1,3,1,4,0,23.0,1.0,4.0,7.0,274.26,0
16.0,1,1,21.0,4,1,3.0,4,1,3,1,2,0,23.0,1.0,6.0,11.0,276.03,0
0.0,0,3,18.0,6,1,2.0,3,2,1,2,4,1,23.0,3.0,6.0,7.0,145.81,1
11.0,0,1,6.0,4,1,2.0,3,2,1,1,8,0,15.0,2.0,2.0,9.0,147.35,0
2.0,2,3,11.0,3,1,2.0,4,2,4,1,2,1,13.0,0.0,1.0,9.0,141.87,0
6.0,1,3,8.0,3,1,3.0,3,2,1,1,2,0,14.0,1.0,1.0,4.0,155.05,0
5.0,1,1,8.0,3,1,2.0,3,2,4,1,1,0,13.0,0.0,1.0,6.0,154.7,0
4.0,1,3,11.0,4,0,3.0,3,2,1,1,2,0,11.0,0.0,1.0,2.0,154.76,0
22.0,2,1,14.0,0,0,3.0,3,3,5,1,5,1,16.0,1.0,2.0,2.0,125.87,0
11.0,0,1,14.0,0,0,2.0,4,3,4,2,2,0,22.0,1.0,3.0,3.0,124.4,0
20.0,1,3,8.0,4,0,2.0,2,1,4,1,7,0,14.0,0.0,2.0,2.0,259.72,0
22.0,1,1,6.0,4,1,2.0,3,1,3,2,5,0,14.0,1.0,2.0,0.0,253.79000000000002,0
14.0,1,3,29.0,4,1,3.0,3,0,3,2,4,1,16.0,0.0,1.0,2.0,170.82,0
0.0,2,3,15.0,4,1,3.0,3,3,5,2,2,0,11.0,0.0,1.0,2.0,127.28,0
6.0,0,3,22.0,4,0,2.0,3,2,1,1,2,1,23.0,0.0,1.0,2.0,153.68,0
9.0,1,1,32.0,4,1,3.0,3,2,3,1,7,0,14.0,1.0,1.0,2.0,153.47,0
17.0,2,2,6.0,4,0,2.0,3,3,1,1,5,1,18.0,2.0,2.0,2.0,131.95,0
0.0,2,1,14.0,3,1,3.0,4,4,3,2,2,1,11.0,1.0,1.0,2.0,139.89,1
11.0,2,1,10.0,0,0,2.0,3,3,3,1,8,0,19.0,0.0,1.0,0.0,133.06,0
26.0,1,1,30.0,3,1,2.0,2,0,1,1,4,0,15.0,0.0,1.0,2.0,170.05,0
11.0,0,3,14.0,0,0,3.0,3,3,3,1,3,1,11.0,4.0,7.0,7.0,126.55000000000001,1
9.0,1,1,8.0,4,1,3.0,3,4,4,2,2,0,12.0,1.0,1.0,0.0,123.02000000000001,1
0.0,0,1,14.0,0,1,3.0,3,3,1,2,2,0,20.0,5.0,5.0,7.0,125.69999999999999,0
27.0,2,1,28.0,1,1,3.0,4,3,4,1,6,0,12.0,1.0,1.0,2.0,135.37,0
7.0,2,1,11.0,3,1,2.0,4,2,1,1,2,0,14.0,4.0,4.0,11.0,139.86,0
27.0,1,1,6.0,3,1,3.0,5,0,1,1,4,0,20.0,0.0,1.0,0.0,208.82999999999998,0
9.0,2,1,27.0,0,1,3.0,2,3,4,1,2,0,18.0,2.0,2.0,11.0,123.02000000000001,0
10.0,0,3,6.0,3,1,2.0,5,2,1,1,2,0,14.0,0.0,1.0,3.0,195.25,0
7.0,2,1,25.0,4,0,3.0,4,3,1,1,2,0,12.0,3.0,8.0,7.0,129.29,0
9.0,2,3,13.0,4,1,2.0,3,3,1,1,2,1,21.0,1.0,1.0,2.0,123.02000000000001,1
17.0,1,1,8.0,4,0,3.0,2,0,1,1,2,1,19.0,6.0,6.0,7.0,178.79,0
8.0,0,1,8.0,3,1,3.0,4,4,1,2,1,1,14.0,1.0,1.0,4.0,149.3,0
16.0,1,3,8.0,3,1,3.0,3,2,1,1,2,1,17.0,0.0,8.0,8.0,178.47,0
0.0,2,1,15.0,3,1,3.0,2,4,3,1,2,0,16.0,0.0,1.0,4.0,144.01,0
14.0,1,3,12.0,5,1,2.0,3,0,3,2,2,0,12.0,6.0,8.0,7.0,192.41,0
2.0,2,1,15.0,0,0,3.0,3,3,3,1,10,0,17.0,1.0,1.0,2.0,129.74,0
9.0,2,3,8.0,4,0,2.0,3,2,1,2,4,0,15.0,3.0,6.0,7.0,145.02,0
18.0,0,1,6.0,4,1,3.0,4,0,3,1,4,0,23.0,3.0,9.0,4.0,207.48000000000002,0
9.0,1,2,28.0,6,1,2.0,5,4,3,1,2,0,11.0,0.0,1.0,0.0,123.02000000000001,1
10.0,0,3,15.0,4,1,2.0,5,1,3,1,8,0,11.0,1.0,9.0,3.0,229.36,1
9.0,2,1,23.0,0,1,3.0,5,3,3,1,2,0,15.0,0.0,1.0,2.0,123.05000000000001,0
18.0,1,1,32.0,2,0,2.0,4,1,4,2,2,0,11.0,1.0,8.0,6.0,267.04,0
5.0,0,1,16.0,4,1,2.0,3,3,3,1,7,0,13.0,0.0,1.0,3.0,134.33,0
4.0,2,1,8.0,4,1,3.0,3,3,3,1,2,0,14.0,0.0,1.0,3.0,134.77,0
14.0,0,2,10.0,6,1,2.0,5,2,4,1,7,0,19.0,0.0,1.0,2.0,164.3,0
13.0,1,1,14.0,4,0,3.0,3,2,5,1,3,1,16.0,0.0,1.0,0.0,165.16,0
0.0,2,1,32.0,3,1,3.0,3,4,5,1,2,0,13.0,1.0,1.0,2.0,139.07,0
19.0,1,1,19.0,4,1,2.0,3,2,4,2,7,0,14.0,1.0,1.0,9.0,155.62,0
8.0,1,1,32.0,4,1,2.0,3,2,3,1,3,0,16.0,0.0,1.0,7.0,168.83,0
3.0,2,1,22.0,4,1,3.0,3,3,1,1,2,0,12.0,0.0,1.0,8.0,128.62,0
20.0,0,3,8.0,5,1,2.0,3,2,4,1,8,0,11.0,0.0,1.0,0.0,149.78,0
19.0,1,3,8.0,4,1,3.0,3,0,1,1,5,1,12.0,0.0,1.0,3.0,203.68,0
0.0,1,3,19.0,5,1,3.0,4,2,5,1,6,1,13.0,2.0,2.0,2.0,161.34,1
0.0,1,3,6.0,4,1,2.0,5,2,4,2,7,0,15.0,0.0,1.0,0.0,167.35,1
0.0,2,1,10.0,0,0,2.0,3,3,4,2,2,0,13.0,1.0,1.0,2.0,132.95,0
4.0,0,1,30.0,1,0,2.0,3,2,1,2,3,0,20.0,1.0,1.0,4.0,152.38,0
12.0,0,1,6.0,4,1,3.0,3,2,1,1,2,1,15.0,3.0,5.0,8.0,164.72,0
5.0,1,3,25.0,4,1,3.0,5,0,3,1,4,0,13.0,1.0,1.0,2.0,196.1,0
13.0,1,3,13.0,3,1,2.0,3,5,4,2,2,0,15.0,1.0,9.0,8.0,291.97,0
18.0,1,2,10.0,4,0,2.0,5,0,3,1,5,0,21.0,1.0,1.0,3.0,197.56,0
3.0,0,1,8.0,1,0,3.0,4,4,5,2,1,0,16.0,0.0,1.0,7.0,149.68,0
9.0,0,2,16.0,0,1,2.0,3,3,1,1,1,0,14.0,1.0,2.0,1.0,123.02000000000001,0
9.0,0,2,14.0,6,0,3.0,4,3,1,1,7,0,11.0,1.0,1.0,2.0,123.02000000000001,1
4.0,1,3,11.0,1,1,2.0,3,2,3,1,2,0,19.0,0.0,1.0,2.0,183.46,0
0.0,2,1,14.0,0,0,3.0,3,3,1,2,2,0,11.0,1.0,1.0,4.0,134.45,0
0.0,2,3,15.0,5,0,3.0,5,3,4,2,2,0,13.0,1.0,2.0,2.0,127.6,1
2.0,0,1,6.0,4,1,3.0,2,2,3,2,9,1,12.0,0.0,1.0,2.0,162.94,0
3.0,1,3,21.0,5,1,3.0,4,0,5,1,3,0,11.0,0.0,1.0,7.0,171.4,0
7.0,2,1,8.0,0,1,3.0,2,3,1,1,1,1,14.0,0.0,1.0,2.0,129.32,0
6.0,0,3,8.0,5,0,3.0,3,2,4,2,9,0,15.0,0.0,1.0,7.0,151.47,0
22.0,2,3,17.0,5,0,3.0,3,2,1,2,4,0,12.0,0.0,1.0,4.0,145.07,0
0.0,1,3,22.0,4,0,3.0,3,0,5,2,3,1,20.0,0.0,1.0,0.0,185.64,1
11.0,0,1,14.0,0,0,3.0,4,3,4,1,5,0,14.0,0.0,1.0,5.0,124.68,0
0.0,1,3,22.0,5,1,3.0,3,0,3,1,3,0,13.0,1.0,1.0,0.0,181.61,1
9.0,2,1,10.0,2,0,3.0,4,3,5,1,2,0,13.0,0.0,1.0,0.0,123.02000000000001,0
0.0,1,1,22.0,4,1,2.0,2,2,3,1,4,0,16.0,1.0,1.0,7.0,152.94,0
5.0,0,1,11.0,1,1,3.0,3,3,4,2,3,0,14.0,1.0,1.0,7.0,127.18,0
11.0,1,1,24.0,3,1,2.0,5,2,1,1,4,1,16.0,0.0,1.0,0.0,158.11,0
6.0,0,1,14.0,1,1,2.0,4,3,3,1,10,1,16.0,1.0,1.0,0.0,124.37,1
15.0,2,1,18.0,0,1,3.0,3,3,4,1,9,0,22.0,1.0,1.0,4.0,127.66,0
27.0,1,1,8.0,3,1,2.0,4,5,5,1,9,0,12.0,1.0,1.0,0.0,290.38,0
6.0,0,1,10.0,1,1,3.0,3,2,4,1,6,0,15.0,0.0,1.0,7.0,130.55,0
9.0,2,1,15.0,4,1,3.0,3,3,5,1,2,0,20.0,1.0,1.0,4.0,123.02000000000001,0
7.0,0,3,16.0,4,1,2.0,3,2,3,1,2,1,14.0,1.0,1.0,7.0,140.01,0
26.0,0,1,6.0,3,0,2.0,4,1,3,1,5,1,20.0,0.0,1.0,3.0,229.64999999999998,0
16.0,2,2,8.0,4,1,3.0,3,3,1,2,1,0,13.0,0.0,1.0,8.0,135.39,0
7.0,1,3,9.0,4,0,2.0,5,2,1,2,6,0,12.0,1.0,2.0,2.0,160.29,0
0.0,2,3,13.0,5,1,3.0,3,3,4,2,2,0,13.0,1.0,1.0,0.0,126.78999999999999,1
11.0,2,1,12.0,6,0,2.0,4,4,3,1,2,0,11.0,0.0,1.0,4.0,137.02,0
0.0,2,1,14.0,0,0,3.0,3,3,5,1,2,1,17.0,0.0,1.0,0.0,123.97999999999999,1
4.0,1,3,32.0,5,0,3.0,4,2,1,1,2,0,14.0,2.0,5.0,7.0,154.68,0
24.0,1,1,9.0,2,0,2.0,3,0,3,1,3,0,11.0,2.0,2.0,3.0,231.16000000000003,0
10.0,2,3,15.0,5,1,2.0,4,2,4,1,2,0,14.0,0.0,1.0,3.0,141.89,0
19.0,1,1,8.0,3,1,2.0,3,5,1,1,8,1,15.0,1.0,2.0,2.0,291.97,0
9.0,1,1,16.0,4,1,2.0,3,0,5,1,8,1,13.0,1.0,5.0,7.0,183.21,0
7.0,0,1,14.0,0,1,2.0,3,3,4,1,2,1,12.0,1.0,2.0,3.0,123.41999999999999,1
10.0,2,2,14.0,6,1,2.0,3,2,4,1,3,0,13.0,4.0,4.0,7.0,140.71,0
0.0,1,3,32.0,4,1,2.0,3,2,1,2,2,1,18.0,0.0,7.0,7.0,158.13,1
6.0,2,1,14.0,4,1,3.0,2,3,5,1,7,0,19.0,6.0,7.0,6.0,131.43,0
9.0,2,1,6.0,4,1,2.0,3,3,1,1,2,0,11.0,0.0,1.0,3.0,123.02000000000001,0
12.0,1,1,16.0,3,1,3.0,3,0,3,2,8,0,21.0,2.0,2.0,2.0,234.64,0
19.0,0,3,32.0,4,1,3.0,4,2,4,2,9,0,15.0,2.0,2.0,2.0,179.91,0
13.0,2,1,8.0,4,0,2.0,3,3,5,1,5,0,17.0,1.0,1.0,2.0,133.77,0
15.0,1,1,19.0,3,1,3.0,2,2,5,1,6,0,18.0,1.0,1.0,0.0,155.38,0
8.0,0,1,8.0,3,1,2.0,3,2,1,1,3,0,14.0,0.0,1.0,7.0,157.62,0
11.0,0,2,14.0,6,1,3.0,3,3,4,1,6,0,13.0,3.0,3.0,8.0,125.91999999999999,0
0.0,0,1,15.0,4,1,3.0,3,2,5,1,5,0,17.0,0.0,1.0,7.0,153.46,1
0.0,2,1,16.0,3,1,2.0,3,2,5,2,2,0,15.0,0.0,1.0,8.0,142.13,1
12.0,0,3,26.0,4,1,2.0,3,2,1,1,3,0,18.0,1.0,2.0,2.0,141.27,0
16.0,0,1,14.0,4,1,2.0,3,3,3,2,5,0,13.0,0.0,1.0,2.0,124.38,0
14.0,1,1,11.0,4,1,2.0,2,2,4,2,4,0,12.0,1.0,1.0,2.0,168.7,0
14.0,1,3,10.0,5,0,2.0,3,0,3,1,1,1,13.0,0.0,9.0,5.0,204.47,0
3.0,1,1,16.0,3,0,3.0,3,0,3,2,10,0,14.0,0.0,1.0,2.0,196.67,0
9.0,2,2,26.0,0,0,3.0,3,3,4,1,1,1,11.0,0.0,1.0,4.0,123.02000000000001,1
9.0,1,1,27.0,3,0,3.0,3,2,4,1,5,0,22.0,1.0,3.0,7.0,189.26,1
13.0,1,1,6.0,4,0,2.0,3,2,1,1,5,0,17.0,0.0,1.0,3.0,165.13,0
7.0,1,3,14.0,1,1,3.0,2,2,3,1,2,0,21.0,0.0,4.0,8.0,167.99,0
27.0,0,3,8.0,3,1,2.0,3,1,4,1,5,0,22.0,6.0,9.0,11.0,123.02000000000001,0
8.0,2,1,29.0,0,1,3.0,5,3,3,1,1,0,16.0,1.0,1.0,3.0,127.05000000000001,0
20.0,1,1,10.0,4,0,3.0,4,0,4,1,9,1,12.0,2.0,9.0,10.0,203.33,0
13.0,2,1,18.0,4,0,2.0,3,2,5,1,3,0,12.0,6.0,7.0,7.0,144.48,0
27.0,1,1,13.0,3,0,3.0,3,2,1,1,5,0,15.0,1.0,1.0,7.0,168.54,0
4.0,0,3,13.0,5,0,3.0,3,0,5,1,3,0,14.0,2.0,2.0,2.0,196.37,0
1.0,2,1,6.0,3,0,3.0,3,4,5,1,2,0,23.0,1.0,1.0,2.0,135.91,0
11.0,1,3,8.0,5,0,3.0,5,2,1,1,3,1,20.0,0.0,1.0,3.0,154.05,0
0.0,2,3,16.0,3,1,2.0,3,2,1,2,2,0,13.0,0.0,1.0,2.0,146.84,0
27.0,0,1,21.0,4,1,2.0,3,1,3,1,3,1,14.0,1.0,2.0,2.0,257.87,0
9.0,0,1,20.0,3,0,2.0,3,4,3,2,2,0,16.0,1.0,1.0,0.0,123.02000000000001,0
0.0,2,2,24.0,6,1,3.0,2,3,5,1,1,0,17.0,1.0,1.0,0.0,129.56,1
0.0,2,2,14.0,6,1,2.0,4,3,5,1,5,1,15.0,1.0,2.0,0.0,123.35,1
18.0,0,3,8.0,4,0,3.0,3,2,3,1,5,0,22.0,3.0,5.0,7.0,151.54,0
9.0,1,1,8.0,6,0,3.0,3,2,4,1,5,1,22.0,0.0,1.0,0.0,169.62,0
16.0,0,3,8.0,4,1,3.0,3,2,1,1,2,0,20.0,5.0,7.0,7.0,156.75,0
0.0,0,1,14.0,4,0,2.0,3,3,1,2,1,1,14.0,1.0,1.0,2.0,123.78999999999999,0
2.0,0,1,26.0,3,1,2.0,3,4,1,1,2,0,13.0,1.0,3.0,10.0,138.12,0
5.0,0,3,16.0,5,1,3.0,3,2,1,2,9,0,13.0,1.0,1.0,0.0,146.48,0
15.0,0,1,16.0,1,1,3.0,3,3,3,1,4,0,22.0,1.0,3.0,3.0,129.36,0
9.0,2,1,15.0,4,0,3.0,3,3,3,2,5,0,12.0,1.0,2.0,0.0,123.02000000000001,0
19.0,1,1,8.0,4,1,2.0,3,0,1,1,4,0,14.0,1.0,4.0,7.0,185.78,0
1.0,0,2,6.0,4,1,3.0,3,3,1,1,2,0,15.0,0.0,2.0,2.0,127.06,0
2.0,1,1,32.0,4,1,3.0,5,2,3,1,9,0,17.0,1.0,1.0,6.0,163.84,0
15.0,2,1,14.0,4,1,2.0,3,4,3,2,5,0,13.0,1.0,1.0,0.0,139.68,0
0.0,1,3,8.0,5,1,2.0,4,2,4,2,8,1,12.0,2.0,2.0,2.0,199.07,1
19.0,1,3,9.0,2,0,2.0,2,1,5,1,3,0,12.0,1.0,2.0,8.0,232.25,0
0.0,2,3,29.0,3,0,2.0,4,2,3,1,2,0,21.0,4.0,5.0,8.0,135.4,0
2.0,2,2,12.0,0,1,3.0,4,3,4,1,2,0,11.0,1.0,1.0,0.0,128.04,0
16.0,1,1,12.0,3,0,2.0,4,5,3,1,8,0,15.0,3.0,6.0,11.0,291.97,0
21.0,1,1,16.0,4,1,3.0,4,5,4,1,5,0,15.0,3.0,9.0,9.0,291.97,0
0.0,0,1,14.0,4,1,3.0,4,3,1,2,2,1,23.0,1.0,1.0,0.0,124.38999999999999,1
9.0,1,3,16.0,4,0,3.0,3,0,4,1,6,0,21.0,0.0,1.0,7.0,173.14,1
0.0,0,1,21.0,4,0,3.0,4,4,5,1,1,0,19.0,6.0,7.0,3.0,147.74,0
12.0,2,1,25.0,6,1,2.0,3,2,1,1,9,0,14.0,1.0,2.0,2.0,139.02,0
27.0,2,1,8.0,1,1,3.0,4,3,1,1,9,0,20.0,0.0,1.0,4.0,126.62,0
1.0,2,3,9.0,0,0,3.0,3,3,4,1,2,0,19.0,1.0,1.0,0.0,128.56,0
0.0,1,3,15.0,3,1,2.0,3,4,1,2,2,0,13.0,0.0,1.0,0.0,123.02000000000001,1
0.0,2,1,14.0,4,1,3.0,3,3,4,2,2,1,23.0,1.0,1.0,0.0,124.72,1
9.0,1,3,16.0,1,0,3.0,4,2,3,1,2,1,13.0,1.0,1.0,7.0,156.73,0
4.0,2,1,26.0,4,1,2.0,3,2,3,1,2,0,11.0,0.0,1.0,2.0,141.97,0
7.0,1,3,10.0,4,1,3.0,3,0,1,1,3,1,13.0,0.0,1.0,0.0,197.13,0
9.0,2,1,13.0,4,1,2.0,3,3,5,2,4,0,14.0,0.0,1.0,2.0,123.02000000000001,0
10.0,2,1,13.0,3,1,3.0,3,2,5,1,6,1,22.0,0.0,1.0,4.0,142.84,0
8.0,2,1,22.0,6,0,2.0,4,2,4,1,1,1,11.0,1.0,1.0,2.0,147.88,0
18.0,1,1,31.0,4,0,3.0,4,2,1,1,1,0,13.0,0.0,3.0,8.0,159.06,0
9.0,0,2,8.0,6,1,3.0,4,2,1,2,2,0,21.0,1.0,1.0,8.0,138.86,0
13.0,1,1,6.0,4,1,3.0,3,1,5,1,3,0,11.0,1.0,9.0,11.0,268.23,0
0.0,2,1,6.0,4,0,3.0,4,3,3,1,2,1,13.0,0.0,1.0,0.0,129.33,0
0.0,1,3,8.0,3,0,2.0,2,2,3,2,1,0,14.0,0.0,1.0,7.0,165.0,0
21.0,0,1,28.0,3,0,2.0,3,1,1,1,4,0,11.0,1.0,4.0,7.0,271.74,0
17.0,1,1,6.0,4,1,3.0,2,2,5,1,3,0,15.0,2.0,2.0,2.0,150.33,0
9.0,0,1,22.0,1,1,2.0,5,3,5,1,2,1,23.0,3.0,3.0,0.0,123.07,1
19.0,2,1,14.0,4,1,3.0,3,3,1,2,2,0,16.0,0.0,1.0,0.0,125.87,1
9.0,1,3,23.0,5,1,2.0,4,2,4,1,3,0,16.0,1.0,1.0,3.0,155.07,0
14.0,2,3,14.0,5,0,2.0,3,2,4,1,6,0,21.0,1.0,1.0,4.0,143.93,0
15.0,1,1,12.0,3,1,2.0,3,0,5,1,10,0,13.0,3.0,2.0,7.0,233.48000000000002,0
4.0,1,3,16.0,3,0,2.0,3,2,1,1,3,1,11.0,0.0,1.0,4.0,165.83,0
7.0,1,3,9.0,3,0,3.0,4,2,1,1,4,1,12.0,0.0,1.0,1.0,181.03,0
4.0,2,1,10.0,3,0,3.0,2,4,3,1,9,0,12.0,2.0,2.0,2.0,139.78,0
0.0,0,1,14.0,6,1,3.0,2,3,1,1,1,0,18.0,2.0,7.0,7.0,125.44,0
18.0,0,1,6.0,3,1,2.0,3,2,3,2,5,0,12.0,1.0,1.0,3.0,153.99,0
6.0,1,3,16.0,5,1,2.0,3,2,3,2,2,0,14.0,0.0,1.0,9.0,154.87,0
1.0,0,3,6.0,4,1,2.0,4,2,1,1,2,1,12.0,0.0,1.0,7.0,168.34,0
0.0,0,3,30.0,2,1,2.0,2,4,5,2,2,0,17.0,1.0,1.0,0.0,123.02000000000001,1
12.0,0,3,27.0,4,0,2.0,5,2,3,1,7,0,19.0,0.0,1.0,2.0,157.36,0
9.0,2,1,8.0,1,1,2.0,3,3,4,1,2,0,11.0,1.0,1.0,2.0,123.02000000000001,0
7.0,0,1,28.0,6,1,2.0,4,2,1,1,2,1,15.0,3.0,6.0,11.0,157.47,0
0.0,1,3,19.0,5,0,2.0,3,2,3,2,4,1,11.0,2.0,2.0,2.0,198.54,1
20.0,0,1,20.0,1,1,3.0,3,2,4,1,9,0,18.0,0.0,1.0,7.0,154.67,0
27.0,1,3,17.0,5,0,2.0,4,2,5,1,5,0,16.0,0.0,1.0,0.0,153.8,0
12.0,1,1,15.0,3,1,2.0,3,2,5,1,2,0,23.0,4.0,7.0,9.0,151.51,0
9.0,0,1,14.0,0,0,2.0,4,2,4,1,2,1,16.0,1.0,1.0,7.0,123.02000000000001,0
27.0,1,3,27.0,4,0,3.0,3,1,1,1,5,1,13.0,1.0,1.0,0.0,278.75,0
0.0,0,1,14.0,4,0,2.0,2,3,3,2,4,1,14.0,0.0,1.0,3.0,124.32,1
11.0,2,1,15.0,4,1,3.0,3,4,1,1,3,0,19.0,1.0,1.0,3.0,147.71,0
22.0,0,1,8.0,4,1,2.0,3,5,1,1,4,0,15.0,1.0,4.0,3.0,291.61,0
15.0,1,3,18.0,5,1,3.0,3,2,1,1,4,1,12.0,0.0,1.0,0.0,150.87,0
0.0,0,2,28.0,6,0,3.0,4,3,4,1,2,0,12.0,1.0,1.0,0.0,128.63,1
8.0,1,3,24.0,3,1,3.0,3,2,5,1,1,0,16.0,0.0,1.0,4.0,123.02000000000001,0
9.0,0,1,22.0,0,1,2.0,3,3,3,2,2,0,14.0,0.0,1.0,4.0,123.02000000000001,0
4.0,0,1,9.0,0,1,3.0,3,3,5,1,2,1,13.0,0.0,2.0,3.0,130.65,0
9.0,0,1,15.0,4,1,3.0,2,3,4,1,2,0,22.0,1.0,1.0,2.0,128.1,0
7.0,1,3,6.0,5,1,2.0,3,0,1,2,2,0,21.0,1.0,2.0,1.0,198.88,0
7.0,1,3,19.0,3,1,2.0,3,0,3,1,2,0,18.0,1.0,1.0,1.0,186.28,0
0.0,2,1,6.0,0,1,3.0,3,3,5,2,1,0,13.0,3.0,7.0,6.0,128.67,0
2.0,1,1,6.0,4,1,2.0,3,2,5,1,1,0,12.0,1.0,1.0,2.0,153.73,0
5.0,0,1,21.0,3,0,2.0,3,2,1,1,6,0,18.0,0.0,1.0,2.0,166.67,0
4.0,0,1,6.0,4,1,2.0,5,2,5,1,2,0,21.0,1.0,8.0,7.0,150.03,0
0.0,2,1,14.0,1,1,2.0,4,3,1,1,6,0,12.0,0.0,1.0,3.0,123.66999999999999,1
11.0,2,3,6.0,4,1,3.0,4,3,5,2,5,0,14.0,0.0,1.0,0.0,128.58,0
8.0,1,3,13.0,4,0,2.0,3,2,1,1,2,1,11.0,1.0,1.0,9.0,152.04,0
0.0,2,3,15.0,5,1,2.0,3,2,1,2,2,0,14.0,0.0,1.0,7.0,141.05,0
5.0,1,1,11.0,4,1,2.0,4,2,1,2,9,0,23.0,0.0,1.0,0.0,196.79,0
0.0,0,3,32.0,5,1,3.0,3,2,1,1,2,1,11.0,0.0,1.0,8.0,156.17,1
16.0,1,3,30.0,4,1,3.0,3,0,5,2,7,1,13.0,2.0,2.0,2.0,204.48,1
27.0,2,1,15.0,4,0,3.0,3,2,3,1,4,0,11.0,0.0,2.0,3.0,128.97,0
6.0,0,1,13.0,4,1,2.0,3,2,3,1,2,0,20.0,2.0,2.0,8.0,159.68,0
16.0,1,1,17.0,4,1,2.0,3,0,3,1,2,0,17.0,1.0,1.0,9.0,175.1,0
11.0,0,2,6.0,6,1,3.0,3,3,4,1,1,1,11.0,1.0,1.0,2.0,129.91,0
27.0,1,2,32.0,6,1,3.0,2,5,4,1,5,1,15.0,1.0,1.0,4.0,291.97,0
4.0,1,1,8.0,3,0,2.0,5,4,1,1,2,1,11.0,1.0,1.0,0.0,123.02000000000001,0
12.0,1,3,21.0,5,1,3.0,3,1,5,2,1,0,12.0,4.0,2.0,10.0,233.41000000000003,0
15.0,0,1,29.0,4,1,2.0,4,2,3,2,2,0,12.0,2.0,3.0,7.0,143.32,0
4.0,0,1,16.0,3,0,2.0,3,0,3,1,5,0,20.0,3.0,4.0,3.0,210.31,0
27.0,2,1,16.0,3,0,3.0,3,2,5,2,7,1,19.0,0.0,1.0,4.0,144.4,0
0.0,2,1,6.0,4,1,2.0,4,2,3,2,2,0,12.0,1.0,1.0,2.0,146.17,0
0.0,2,1,14.0,6,1,3.0,3,3,1,2,2,0,13.0,1.0,1.0,4.0,126.47,0
13.0,0,1,17.0,1,0,3.0,3,2,3,1,2,0,11.0,2.0,9.0,4.0,163.23,0
13.0,1,3,8.0,5,0,3.0,3,2,4,1,4,0,14.0,1.0,5.0,10.0,156.77,0
9.0,2,2,8.0,6,0,2.0,3,3,4,1,5,0,14.0,0.0,1.0,2.0,123.02000000000001,0
3.0,2,1,6.0,3,1,3.0,3,4,4,1,2,0,13.0,0.0,1.0,7.0,137.48,0
0.0,2,1,8.0,6,1,2.0,3,4,3,1,7,1,19.0,0.0,1.0,2.0,139.77,0
20.0,1,1,31.0,3,1,2.0,3,0,3,2,3,0,23.0,1.0,9.0,11.0,186.33,0
9.0,0,1,6.0,0,1,2.0,4,3,3,1,2,0,12.0,0.0,1.0,0.0,123.02000000000001,0
11.0,2,3,6.0,4,1,2.0,3,2,4,1,1,0,15.0,4.0,5.0,8.0,144.4,0
4.0,2,3,8.0,4,1,3.0,3,3,3,1,1,0,19.0,1.0,1.0,2.0,130.67,0
11.0,0,1,12.0,4,1,3.0,4,2,3,1,3,0,11.0,2.0,7.0,7.0,153.21,0
15.0,1,1,24.0,4,1,2.0,3,2,5,1,7,1,17.0,0.0,1.0,2.0,154.1,0
14.0,2,1,6.0,4,1,3.0,3,3,1,1,4,0,22.0,0.0,1.0,0.0,127.82,0
20.0,0,1,6.0,3,0,3.0,3,0,4,1,1,0,18.0,0.0,5.0,3.0,219.57,0
8.0,2,1,17.0,0,1,2.0,3,3,3,1,8,1,11.0,0.0,2.0,2.0,126.6,0
0.0,2,1,6.0,4,1,3.0,3,3,3,2,1,0,12.0,0.0,1.0,2.0,133.75,0
8.0,1,1,15.0,3,1,2.0,3,2,3,2,2,0,19.0,0.0,1.0,8.0,150.98,0
6.0,1,1,21.0,3,0,3.0,3,2,1,1,1,1,13.0,5.0,8.0,1.0,123.02000000000001,0
5.0,2,1,32.0,4,0,3.0,4,3,4,2,2,0,13.0,3.0,4.0,1.0,128.37,0
13.0,2,1,14.0,4,1,2.0,3,3,1,1,9,0,19.0,0.0,1.0,0.0,124.06,0
9.0,2,3,6.0,0,1,3.0,4,3,4,1,1,0,14.0,0.0,2.0,2.0,123.02000000000001,0
12.0,2,1,30.0,4,1,2.0,3,2,1,2,8,0,13.0,1.0,1.0,7.0,141.08,0
11.0,1,1,16.0,3,0,2.0,5,0,3,1,4,0,12.0,1.0,2.0,11.0,232.06,0
5.0,1,3,6.0,5,0,2.0,3,0,1,1,2,0,19.0,3.0,5.0,7.0,204.22,0
10.0,1,1,16.0,4,0,2.0,2,0,1,1,2,1,23.0,0.0,2.0,8.0,237.44,0
0.0,2,3,14.0,6,0,2.0,3,2,3,1,1,1,22.0,1.0,1.0,4.0,149.07,0
25.0,0,3,32.0,4,1,2.0,3,3,1,1,3,0,15.0,1.0,1.0,0.0,134.82,0
17.0,2,1,14.0,0,1,2.0,3,3,1,2,7,1,12.0,0.0,1.0,2.0,124.36000000000001,0
0.0,2,3,14.0,0,1,2.0,3,3,5,2,2,1,11.0,1.0,1.0,2.0,123.80000000000001,0
12.0,0,1,15.0,4,1,2.0,3,5,1,2,3,0,15.0,0.0,1.0,3.0,291.97,0
9.0,0,3,15.0,5,1,2.0,3,4,5,1,2,0,19.0,1.0,1.0,0.0,123.02000000000001,1
9.0,1,3,9.0,3,0,3.0,4,0,1,1,1,0,19.0,3.0,3.0,4.0,176.44,0
9.0,0,1,10.0,4,0,3.0,3,2,4,1,8,0,13.0,1.0,1.0,2.0,151.31,0
27.0,0,1,6.0,4,1,2.0,3,2,3,1,2,0,21.0,0.0,1.0,9.0,163.06,0
0.0,2,1,6.0,3,1,2.0,3,4,1,1,10,1,14.0,2.0,2.0,2.0,147.87,1
15.0,1,1,8.0,4,1,2.0,3,5,3,1,6,0,11.0,1.0,4.0,11.0,288.8,0
19.0,2,1,14.0,1,1,3.0,3,3,3,1,9,0,11.0,6.0,9.0,8.0,123.38999999999999,1
14.0,1,1,32.0,4,0,2.0,4,1,4,1,1,0,23.0,1.0,2.0,10.0,235.7,0
7.0,1,3,32.0,5,0,3.0,4,2,3,1,2,0,21.0,1.0,1.0,7.0,167.12,0
9.0,0,3,21.0,5,1,2.0,5,2,1,1,2,0,23.0,4.0,9.0,11.0,154.06,0
14.0,1,3,9.0,4,1,2.0,4,2,4,1,3,0,11.0,0.0,1.0,4.0,189.38,0
5.0,2,1,14.0,1,1,3.0,3,3,5,2,2,0,14.0,1.0,1.0,2.0,124.38999999999999,0
8.0,1,2,32.0,4,0,2.0,3,0,1,2,2,1,16.0,1.0,1.0,7.0,188.37,0
11.0,1,3,16.0,4,0,3.0,3,2,1,1,2,0,11.0,0.0,1.0,9.0,153.43,0
13.0,0,3,6.0,4,1,3.0,3,2,3,1,8,0,12.0,1.0,1.0,1.0,167.28,1
9.0,1,3,17.0,5,0,3.0,4,2,1,1,5,0,13.0,1.0,1.0,0.0,166.52,0
18.0,2,3,26.0,4,0,2.0,3,2,3,2,9,0,15.0,1.0,1.0,1.0,148.5,0
13.0,2,1,8.0,4,1,3.0,4,3,3,2,3,0,14.0,0.0,2.0,2.0,128.09,0
8.0,0,1,24.0,4,1,3.0,3,2,3,1,2,1,14.0,1.0,1.0,2.0,156.89,0
9.0,1,1,8.0,0,0,3.0,3,3,3,1,3,0,14.0,1.0,1.0,2.0,123.02000000000001,0
8.0,2,1,6.0,4,0,3.0,5,3,1,1,2,0,12.0,0.0,1.0,1.0,129.77,0
2.0,2,1,19.0,6,1,2.0,4,2,4,1,5,1,13.0,1.0,1.0,3.0,140.25,0
2.0,2,1,32.0,3,0,3.0,4,4,5,2,2,0,14.0,0.0,1.0,4.0,137.85,0
13.0,1,3,32.0,5,1,2.0,4,0,5,1,5,1,13.0,0.0,2.0,0.0,208.54000000000002,1
12.0,1,3,30.0,5,0,2.0,4,1,1,1,1,0,11.0,1.0,9.0,3.0,220.31,0
4.0,0,1,11.0,3,1,3.0,3,2,5,2,1,0,19.0,0.0,1.0,7.0,199.36,0
0.0,2,3,11.0,6,0,3.0,4,3,3,2,1,0,18.0,0.0,1.0,0.0,129.66,0
9.0,0,1,14.0,0,1,2.0,2,2,1,1,5,0,17.0,0.0,1.0,3.0,125.71000000000001,0
12.0,1,1,12.0,3,1,2.0,4,0,5,1,5,0,15.0,1.0,1.0,7.0,199.91,0
0.0,1,1,10.0,4,1,2.0,2,2,4,1,2,1,20.0,1.0,1.0,3.0,161.42,0
22.0,0,3,8.0,3,1,3.0,4,2,4,1,3,0,14.0,1.0,1.0,8.0,153.9,0
7.0,2,1,14.0,3,1,2.0,2,2,3,1,3,0,12.0,0.0,1.0,2.0,144.04,0
4.0,1,3,6.0,4,0,3.0,3,2,1,2,9,1,11.0,0.0,1.0,5.0,159.93,1
22.0,0,1,14.0,4,1,3.0,4,2,4,1,2,0,23.0,0.0,1.0,7.0,151.3,0
9.0,2,1,8.0,6,1,3.0,4,3,3,2,7,1,15.0,0.0,1.0,0.0,123.02000000000001,1
6.0,0,1,9.0,4,0,3.0,3,3,3,1,2,1,11.0,2.0,3.0,0.0,129.09,0
0.0,2,1,8.0,0,1,2.0,3,3,4,1,10,0,12.0,1.0,2.0,2.0,134.68,0
5.0,0,1,8.0,4,1,3.0,3,3,1,2,1,0,13.0,1.0,3.0,6.0,130.68,0
27.0,2,1,9.0,0,0,3.0,2,3,5,1,5,1,20.0,0.0,1.0,0.0,126.69999999999999,0
3.0,2,1,30.0,4,1,3.0,3,3,3,1,2,0,22.0,1.0,1.0,0.0,126.93,0
11.0,0,1,29.0,4,1,2.0,4,0,3,2,1,0,21.0,1.0,1.0,8.0,195.26,0
9.0,1,1,32.0,3,1,3.0,3,2,3,1,7,0,13.0,0.0,7.0,7.0,152.37,0
8.0,2,1,14.0,0,1,2.0,2,3,4,1,1,0,13.0,1.0,1.0,3.0,124.25999999999999,0
2.0,2,1,21.0,4,0,2.0,4,2,3,2,1,1,12.0,1.0,1.0,8.0,141.93,0
4.0,2,1,32.0,4,1,3.0,3,3,3,1,2,0,17.0,3.0,4.0,3.0,129.11,0
7.0,2,1,25.0,0,1,3.0,3,3,1,1,1,0,11.0,0.0,1.0,2.0,126.61000000000001,0
9.0,2,1,30.0,4,1,2.0,4,3,3,2,6,1,14.0,0.0,1.0,3.0,123.02000000000001,1
2.0,1,1,27.0,4,0,2.0,2,0,5,1,2,0,11.0,6.0,8.0,8.0,199.8,0
5.0,2,1,11.0,4,1,3.0,2,3,4,1,1,1,12.0,1.0,1.0,5.0,132.98,0
0.0,0,1,22.0,0,1,3.0,2,3,1,1,2,1,13.0,0.0,1.0,0.0,129.35,0
26.0,1,3,8.0,4,0,3.0,4,1,1,1,3,0,16.0,0.0,2.0,7.0,254.26999999999998,0
11.0,2,1,8.0,4,1,2.0,3,4,1,2,6,1,11.0,0.0,1.0,2.0,139.44,0
0.0,0,1,17.0,6,0,3.0,2,2,3,1,1,0,18.0,0.0,1.0,3.0,140.11,0
0.0,2,3,15.0,4,1,2.0,4,3,5,2,8,0,23.0,0.0,1.0,3.0,134.07,1
7.0,1,1,13.0,4,0,2.0,3,0,4,2,1,0,11.0,0.0,2.0,3.0,219.94,0
9.0,1,1,21.0,4,1,3.0,3,4,1,2,2,0,14.0,1.0,1.0,0.0,123.02000000000001,0
0.0,2,1,12.0,0,1,3.0,3,3,5,2,3,0,11.0,0.0,1.0,3.0,129.6,1
26.0,1,1,11.0,6,0,2.0,3,5,3,1,5,0,11.0,1.0,4.0,8.0,290.94,0
0.0,0,1,22.0,4,0,3.0,5,4,5,2,2,1,22.0,0.0,6.0,7.0,139.19,1
15.0,1,3,14.0,5,1,2.0,3,2,4,1,1,0,11.0,2.0,4.0,2.0,168.25,0
17.0,1,1,13.0,3,0,2.0,4,0,1,1,4,0,14.0,0.0,5.0,11.0,202.48,0
19.0,1,3,8.0,5,0,2.0,3,5,5,2,4,0,12.0,1.0,2.0,1.0,289.47,0
6.0,2,1,14.0,0,1,3.0,3,3,1,2,5,0,11.0,0.0,1.0,0.0,124.96000000000001,0
17.0,1,1,16.0,6,1,2.0,3,2,1,1,3,1,13.0,0.0,1.0,3.0,164.65,0
9.0,2,1,15.0,0,1,2.0,4,3,3,2,2,0,13.0,0.0,1.0,8.0,123.02000000000001,0
9.0,2,3,11.0,2,1,2.0,3,2,1,1,4,0,14.0,0.0,1.0,0.0,123.02000000000001,1
9.0,2,1,6.0,0,1,3.0,3,3,1,1,3,1,16.0,0.0,2.0,0.0,123.02000000000001,1
16.0,2,1,14.0,0,0,3.0,2,3,3,1,2,0,12.0,1.0,1.0,4.0,126.44999999999999,0
13.0,2,3,9.0,5,1,3.0,4,3,3,1,2,1,14.0,1.0,1.0,2.0,126.83000000000001,1
9.0,1,3,8.0,5,0,3.0,3,3,1,1,2,0,13.0,2.0,2.0,2.0,123.02000000000001,0
9.0,2,1,11.0,4,0,2.0,4,3,5,1,10,1,14.0,1.0,1.0,0.0,134.19,0
6.0,0,3,6.0,4,0,2.0,2,2,5,1,3,0,19.0,0.0,1.0,3.0,153.76,0
9.0,1,1,10.0,6,1,3.0,3,3,1,1,2,0,12.0,1.0,1.0,0.0,123.02000000000001,0
0.0,2,1,14.0,4,0,2.0,3,3,5,1,2,0,13.0,1.0,1.0,0.0,123.41,0
9.0,2,1,31.0,4,1,2.0,5,3,3,2,2,0,12.0,0.0,1.0,1.0,123.02000000000001,1
0.0,0,3,14.0,4,1,2.0,3,0,3,2,2,0,15.0,1.0,1.0,7.0,187.26,0
3.0,0,1,6.0,3,0,2.0,3,2,1,2,2,0,23.0,1.0,3.0,7.0,140.11,0
4.0,1,1,18.0,2,0,2.0,3,5,3,1,2,0,15.0,1.0,9.0,8.0,291.97,1
7.0,0,3,29.0,5,1,3.0,3,2,3,2,1,0,20.0,0.0,8.0,7.0,145.68,0
10.0,2,1,25.0,4,1,3.0,3,3,4,1,5,0,21.0,0.0,1.0,0.0,130.22,0
19.0,0,3,11.0,5,1,3.0,3,2,1,2,5,1,21.0,1.0,1.0,8.0,157.72,0
9.0,2,1,14.0,4,1,2.0,2,3,1,1,2,0,19.0,1.0,1.0,1.0,123.02000000000001,0
11.0,1,1,6.0,4,1,3.0,4,0,3,2,10,1,13.0,0.0,1.0,0.0,153.81,1
0.0,2,1,11.0,1,1,2.0,3,3,3,2,2,1,13.0,0.0,2.0,2.0,134.41,1
17.0,1,3,6.0,5,0,3.0,3,2,5,1,6,1,21.0,1.0,1.0,3.0,154.54,0
8.0,0,1,17.0,3,1,3.0,4,0,5,1,3,1,13.0,1.0,2.0,3.0,198.84,0
0.0,2,3,29.0,5,0,2.0,4,2,1,1,8,1,19.0,0.0,1.0,0.0,141.57,0
6.0,0,1,29.0,4,0,3.0,3,0,1,2,2,1,12.0,3.0,2.0,11.0,234.57999999999998,0
8.0,0,3,6.0,4,1,3.0,3,0,5,1,2,0,22.0,0.0,1.0,8.0,190.69,0
8.0,2,1,29.0,3,0,2.0,3,4,5,1,4,1,15.0,0.0,2.0,2.0,140.14,0
4.0,1,1,13.0,4,1,2.0,3,2,1,1,4,0,22.0,0.0,1.0,7.0,159.15,0
10.0,1,1,6.0,4,1,2.0,4,2,3,1,2,0,18.0,0.0,1.0,7.0,159.93,0
5.0,1,1,6.0,3,1,2.0,3,2,1,1,2,1,22.0,5.0,7.0,8.0,161.62,0
11.0,0,1,14.0,4,0,2.0,3,2,1,2,2,0,11.0,6.0,9.0,9.0,124.06,0
23.0,1,1,13.0,3,0,2.0,4,5,3,1,6,1,12.0,1.0,9.0,8.0,287.4,0
27.0,1,3,31.0,4,0,4.0,3,0,5,2,8,0,11.0,6.0,7.0,9.0,176.37,0
9.0,1,1,14.0,2,0,2.0,3,0,3,1,2,0,13.0,6.0,9.0,8.0,200.96,0
27.0,1,1,14.0,3,0,2.0,3,1,3,1,3,1,14.0,1.0,2.0,2.0,247.56,0
9.0,0,1,17.0,4,1,3.0,4,2,4,2,2,0,13.0,1.0,1.0,3.0,164.99,0
18.0,1,1,13.0,4,1,2.0,3,0,5,1,3,0,17.0,0.0,1.0,0.0,197.24,0
9.0,0,1,6.0,0,1,3.0,3,3,5,1,5,0,13.0,0.0,1.0,2.0,123.02000000000001,0
0.0,2,1,15.0,0,1,3.0,4,3,3,1,1,1,17.0,1.0,1.0,0.0,133.88,1
27.0,0,3,6.0,4,0,2.0,4,2,3,2,8,0,11.0,1.0,1.0,3.0,154.73,0
2.0,2,1,8.0,4,1,3.0,3,3,4,1,1,0,23.0,1.0,1.0,4.0,127.03,0
4.0,2,1,14.0,0,1,2.0,3,3,4,2,2,0,17.0,1.0,1.0,0.0,125.00999999999999,0
5.0,1,1,6.0,4,1,3.0,3,2,4,1,2,0,17.0,1.0,1.0,9.0,162.2,0
9.0,2,1,12.0,4,0,3.0,2,3,1,1,4,0,12.0,0.0,1.0,0.0,130.38,0
4.0,2,1,14.0,4,0,3.0,3,2,1,2,2,0,23.0,1.0,1.0,8.0,144.24,0
8.0,2,3,6.0,5,1,2.0,4,2,5,2,1,0,14.0,1.0,2.0,8.0,143.12,0
18.0,1,1,12.0,6,1,2.0,3,0,5,1,5,1,14.0,1.0,2.0,0.0,232.45,0
10.0,1,1,13.0,3,1,2.0,3,0,3,2,5,0,13.0,0.0,2.0,2.0,236.64,0
19.0,1,2,11.0,3,1,3.0,3,2,4,1,2,1,22.0,1.0,1.0,2.0,150.21,0
3.0,1,1,6.0,4,1,2.0,4,2,1,1,2,1,12.0,1.0,3.0,0.0,151.26,0
8.0,2,1,6.0,0,1,3.0,4,3,3,2,2,0,18.0,1.0,1.0,4.0,128.59,0
27.0,1,3,6.0,4,1,3.0,3,0,1,1,4,0,14.0,0.0,1.0,0.0,202.39,0
11.0,0,1,12.0,3,0,3.0,5,2,1,1,8,1,12.0,0.0,1.0,9.0,153.29,0
7.0,2,1,6.0,3,1,3.0,3,2,4,1,2,0,15.0,1.0,1.0,3.0,143.25,0
27.0,1,1,13.0,4,1,2.0,5,0,1,2,5,0,11.0,0.0,1.0,2.0,172.6,0
0.0,2,3,14.0,1,1,3.0,3,3,5,1,4,0,13.0,1.0,1.0,0.0,123.22,0
9.0,2,1,15.0,4,1,3.0,3,3,1,1,4,0,23.0,1.0,1.0,3.0,123.02000000000001,0
3.0,2,1,8.0,4,1,4.0,4,2,1,1,2,0,19.0,3.0,9.0,8.0,141.52,0
9.0,1,3,15.0,3,1,3.0,4,0,1,2,2,0,16.0,3.0,4.0,7.0,196.19,1
13.0,0,1,6.0,4,1,3.0,4,1,4,1,2,0,22.0,5.0,2.0,11.0,235.02999999999997,0
24.0,1,3,27.0,5,1,3.0,3,2,1,2,1,1,22.0,0.0,1.0,0.0,154.41,0
3.0,1,3,10.0,3,0,3.0,4,2,4,1,2,1,12.0,2.0,2.0,7.0,152.09,0
19.0,0,1,6.0,3,1,2.0,4,0,5,1,3,1,13.0,4.0,9.0,5.0,206.73000000000002,0
5.0,1,3,12.0,3,1,2.0,3,2,3,2,2,0,16.0,5.0,5.0,7.0,150.1,0
27.0,1,1,8.0,2,0,2.0,3,0,3,1,10,0,12.0,0.0,2.0,3.0,235.49,0
0.0,1,3,9.0,6,0,2.0,3,2,3,1,1,0,21.0,0.0,1.0,2.0,149.99,0
1.0,0,3,10.0,3,1,2.0,3,2,3,1,2,0,15.0,0.0,1.0,4.0,142.21,0
27.0,1,3,16.0,3,1,2.0,3,1,3,2,1,0,13.0,0.0,2.0,8.0,238.72000000000003,0
9.0,0,1,29.0,0,1,3.0,3,2,4,1,5,0,12.0,0.0,1.0,2.0,123.02000000000001,0
9.0,2,2,12.0,6,1,3.0,3,3,5,1,5,1,22.0,0.0,1.0,2.0,123.02000000000001,1
5.0,2,1,6.0,4,1,3.0,3,3,5,2,2,0,13.0,0.0,1.0,0.0,129.56,0
0.0,0,1,12.0,4,0,3.0,4,3,1,2,2,1,18.0,0.0,1.0,0.0,129.26,1
7.0,2,1,12.0,6,0,2.0,3,2,3,2,2,0,14.0,0.0,2.0,10.0,148.09,0
10.0,0,1,8.0,4,1,3.0,4,2,1,1,6,0,14.0,1.0,1.0,0.0,151.63,0
27.0,0,2,8.0,6,0,2.0,4,5,1,1,10,0,21.0,1.0,2.0,2.0,288.44,0
23.0,0,1,6.0,4,0,3.0,3,5,4,1,4,1,19.0,1.0,1.0,7.0,281.72,0
0.0,1,3,11.0,5,1,2.0,4,2,3,2,2,1,11.0,0.0,1.0,3.0,157.44,1
0.0,2,1,13.0,0,1,3.0,4,3,1,1,2,0,11.0,0.0,2.0,1.0,128.89,0
0.0,2,1,21.0,0,0,3.0,3,3,1,2,2,0,15.0,1.0,1.0,0.0,128.71,0
24.0,0,1,6.0,3,0,2.0,4,0,5,2,4,0,20.0,4.0,9.0,8.0,174.84,0
0.0,0,1,13.0,4,1,3.0,5,2,3,2,2,1,23.0,1.0,1.0,6.0,160.74,1
27.0,0,2,32.0,6,0,2.0,2,1,1,2,3,1,12.0,1.0,4.0,4.0,273.28,0
0.0,2,1,24.0,4,1,3.0,3,3,3,1,1,0,12.0,0.0,1.0,2.0,127.74000000000001,0
7.0,2,1,12.0,4,0,2.0,4,2,4,1,7,0,15.0,1.0,1.0,0.0,145.05,0
10.0,1,3,9.0,4,1,2.0,3,0,1,2,3,0,12.0,0.0,1.0,3.0,174.28,0
7.0,1,1,11.0,3,0,2.0,4,0,5,2,3,0,12.0,2.0,5.0,3.0,216.31,0
9.0,0,3,17.0,2,0,3.0,3,0,1,1,1,0,14.0,0.0,2.0,8.0,197.38,0
9.0,2,1,9.0,4,0,3.0,3,3,1,1,6,0,22.0,0.0,1.0,0.0,128.35,0
16.0,0,3,32.0,4,1,3.0,3,1,1,1,2,1,12.0,1.0,4.0,11.0,269.59,0
3.0,0,1,14.0,4,1,3.0,5,3,3,1,2,0,23.0,0.0,1.0,9.0,126.13,0
6.0,0,3,28.0,5,1,3.0,3,2,4,1,1,0,13.0,0.0,1.0,7.0,161.46,0
19.0,1,1,20.0,4,0,3.0,3,4,4,1,10,1,18.0,3.0,4.0,3.0,149.63,1
24.0,1,1,12.0,4,1,2.0,3,5,3,2,8,0,15.0,6.0,9.0,11.0,291.97,0
0.0,1,3,12.0,4,1,3.0,5,2,3,1,5,1,18.0,0.0,7.0,7.0,161.72,1
0.0,2,1,14.0,6,0,2.0,4,3,4,1,2,0,19.0,2.0,4.0,3.0,123.68,0
20.0,1,1,29.0,3,0,3.0,3,0,1,1,2,0,12.0,6.0,9.0,6.0,203.12,1
9.0,1,3,28.0,5,1,2.0,3,4,3,2,2,1,19.0,1.0,1.0,0.0,123.02000000000001,1
0.0,2,1,14.0,1,1,3.0,3,3,1,1,1,0,14.0,2.0,2.0,1.0,125.22999999999999,0
22.0,1,1,26.0,3,0,3.0,3,2,5,1,2,0,14.0,5.0,5.0,11.0,165.67,0
16.0,0,1,32.0,3,0,3.0,2,4,3,2,5,0,12.0,0.0,1.0,2.0,147.39,0
23.0,0,3,18.0,5,0,3.0,3,0,1,2,5,0,11.0,1.0,2.0,1.0,192.08,0
0.0,2,3,26.0,4,0,3.0,5,2,3,1,4,1,11.0,0.0,2.0,2.0,145.59,1
14.0,1,3,15.0,4,1,3.0,3,0,3,1,4,1,13.0,0.0,1.0,7.0,181.89,0
0.0,2,2,31.0,4,0,3.0,3,3,3,1,2,0,23.0,2.0,5.0,7.0,129.42,0
9.0,2,1,12.0,3,1,2.0,3,2,4,1,7,0,20.0,0.0,1.0,1.0,149.41,0
14.0,0,1,14.0,4,1,2.0,5,0,1,2,3,0,15.0,1.0,1.0,3.0,206.5,1
12.0,1,3,10.0,4,0,2.0,4,2,3,1,5,0,14.0,5.0,5.0,9.0,159.02,0
0.0,1,3,32.0,4,1,2.0,4,2,3,1,3,0,18.0,1.0,2.0,2.0,186.39,0
3.0,1,2,15.0,6,1,2.0,3,2,1,1,1,1,19.0,4.0,4.0,7.0,163.47,0
0.0,2,1,15.0,3,0,2.0,3,4,5,2,8,0,22.0,1.0,1.0,4.0,142.0,1
18.0,2,1,32.0,0,1,2.0,3,3,1,2,6,0,13.0,1.0,1.0,3.0,134.52,0
11.0,2,1,9.0,1,0,2.0,3,2,3,2,4,1,20.0,2.0,2.0,2.0,143.17,0
3.0,2,1,14.0,4,0,3.0,3,3,3,2,2,0,14.0,1.0,1.0,4.0,126.32,0
5.0,0,3,15.0,3,1,2.0,5,2,1,1,1,0,17.0,0.0,1.0,7.0,146.68,0
3.0,2,1,11.0,1,0,2.0,3,3,5,1,6,0,14.0,0.0,2.0,11.0,132.04,0
3.0,2,1,8.0,0,1,3.0,4,3,1,2,1,0,13.0,0.0,1.0,2.0,127.19999999999999,0
14.0,0,1,16.0,4,1,3.0,4,1,5,1,5,0,13.0,1.0,7.0,7.0,271.81,0
9.0,2,1,15.0,4,1,3.0,3,3,5,1,3,0,21.0,0.0,1.0,4.0,123.02000000000001,0
9.0,1,1,9.0,3,0,3.0,3,4,4,2,2,0,14.0,1.0,1.0,0.0,123.02000000000001,0
13.0,0,1,32.0,3,0,2.0,3,2,4,1,2,0,11.0,0.0,2.0,11.0,156.05,0
8.0,1,3,6.0,5,1,3.0,3,0,4,1,2,0,13.0,0.0,1.0,6.0,172.95,0
9.0,2,3,12.0,5,1,2.0,3,2,3,1,3,1,20.0,0.0,4.0,5.0,123.06,0
18.0,2,1,14.0,4,1,2.0,3,2,4,1,9,0,18.0,1.0,1.0,11.0,123.47999999999999,0
5.0,0,3,14.0,5,0,2.0,3,0,1,2,2,0,14.0,2.0,3.0,7.0,189.98,0
2.0,0,1,6.0,1,1,2.0,3,2,3,1,2,0,13.0,0.0,1.0,9.0,143.19,0
24.0,1,1,13.0,3,1,2.0,4,2,3,1,3,0,17.0,1.0,1.0,0.0,161.32,0
27.0,2,1,15.0,0,0,3.0,4,3,4,1,5,1,20.0,1.0,1.0,0.0,133.46,0
13.0,1,3,10.0,5,1,3.0,4,0,1,1,8,0,11.0,1.0,2.0,11.0,208.55,0
9.0,0,3,8.0,5,0,3.0,3,3,3,1,7,0,18.0,0.0,1.0,2.0,123.02000000000001,0
0.0,2,1,14.0,0,1,3.0,3,3,1,1,2,0,23.0,2.0,2.0,2.0,123.22999999999999,0
9.0,0,1,15.0,0,1,2.0,3,3,4,1,7,0,18.0,2.0,2.0,2.0,123.02000000000001,0
1.0,2,1,27.0,0,1,3.0,3,3,1,1,2,0,11.0,0.0,1.0,2.0,127.13,0
27.0,1,1,30.0,4,1,2.0,2,0,1,1,4,1,16.0,1.0,1.0,4.0,194.39,0
0.0,0,1,14.0,0,1,3.0,4,3,3,1,2,1,15.0,0.0,1.0,1.0,125.66,0
23.0,1,1,17.0,4,0,2.0,3,5,4,2,4,0,15.0,0.0,4.0,4.0,291.97,0
14.0,2,1,14.0,4,1,2.0,3,3,3,1,5,0,12.0,1.0,1.0,8.0,124.50999999999999,0
3.0,1,3,11.0,4,0,2.0,3,0,1,1,3,0,12.0,1.0,7.0,4.0,194.19,0
11.0,1,3,6.0,4,0,2.0,4,2,1,2,5,0,22.0,0.0,1.0,7.0,186.86,0
5.0,2,1,12.0,4,1,3.0,3,3,3,2,4,0,20.0,0.0,1.0,4.0,130.38,0
0.0,2,1,23.0,1,1,3.0,3,3,4,1,1,1,16.0,0.0,1.0,1.0,130.58,0
0.0,0,3,14.0,1,0,3.0,5,3,5,2,1,0,21.0,1.0,1.0,0.0,123.25,1
9.0,0,1,9.0,0,1,2.0,3,3,4,2,5,0,12.0,2.0,7.0,2.0,123.02000000000001,0
3.0,0,1,15.0,0,1,3.0,3,2,5,1,2,0,11.0,5.0,6.0,10.0,130.72,0
18.0,1,3,10.0,4,0,2.0,3,2,5,1,5,1,11.0,0.0,1.0,3.0,150.06,0
27.0,2,1,14.0,4,0,3.0,3,4,5,1,5,1,18.0,2.0,2.0,2.0,142.57,0
6.0,2,1,14.0,4,1,2.0,3,3,1,2,1,0,14.0,1.0,1.0,2.0,125.0,0
0.0,1,1,8.0,4,1,2.0,4,4,1,2,2,0,22.0,1.0,1.0,0.0,123.02000000000001,1
19.0,1,3,6.0,5,0,3.0,3,0,5,1,2,0,23.0,6.0,9.0,7.0,204.53,0
9.0,2,1,15.0,4,0,3.0,3,3,1,2,2,0,12.0,1.0,2.0,1.0,123.02000000000001,0
4.0,2,1,18.0,3,0,3.0,3,4,1,1,9,1,23.0,1.0,1.0,2.0,139.29,0
9.0,2,1,32.0,0,0,3.0,3,3,4,2,3,0,15.0,0.0,1.0,2.0,123.11000000000001,0
4.0,2,3,26.0,5,0,3.0,3,3,4,2,2,1,22.0,0.0,1.0,2.0,131.4,1
23.0,2,1,6.0,3,1,2.0,4,4,3,1,3,0,15.0,1.0,1.0,2.0,136.9,0
26.0,2,1,19.0,3,0,2.0,2,2,5,1,2,0,11.0,1.0,1.0,3.0,144.5,0
6.0,2,1,20.0,0,0,3.0,3,3,4,1,2,0,13.0,1.0,1.0,6.0,127.56,0
13.0,1,1,10.0,3,0,2.0,3,5,3,1,2,0,14.0,1.0,9.0,9.0,290.33,0
27.0,1,1,20.0,3,1,3.0,2,5,4,2,9,0,11.0,1.0,2.0,11.0,287.22,0
7.0,0,1,8.0,4,1,2.0,4,2,3,1,2,0,17.0,0.0,1.0,9.0,195.47,0
24.0,1,1,9.0,3,0,3.0,3,1,4,2,4,0,18.0,1.0,2.0,0.0,237.33999999999997,0
25.0,1,1,6.0,4,1,3.0,4,5,3,1,1,0,15.0,6.0,9.0,9.0,291.97,0
9.0,2,1,15.0,0,0,4.0,3,3,4,2,2,0,16.0,0.0,1.0,3.0,123.02000000000001,0
0.0,1,1,29.0,4,1,2.0,4,2,3,1,4,1,13.0,1.0,1.0,1.0,159.16,1
9.0,0,1,13.0,0,1,2.0,2,3,1,1,5,0,14.0,1.0,2.0,2.0,123.02000000000001,0
18.0,0,1,8.0,3,1,3.0,4,1,1,1,10,0,23.0,1.0,9.0,8.0,267.92,0
10.0,2,1,27.0,4,1,3.0,2,4,5,1,2,1,12.0,1.0,1.0,7.0,135.64,0
8.0,0,1,8.0,3,0,2.0,3,2,4,2,6,0,11.0,0.0,1.0,2.0,144.25,0
15.0,0,1,27.0,3,0,2.0,3,2,3,1,3,0,16.0,0.0,1.0,2.0,152.65,0
11.0,1,1,8.0,4,1,2.0,3,2,3,1,10,0,14.0,1.0,1.0,0.0,165.53,0
11.0,1,1,32.0,1,1,2.0,3,2,1,1,4,0,18.0,0.0,1.0,7.0,162.61,0
0.0,0,1,6.0,1,1,2.0,4,2,5,1,6,0,19.0,2.0,2.0,0.0,142.98,0
22.0,0,1,24.0,4,1,3.0,3,2,1,1,2,1,15.0,0.0,1.0,7.0,168.04,0
7.0,0,1,16.0,3,1,2.0,3,4,3,1,2,1,17.0,2.0,2.0,0.0,138.15,0
13.0,2,1,25.0,0,1,3.0,3,2,1,1,9,1,15.0,3.0,3.0,7.0,127.41,0
1.0,1,1,32.0,3,1,3.0,3,2,5,1,8,1,19.0,1.0,1.0,0.0,166.73,1
0.0,1,3,32.0,5,0,2.0,3,0,1,1,2,0,22.0,0.0,1.0,9.0,176.39,1
0.0,2,1,14.0,4,1,2.0,2,3,4,1,2,1,16.0,2.0,2.0,2.0,123.28,0
9.0,0,1,24.0,0,0,3.0,3,3,1,2,2,0,13.0,0.0,1.0,7.0,123.02000000000001,0
13.0,0,1,15.0,4,1,3.0,4,2,1,1,10,0,14.0,0.0,1.0,2.0,148.76,0
19.0,1,1,6.0,3,1,3.0,3,0,5,1,8,0,16.0,0.0,1.0,3.0,193.96,0
0.0,1,3,10.0,3,1,2.0,5,0,1,1,2,0,11.0,6.0,9.0,8.0,204.0,1
3.0,0,1,6.0,4,1,2.0,4,0,3,2,2,0,22.0,4.0,5.0,8.0,184.74,0
0.0,0,3,26.0,4,0,2.0,3,2,3,2,2,0,14.0,1.0,1.0,7.0,199.81,0
24.0,1,1,14.0,4,1,2.0,4,0,4,1,6,0,16.0,2.0,4.0,3.0,224.89999999999998,0
0.0,2,1,14.0,1,0,2.0,3,3,5,2,6,1,11.0,0.0,1.0,4.0,126.57,1
14.0,1,3,12.0,4,0,3.0,3,0,1,2,4,1,18.0,0.0,2.0,0.0,235.91000000000003,0
0.0,0,3,32.0,5,0,2.0,4,2,5,2,6,0,15.0,1.0,1.0,1.0,166.96,1
9.0,2,1,6.0,2,1,2.0,3,3,3,2,1,0,14.0,0.0,1.0,5.0,123.02000000000001,1
18.0,0,3,12.0,3,0,2.0,4,0,1,2,7,0,12.0,5.0,9.0,8.0,188.65,0
27.0,1,3,9.0,5,0,2.0,3,2,5,1,3,0,14.0,1.0,1.0,5.0,159.4,0
9.0,1,1,11.0,4,1,3.0,3,2,4,2,9,0,16.0,2.0,3.0,7.0,159.14,0
6.0,2,1,14.0,0,0,2.0,4,3,4,1,7,0,21.0,0.0,1.0,1.0,126.22,0
10.0,0,1,17.0,6,1,2.0,3,0,1,1,2,1,14.0,1.0,1.0,3.0,221.85000000000002,0
11.0,1,3,9.0,4,1,3.0,3,0,3,1,1,0,12.0,1.0,5.0,11.0,206.08999999999997,0
4.0,0,1,6.0,3,1,2.0,5,2,3,1,1,0,12.0,0.0,1.0,4.0,143.45,0
9.0,2,1,9.0,4,1,3.0,4,3,1,1,4,0,17.0,0.0,1.0,0.0,123.02000000000001,0
10.0,0,3,10.0,5,1,3.0,3,3,1,1,5,0,17.0,3.0,5.0,8.0,127.93,0
2.0,0,3,6.0,3,0,2.0,3,0,1,1,2,0,14.0,4.0,4.0,1.0,179.18,0
8.0,0,3,6.0,5,0,3.0,3,0,3,2,2,0,14.0,1.0,1.0,8.0,187.89,0
0.0,2,1,14.0,0,1,2.0,4,3,1,2,2,1,13.0,0.0,1.0,1.0,123.88999999999999,1
25.0,2,1,8.0,4,0,2.0,4,3,1,2,8,0,15.0,2.0,2.0,2.0,132.12,0
15.0,1,1,10.0,2,1,2.0,3,5,1,1,2,0,15.0,0.0,9.0,11.0,291.97,0
9.0,2,2,12.0,0,1,2.0,3,3,3,1,9,0,17.0,0.0,2.0,2.0,123.02000000000001,0
23.0,1,3,6.0,3,0,3.0,3,5,1,1,4,0,15.0,1.0,1.0,6.0,291.97,0
0.0,2,1,14.0,0,1,2.0,3,3,1,1,6,1,13.0,1.0,1.0,4.0,124.36000000000001,1
16.0,1,3,22.0,5,0,3.0,3,1,1,1,6,1,22.0,0.0,2.0,9.0,260.64,0
0.0,2,1,8.0,4,0,3.0,3,3,5,1,8,0,20.0,1.0,1.0,7.0,127.07,1
25.0,0,3,8.0,4,1,3.0,4,5,3,2,2,1,18.0,1.0,9.0,11.0,290.68,0
5.0,2,3,10.0,4,0,2.0,3,4,4,1,3,0,11.0,1.0,1.0,2.0,139.31,0
0.0,2,1,6.0,4,1,3.0,4,4,3,2,1,1,14.0,0.0,1.0,2.0,137.3,1
9.0,2,1,6.0,0,0,3.0,3,3,3,1,8,0,14.0,1.0,1.0,2.0,123.02000000000001,0
5.0,0,3,32.0,5,1,3.0,3,2,1,1,1,0,18.0,2.0,2.0,2.0,144.65,0
14.0,2,1,25.0,4,1,3.0,3,2,5,1,3,0,16.0,0.0,1.0,0.0,130.72,0
13.0,2,1,30.0,1,1,3.0,3,2,1,1,2,0,17.0,2.0,4.0,7.0,133.19,0
18.0,1,1,6.0,6,1,3.0,2,5,1,1,1,0,15.0,1.0,1.0,7.0,291.97,0
4.0,0,1,9.0,3,1,3.0,3,0,3,1,10,0,12.0,2.0,2.0,2.0,236.75,0
6.0,2,1,11.0,4,0,3.0,4,3,1,1,2,0,13.0,0.0,1.0,2.0,129.11,0
7.0,1,1,8.0,4,1,2.0,4,2,5,1,7,0,13.0,0.0,5.0,9.0,159.57,0
10.0,2,1,6.0,3,0,2.0,4,4,5,1,3,0,14.0,0.0,1.0,2.0,139.2,0
18.0,0,1,13.0,4,1,3.0,2,2,3,1,5,0,17.0,1.0,1.0,2.0,164.34,0
0.0,0,1,16.0,3,1,3.0,3,0,3,1,7,0,11.0,0.0,1.0,0.0,200.48,1
12.0,0,1,8.0,2,0,3.0,3,0,3,2,1,0,23.0,6.0,9.0,3.0,209.38,0
2.0,2,1,14.0,4,1,2.0,3,3,1,2,2,0,19.0,1.0,1.0,5.0,123.4,0
15.0,1,1,23.0,4,0,2.0,2,2,5,2,4,1,13.0,1.0,1.0,2.0,165.45,0
2.0,1,3,26.0,5,1,2.0,3,2,1,1,3,0,14.0,1.0,1.0,2.0,169.31,0
0.0,2,1,6.0,4,0,3.0,3,2,3,1,1,0,12.0,1.0,1.0,2.0,148.98,0
15.0,2,1,14.0,0,0,2.0,4,3,5,1,1,1,11.0,6.0,7.0,8.0,125.93,0
13.0,1,1,8.0,3,1,2.0,3,5,3,1,1,0,15.0,3.0,3.0,9.0,291.97,0
24.0,2,1,6.0,4,1,3.0,3,3,1,1,2,0,11.0,1.0,1.0,0.0,127.22999999999999,0
0.0,0,1,32.0,3,1,3.0,4,3,4,2,1,0,11.0,0.0,1.0,4.0,134.79,1
5.0,0,1,13.0,4,1,3.0,2,3,4,1,2,0,20.0,0.0,1.0,3.0,127.94,0
11.0,0,3,8.0,4,1,2.0,4,2,1,1,4,0,18.0,1.0,7.0,5.0,152.49,0
9.0,2,1,8.0,2,1,2.0,4,2,5,2,5,0,13.0,0.0,1.0,4.0,123.02000000000001,0
19.0,1,3,8.0,2,0,3.0,5,1,4,1,4,1,12.0,1.0,7.0,7.0,268.72,0
0.0,2,1,8.0,4,1,3.0,3,3,3,2,3,0,11.0,0.0,1.0,0.0,134.85,1
2.0,1,3,8.0,3,1,3.0,4,2,4,1,3,0,19.0,1.0,1.0,0.0,166.44,0
4.0,1,1,29.0,3,1,3.0,4,2,1,1,1,0,21.0,0.0,7.0,8.0,155.82,0
0.0,0,1,11.0,4,1,2.0,2,2,5,1,2,0,12.0,1.0,1.0,5.0,140.0,0
18.0,1,1,26.0,3,1,3.0,3,1,1,1,1,1,14.0,2.0,2.0,10.0,234.95999999999998,0
9.0,2,1,12.0,4,1,2.0,3,3,1,1,1,0,11.0,1.0,9.0,11.0,132.1,0
27.0,1,1,6.0,3,1,2.0,3,5,5,2,1,1,14.0,1.0,4.0,11.0,290.45,0
10.0,0,1,32.0,4,1,2.0,3,0,4,1,2,1,12.0,4.0,9.0,3.0,218.49,1
9.0,2,1,15.0,0,1,3.0,3,3,1,1,2,0,23.0,1.0,1.0,4.0,123.02000000000001,0
10.0,1,3,12.0,3,1,3.0,3,2,1,1,5,0,14.0,1.0,1.0,1.0,165.02,0
0.0,2,1,9.0,0,1,3.0,4,3,3,2,2,0,17.0,1.0,1.0,0.0,132.3,0
10.0,0,1,6.0,3,0,3.0,3,0,1,1,3,1,18.0,0.0,2.0,2.0,236.02999999999997,0
8.0,1,1,28.0,4,0,3.0,2,0,4,1,8,0,18.0,5.0,6.0,3.0,219.95999999999998,0
11.0,1,3,13.0,3,0,2.0,2,2,5,1,2,1,23.0,4.0,7.0,7.0,156.05,0
0.0,0,1,6.0,4,0,2.0,3,2,4,1,2,0,20.0,1.0,1.0,4.0,163.97,0
23.0,1,1,10.0,4,1,3.0,3,5,4,1,4,0,14.0,1.0,1.0,6.0,291.44,0
26.0,1,1,9.0,3,1,2.0,3,1,3,1,4,1,16.0,1.0,1.0,3.0,275.84,0
15.0,2,3,6.0,4,1,2.0,3,2,3,1,2,0,23.0,6.0,9.0,6.0,149.07,0
2.0,0,3,8.0,4,1,2.0,3,2,1,2,2,0,18.0,0.0,1.0,9.0,145.54,0
27.0,1,1,26.0,1,1,2.0,3,2,1,1,4,1,19.0,0.0,1.0,8.0,154.15,0
0.0,0,1,17.0,3,1,2.0,3,2,5,1,2,1,13.0,1.0,3.0,3.0,147.41,0
9.0,2,1,6.0,4,0,2.0,3,3,1,2,2,0,12.0,1.0,5.0,7.0,123.02000000000001,0
7.0,0,1,30.0,4,1,3.0,3,3,3,1,4,1,22.0,0.0,1.0,0.0,131.61,1
11.0,1,1,29.0,4,1,2.0,3,2,1,1,10,0,14.0,0.0,1.0,2.0,157.45,0
0.0,2,1,14.0,0,1,2.0,3,3,4,1,3,1,13.0,1.0,1.0,2.0,123.72999999999999,1
1.0,2,1,14.0,4,0,3.0,3,3,1,2,2,0,21.0,1.0,1.0,2.0,133.1,0
22.0,0,1,16.0,4,0,2.0,3,5,5,2,10,1,11.0,1.0,1.0,2.0,286.65,0
9.0,2,1,9.0,1,1,2.0,3,2,4,2,5,0,12.0,2.0,7.0,7.0,144.85,0
4.0,0,3,11.0,5,0,3.0,3,3,4,1,2,0,11.0,0.0,2.0,2.0,127.88999999999999,0
0.0,1,3,10.0,5,1,2.0,4,2,1,2,2,1,12.0,4.0,7.0,4.0,158.28,1
10.0,0,1,14.0,0,1,2.0,3,3,1,1,2,1,12.0,0.0,1.0,2.0,123.25999999999999,0
15.0,0,3,32.0,5,0,3.0,3,1,4,1,6,0,14.0,3.0,2.0,8.0,235.25,0
9.0,1,1,9.0,4,1,2.0,3,4,3,2,2,0,13.0,1.0,1.0,0.0,123.02000000000001,1
8.0,1,3,22.0,5,1,3.0,3,0,4,1,1,0,15.0,3.0,6.0,9.0,180.2,0
9.0,0,1,24.0,4,1,2.0,2,4,1,1,5,0,18.0,1.0,1.0,0.0,136.88,0
24.0,1,1,8.0,3,1,2.0,5,2,4,1,6,0,18.0,0.0,1.0,2.0,154.82,0
14.0,1,3,8.0,4,1,2.0,3,1,4,2,2,0,19.0,1.0,2.0,4.0,260.15,0
9.0,1,3,16.0,3,0,3.0,4,4,3,2,2,0,12.0,0.0,1.0,0.0,123.02000000000001,0
1.0,1,1,22.0,3,1,3.0,2,2,5,2,1,0,19.0,0.0,1.0,7.0,156.61,0
4.0,1,3,13.0,1,1,3.0,2,2,1,1,5,0,11.0,3.0,7.0,7.0,169.29,0
12.0,1,1,6.0,3,1,2.0,2,0,1,1,1,0,17.0,1.0,3.0,7.0,196.13,0
9.0,0,1,30.0,4,0,2.0,3,2,4,1,8,0,15.0,1.0,1.0,8.0,156.74,0
5.0,1,3,13.0,4,1,3.0,4,2,3,1,2,0,14.0,3.0,4.0,8.0,154.84,0
11.0,1,1,31.0,4,0,2.0,4,0,4,1,4,0,17.0,0.0,1.0,3.0,220.61,0
27.0,0,1,6.0,4,1,2.0,5,2,3,1,3,1,13.0,1.0,1.0,2.0,156.6,0
4.0,2,1,11.0,1,1,2.0,3,4,1,1,1,1,12.0,1.0,1.0,3.0,148.21,0
4.0,1,2,8.0,6,1,3.0,4,2,5,1,4,0,12.0,0.0,1.0,0.0,164.1,0
18.0,0,1,13.0,4,1,3.0,3,0,5,1,2,0,18.0,2.0,9.0,11.0,152.1,0
4.0,2,1,8.0,4,1,3.0,3,3,1,1,1,1,18.0,2.0,2.0,2.0,126.94999999999999,0
6.0,0,1,11.0,4,0,3.0,3,0,4,1,7,0,11.0,6.0,8.0,3.0,218.77999999999997,0
0.0,1,1,16.0,3,1,3.0,3,1,5,1,2,1,14.0,1.0,9.0,10.0,270.68,0
16.0,0,1,14.0,4,0,2.0,3,3,1,2,1,0,19.0,0.0,1.0,7.0,124.55000000000001,0
22.0,1,1,6.0,2,0,2.0,4,1,3,2,8,1,12.0,0.0,2.0,7.0,239.64,0
15.0,2,1,14.0,3,1,2.0,4,2,4,1,3,0,15.0,6.0,7.0,7.0,149.41,1
0.0,2,1,14.0,4,0,2.0,3,3,4,2,2,1,12.0,0.0,1.0,2.0,124.78,0
5.0,1,3,14.0,1,0,3.0,4,2,4,1,2,1,11.0,6.0,9.0,9.0,152.28,0
0.0,2,3,8.0,4,1,3.0,3,2,3,2,2,1,11.0,0.0,1.0,4.0,144.78,0
4.0,1,3,13.0,5,1,3.0,3,2,1,1,5,0,12.0,0.0,1.0,7.0,175.47,0
5.0,1,1,8.0,3,0,3.0,2,2,1,2,8,0,16.0,0.0,1.0,7.0,150.55,0
0.0,2,1,8.0,0,1,2.0,5,3,1,1,6,1,13.0,1.0,2.0,2.0,134.64,1
3.0,1,1,32.0,3,0,3.0,3,2,1,1,2,0,13.0,1.0,1.0,9.0,157.75,0
4.0,0,1,13.0,4,0,2.0,4,0,3,1,2,0,23.0,6.0,8.0,9.0,189.43,0
12.0,0,1,13.0,3,1,2.0,4,5,1,1,2,0,15.0,6.0,9.0,3.0,291.97,0
2.0,1,3,9.0,3,0,2.0,3,2,3,1,5,1,18.0,1.0,1.0,0.0,152.38,1
6.0,0,3,16.0,5,1,2.0,4,2,1,2,4,0,14.0,1.0,1.0,1.0,146.82,0
20.0,1,1,11.0,4,1,2.0,3,5,3,1,5,0,11.0,1.0,1.0,1.0,283.0,0
16.0,0,1,16.0,4,0,2.0,4,2,3,1,2,0,11.0,1.0,1.0,0.0,152.57,0
0.0,0,3,6.0,5,1,3.0,3,2,4,1,1,1,13.0,0.0,1.0,4.0,163.49,0
27.0,0,1,26.0,4,0,2.0,3,2,3,2,4,0,12.0,0.0,1.0,3.0,148.69,0
16.0,1,1,13.0,4,0,2.0,3,0,5,1,9,0,16.0,1.0,1.0,0.0,199.85,0
18.0,2,1,14.0,6,1,3.0,3,2,1,1,10,0,14.0,6.0,9.0,8.0,136.97,0
13.0,1,3,6.0,3,1,2.0,5,2,1,1,3,1,22.0,1.0,1.0,2.0,174.57,0
9.0,2,1,14.0,6,1,3.0,5,3,5,1,2,1,11.0,0.0,1.0,7.0,123.02000000000001,1
2.0,2,1,15.0,6,1,2.0,4,4,1,2,1,0,17.0,1.0,2.0,2.0,139.83,0
3.0,1,3,11.0,5,0,2.0,4,2,3,1,2,0,13.0,1.0,1.0,2.0,161.18,0
0.0,1,3,14.0,5,0,2.0,3,2,4,1,2,0,18.0,0.0,1.0,7.0,162.14,0
10.0,1,1,11.0,3,1,3.0,3,2,1,1,8,0,16.0,1.0,1.0,4.0,163.47,0
11.0,1,1,21.0,4,1,3.0,4,0,1,1,1,1,14.0,2.0,2.0,3.0,215.10000000000002,0
4.0,1,1,13.0,3,0,2.0,3,0,1,2,2,1,14.0,4.0,4.0,10.0,171.43,0
2.0,1,3,16.0,5,0,2.0,4,2,4,1,2,1,14.0,1.0,1.0,7.0,182.68,0
8.0,1,1,11.0,1,1,3.0,3,0,4,2,1,0,13.0,1.0,1.0,11.0,180.95,0
0.0,2,1,32.0,4,1,3.0,3,3,1,1,2,0,12.0,0.0,1.0,2.0,129.04,0
14.0,1,1,12.0,3,1,3.0,4,2,4,2,7,1,15.0,1.0,1.0,2.0,160.32,0
20.0,0,3,10.0,0,1,3.0,3,2,3,2,4,0,19.0,0.0,1.0,0.0,129.76,0
15.0,1,1,29.0,4,0,2.0,3,1,1,2,3,0,14.0,0.0,2.0,0.0,259.92,0
2.0,0,3,8.0,4,1,3.0,3,2,3,1,2,0,14.0,1.0,1.0,2.0,146.49,0
15.0,2,2,8.0,1,1,3.0,3,3,3,1,1,1,11.0,1.0,1.0,0.0,126.96000000000001,0
5.0,2,1,14.0,0,0,3.0,3,3,4,1,2,0,13.0,0.0,1.0,7.0,123.69999999999999,0
21.0,1,3,32.0,3,0,3.0,3,0,3,1,4,0,21.0,0.0,1.0,3.0,225.04000000000002,0
10.0,1,1,12.0,3,1,2.0,2,2,5,1,5,1,13.0,6.0,6.0,7.0,159.74,0
3.0,0,3,31.0,1,0,2.0,3,2,3,1,8,1,12.0,2.0,2.0,2.0,147.36,0
0.0,1,3,6.0,4,1,2.0,3,2,3,1,2,0,17.0,0.0,7.0,7.0,152.96,0
15.0,1,1,8.0,6,1,3.0,4,2,1,2,4,0,23.0,1.0,1.0,0.0,167.81,0
9.0,0,3,6.0,2,0,3.0,4,3,4,2,2,1,11.0,1.0,1.0,2.0,123.02000000000001,1
9.0,0,3,6.0,3,0,2.0,3,2,1,2,5,0,15.0,1.0,1.0,0.0,166.53,0
9.0,0,3,9.0,3,1,2.0,4,0,1,1,5,0,11.0,0.0,1.0,11.0,196.99,0
27.0,1,1,6.0,3,1,2.0,3,2,3,1,3,0,11.0,0.0,1.0,2.0,167.55,0
9.0,2,1,16.0,4,0,2.0,2,3,3,1,4,1,13.0,0.0,1.0,7.0,123.02000000000001,0
0.0,0,3,14.0,0,1,2.0,3,3,1,2,2,0,23.0,2.0,2.0,2.0,126.1,0
0.0,2,3,11.0,5,0,3.0,3,3,3,2,2,1,13.0,0.0,1.0,0.0,128.51,1
10.0,2,1,16.0,0,0,3.0,3,3,5,1,7,0,20.0,1.0,1.0,3.0,134.52,0
19.0,0,1,13.0,3,0,2.0,3,2,3,1,3,0,14.0,1.0,1.0,0.0,152.58,0
4.0,0,3,10.0,5,1,2.0,3,2,4,2,2,0,18.0,4.0,7.0,7.0,193.55,1
23.0,1,1,16.0,2,1,3.0,4,0,1,2,7,0,15.0,1.0,1.0,3.0,204.96,0
3.0,1,3,28.0,5,1,3.0,4,2,3,1,3,1,12.0,1.0,1.0,0.0,163.8,1
4.0,2,1,14.0,4,1,2.0,4,3,4,2,1,1,16.0,2.0,2.0,2.0,126.57,0
0.0,2,3,18.0,4,0,3.0,2,3,4,2,2,0,15.0,0.0,1.0,0.0,127.16,1
9.0,2,1,29.0,4,1,2.0,3,3,1,2,10,0,16.0,0.0,1.0,2.0,123.02000000000001,0
8.0,1,1,15.0,4,1,3.0,4,2,4,2,10,0,19.0,0.0,1.0,0.0,165.4,0
0.0,2,1,6.0,3,1,2.0,3,4,4,1,2,0,11.0,0.0,1.0,4.0,138.16,0
1.0,1,3,15.0,4,1,3.0,3,2,1,2,2,0,16.0,1.0,1.0,7.0,152.53,0
22.0,1,1,13.0,6,1,2.0,4,0,3,2,9,0,23.0,1.0,1.0,3.0,209.64999999999998,0
24.0,2,3,20.0,4,0,2.0,3,2,1,1,5,0,11.0,1.0,1.0,7.0,149.36,0
9.0,2,1,14.0,4,0,3.0,3,3,3,1,5,0,13.0,2.0,2.0,2.0,125.43,0
0.0,0,3,25.0,5,1,3.0,2,2,1,2,9,1,13.0,0.0,1.0,4.0,153.04,1
27.0,1,1,8.0,4,0,3.0,3,1,1,2,3,1,13.0,1.0,1.0,2.0,266.59,0
0.0,2,3,16.0,5,0,3.0,3,2,3,1,2,1,12.0,0.0,1.0,3.0,142.6,0
3.0,2,3,14.0,1,1,3.0,3,3,4,1,2,0,18.0,1.0,1.0,0.0,124.75999999999999,0
0.0,0,1,9.0,1,1,3.0,3,3,5,2,1,0,22.0,0.0,1.0,4.0,131.02,1
9.0,2,1,17.0,0,0,2.0,3,3,4,1,2,0,13.0,1.0,1.0,2.0,123.02000000000001,0
9.0,1,3,8.0,3,1,3.0,4,0,3,1,2,0,13.0,6.0,9.0,0.0,175.96,0
9.0,0,1,10.0,1,1,2.0,3,3,1,2,10,1,23.0,1.0,1.0,0.0,123.02000000000001,1
10.0,2,1,20.0,4,0,3.0,3,3,5,1,2,0,12.0,6.0,9.0,11.0,130.34,0
13.0,1,3,8.0,5,0,2.0,3,2,4,1,8,0,12.0,0.0,1.0,3.0,157.15,0
15.0,2,1,14.0,4,0,3.0,3,3,5,1,4,0,16.0,0.0,1.0,2.0,125.75999999999999,0
10.0,2,1,16.0,4,1,2.0,3,2,4,2,3,1,12.0,0.0,1.0,1.0,141.97,0
16.0,1,1,18.0,4,1,2.0,4,1,4,1,2,0,11.0,3.0,2.0,9.0,243.36,0
13.0,2,1,8.0,0,0,3.0,4,2,3,1,7,0,22.0,1.0,1.0,0.0,134.48,0
27.0,1,1,11.0,3,1,2.0,3,5,5,1,5,0,15.0,1.0,1.0,2.0,291.97,0
7.0,0,3,10.0,5,0,3.0,3,2,3,1,10,0,15.0,0.0,1.0,2.0,165.38,0
4.0,2,1,13.0,3,0,2.0,3,2,5,1,2,0,12.0,3.0,3.0,11.0,143.06,0
9.0,0,1,27.0,0,1,3.0,3,3,1,1,8,0,20.0,1.0,1.0,2.0,123.02000000000001,0
16.0,2,1,14.0,6,0,3.0,3,2,3,1,5,1,14.0,1.0,1.0,2.0,145.22,0
0.0,2,3,10.0,4,0,3.0,4,2,1,2,2,1,11.0,0.0,1.0,3.0,144.87,0
10.0,0,1,31.0,3,0,3.0,3,2,3,1,4,1,15.0,4.0,9.0,7.0,144.49,0
9.0,2,1,6.0,4,1,3.0,4,3,5,1,2,0,12.0,3.0,3.0,2.0,123.02000000000001,0
12.0,0,1,6.0,4,1,2.0,3,5,3,1,2,1,14.0,0.0,1.0,6.0,291.97,0
27.0,0,3,12.0,4,0,2.0,2,1,5,1,10,0,11.0,6.0,2.0,7.0,232.12,0
3.0,1,3,18.0,1,0,2.0,3,2,3,2,1,0,11.0,3.0,4.0,4.0,165.77,0
14.0,1,3,6.0,5,1,2.0,2,0,5,1,2,0,16.0,1.0,1.0,7.0,183.92,0
1.0,2,1,23.0,3,1,3.0,3,2,5,1,2,0,12.0,0.0,1.0,8.0,145.58,0
0.0,2,1,9.0,3,1,3.0,3,4,5,1,6,0,13.0,1.0,1.0,2.0,140.31,1
25.0,1,1,9.0,3,1,2.0,4,0,3,1,3,1,14.0,1.0,1.0,4.0,179.69,0
18.0,2,1,14.0,4,1,3.0,3,3,1,1,4,0,21.0,0.0,1.0,2.0,126.53999999999999,0
25.0,1,1,10.0,4,0,2.0,3,1,1,1,3,0,13.0,1.0,1.0,4.0,265.55,0
15.0,0,1,32.0,4,0,3.0,3,2,3,1,3,0,11.0,1.0,1.0,2.0,145.56,0
3.0,1,1,8.0,4,0,2.0,5,2,1,2,3,0,20.0,1.0,1.0,2.0,160.91,0
27.0,1,1,13.0,4,0,2.0,3,5,5,1,6,0,15.0,1.0,9.0,10.0,291.97,0
19.0,2,1,24.0,3,0,2.0,3,2,3,1,3,0,14.0,1.0,1.0,8.0,148.1,0
15.0,0,1,32.0,1,0,2.0,4,2,1,1,1,0,11.0,0.0,1.0,4.0,145.23,0
0.0,2,3,6.0,1,0,3.0,3,3,4,2,2,1,16.0,0.0,1.0,4.0,132.02,1
0.0,0,3,14.0,5,0,2.0,5,3,3,1,1,0,16.0,0.0,1.0,0.0,123.50999999999999,1
9.0,0,1,8.0,4,1,2.0,3,4,1,1,2,1,23.0,1.0,1.0,0.0,123.02000000000001,0
13.0,1,3,8.0,4,0,3.0,3,5,3,1,1,0,14.0,1.0,1.0,11.0,280.41,0
0.0,2,1,29.0,4,0,3.0,3,3,1,1,2,0,22.0,0.0,1.0,2.0,128.86,0
9.0,0,1,9.0,4,1,2.0,3,3,1,1,5,0,15.0,1.0,1.0,4.0,123.02000000000001,0
2.0,1,1,9.0,3,1,3.0,4,0,3,1,2,0,18.0,0.0,1.0,3.0,219.35000000000002,0
0.0,2,1,14.0,1,0,3.0,4,3,4,1,6,0,16.0,1.0,1.0,1.0,125.46000000000001,1
0.0,2,2,14.0,1,1,2.0,4,3,1,2,2,0,12.0,0.0,1.0,0.0,125.63999999999999,1
3.0,0,3,28.0,6,0,3.0,3,0,5,1,1,0,11.0,3.0,7.0,8.0,184.12,0
27.0,1,3,32.0,5,1,2.0,4,1,1,1,4,0,12.0,1.0,2.0,0.0,241.18,0
23.0,1,1,32.0,4,1,2.0,4,1,3,1,1,0,15.0,1.0,9.0,7.0,270.46,0
3.0,0,1,14.0,0,0,2.0,3,3,1,2,1,0,14.0,1.0,6.0,7.0,125.63999999999999,0
27.0,0,3,32.0,5,0,3.0,4,0,5,1,5,0,19.0,3.0,9.0,11.0,202.66,0
20.0,1,1,8.0,3,0,3.0,3,2,1,1,6,0,13.0,0.0,1.0,4.0,150.7,0
19.0,1,1,8.0,4,1,2.0,3,1,3,1,7,0,13.0,1.0,1.0,1.0,278.61,0
8.0,2,1,28.0,4,1,2.0,5,4,3,2,1,0,15.0,1.0,4.0,3.0,142.3,0
27.0,2,1,6.0,4,0,2.0,3,2,3,2,8,0,11.0,0.0,1.0,0.0,137.8,0
7.0,2,1,8.0,4,1,3.0,4,3,3,1,4,0,12.0,3.0,5.0,7.0,127.68,0
5.0,1,3,16.0,5,0,3.0,4,0,1,1,3,1,19.0,0.0,1.0,2.0,190.71,0
4.0,1,1,15.0,4,1,2.0,3,0,4,1,2,0,23.0,0.0,1.0,8.0,206.48000000000002,0
0.0,1,1,21.0,3,1,2.0,3,0,3,1,8,1,12.0,3.0,2.0,7.0,236.10000000000002,1
0.0,2,1,16.0,0,1,2.0,5,3,1,1,8,0,13.0,0.0,1.0,3.0,134.08,1
3.0,2,3,13.0,5,1,3.0,3,3,4,2,1,0,14.0,0.0,1.0,2.0,129.83,0
8.0,1,1,22.0,4,1,3.0,3,0,3,1,5,1,12.0,0.0,1.0,0.0,176.32,0
0.0,0,1,26.0,4,1,3.0,3,0,3,1,4,0,12.0,1.0,1.0,0.0,198.24,1
0.0,0,2,29.0,6,0,2.0,3,0,5,1,10,1,15.0,1.0,1.0,2.0,199.5,1
9.0,0,1,11.0,6,1,3.0,3,3,3,1,5,0,17.0,0.0,2.0,0.0,123.02000000000001,0
9.0,0,3,16.0,3,1,2.0,3,0,1,2,2,0,14.0,6.0,9.0,7.0,199.8,0
0.0,0,1,10.0,1,1,3.0,4,4,3,2,6,0,16.0,0.0,1.0,2.0,138.94,1
21.0,2,3,8.0,5,0,2.0,3,2,1,1,3,0,14.0,6.0,6.0,7.0,140.51,0
27.0,1,3,24.0,4,0,2.0,3,1,4,2,4,0,23.0,1.0,7.0,8.0,268.35,0
14.0,0,3,16.0,4,1,2.0,3,2,1,2,8,0,14.0,0.0,1.0,10.0,162.3,0
8.0,2,3,6.0,5,1,2.0,3,2,3,1,10,0,11.0,0.0,6.0,9.0,147.17,0
13.0,1,1,12.0,4,0,3.0,3,1,3,2,8,0,15.0,4.0,2.0,11.0,232.37,0
12.0,0,1,14.0,4,0,2.0,3,4,3,1,2,0,11.0,1.0,1.0,7.0,137.55,0
4.0,1,3,8.0,4,1,3.0,3,2,1,2,5,1,13.0,1.0,1.0,5.0,165.82,0
15.0,1,1,30.0,3,1,2.0,3,0,5,1,2,1,21.0,5.0,5.0,8.0,174.06,0
18.0,2,3,8.0,6,1,3.0,3,2,4,1,1,0,19.0,3.0,3.0,7.0,148.05,0
0.0,0,2,23.0,4,0,3.0,3,3,3,1,1,1,11.0,0.0,1.0,0.0,127.41,1
2.0,2,1,25.0,1,1,2.0,3,2,1,1,5,0,12.0,1.0,1.0,2.0,142.62,0
6.0,1,1,6.0,3,0,3.0,2,1,3,1,5,0,19.0,1.0,1.0,5.0,261.84,0
4.0,1,3,13.0,4,1,2.0,4,0,1,1,10,0,21.0,1.0,1.0,3.0,215.57,0
9.0,0,3,11.0,5,1,3.0,3,4,4,2,2,1,14.0,1.0,1.0,0.0,123.02000000000001,1
13.0,0,3,32.0,6,1,2.0,5,0,5,1,4,0,15.0,0.0,1.0,3.0,209.32,0
14.0,0,1,8.0,6,0,3.0,4,2,3,2,3,1,17.0,0.0,1.0,7.0,168.11,0
0.0,2,3,32.0,3,1,2.0,3,2,3,1,6,0,12.0,0.0,1.0,0.0,143.06,0
8.0,2,3,6.0,3,0,3.0,3,2,3,2,2,0,16.0,1.0,1.0,3.0,148.59,0
7.0,1,3,27.0,4,1,3.0,2,2,1,2,2,0,12.0,0.0,5.0,7.0,153.37,0
0.0,2,1,14.0,1,1,3.0,5,3,1,2,2,1,18.0,0.0,1.0,0.0,123.4,1
10.0,1,1,6.0,1,0,2.0,3,0,1,2,5,0,17.0,1.0,1.0,2.0,174.91,0
19.0,0,1,24.0,3,0,2.0,3,0,3,1,6,0,11.0,0.0,1.0,2.0,205.27,0
14.0,1,3,8.0,4,0,3.0,3,1,5,1,8,0,16.0,1.0,9.0,8.0,265.95,0
10.0,0,3,15.0,3,1,3.0,3,0,4,1,2,0,13.0,1.0,7.0,7.0,188.34,0
25.0,1,1,12.0,1,1,3.0,3,2,5,1,4,1,12.0,2.0,6.0,9.0,155.77,0
0.0,0,3,17.0,6,1,2.0,2,2,3,1,9,0,12.0,1.0,1.0,2.0,147.07,1
0.0,0,3,14.0,0,1,2.0,3,3,1,1,1,0,13.0,1.0,2.0,1.0,124.0,0
11.0,1,1,16.0,3,0,3.0,3,2,3,1,4,0,19.0,0.0,1.0,0.0,198.24,0
10.0,1,1,6.0,4,0,3.0,3,2,4,1,7,0,12.0,4.0,4.0,3.0,164.47,0
22.0,1,1,24.0,4,1,2.0,4,5,3,1,2,1,15.0,1.0,1.0,9.0,291.97,0
0.0,2,1,29.0,0,1,3.0,2,3,1,1,2,1,11.0,0.0,1.0,4.0,127.25,0
0.0,1,3,32.0,5,1,3.0,3,2,4,1,2,0,20.0,0.0,1.0,4.0,162.72,0
9.0,2,1,23.0,6,1,3.0,4,3,4,1,2,0,21.0,1.0,1.0,0.0,123.02000000000001,0
23.0,0,2,9.0,3,1,3.0,3,5,4,1,2,0,11.0,1.0,9.0,7.0,282.0,0
9.0,2,3,19.0,0,1,2.0,3,3,3,1,2,0,11.0,1.0,1.0,6.0,123.02000000000001,0
0.0,0,1,13.0,4,0,3.0,3,3,3,1,2,1,16.0,0.0,1.0,2.0,128.86,1
9.0,0,3,18.0,4,1,3.0,4,3,5,1,2,0,18.0,1.0,1.0,0.0,123.02000000000001,1
7.0,2,1,6.0,4,1,2.0,4,4,1,1,2,1,13.0,1.0,1.0,3.0,136.22,0
0.0,2,3,19.0,3,1,2.0,3,2,5,1,3,0,17.0,0.0,1.0,2.0,142.33,1
8.0,2,1,31.0,6,1,2.0,4,2,1,2,5,0,14.0,1.0,1.0,2.0,136.81,0
4.0,1,3,12.0,3,1,3.0,2,2,1,1,5,0,22.0,5.0,5.0,7.0,154.6,0
9.0,2,1,12.0,0,0,3.0,4,3,3,1,1,0,12.0,0.0,1.0,3.0,123.02000000000001,0
10.0,1,3,8.0,5,1,3.0,3,2,3,1,5,1,11.0,0.0,1.0,0.0,196.02,0
0.0,2,1,6.0,4,0,3.0,4,3,4,2,2,0,13.0,0.0,1.0,0.0,128.36,0
15.0,2,1,8.0,4,0,2.0,3,2,1,1,2,0,13.0,0.0,2.0,2.0,140.89,0
16.0,1,1,12.0,6,1,2.0,4,1,1,1,5,1,14.0,1.0,1.0,0.0,266.27,0
11.0,2,1,14.0,4,0,2.0,3,3,5,2,4,0,17.0,0.0,1.0,0.0,126.19,0
16.0,0,1,15.0,3,1,3.0,3,2,3,1,4,1,13.0,1.0,4.0,7.0,156.79,0
21.0,1,1,6.0,4,0,2.0,4,1,5,1,8,0,11.0,0.0,2.0,2.0,254.01999999999998,0
17.0,1,2,6.0,4,0,2.0,4,2,3,2,5,0,11.0,1.0,1.0,2.0,159.85,0
7.0,2,3,14.0,1,0,2.0,3,3,3,1,2,1,18.0,1.0,1.0,6.0,125.78999999999999,0
0.0,2,3,8.0,5,1,3.0,3,3,5,1,1,0,11.0,1.0,1.0,2.0,130.41,1
0.0,2,3,28.0,1,1,2.0,3,3,3,2,2,0,11.0,0.0,1.0,2.0,134.47,0
17.0,1,1,9.0,6,1,2.0,3,5,1,1,5,1,15.0,0.0,1.0,1.0,291.97,0
0.0,2,1,12.0,0,1,3.0,3,3,3,1,1,0,20.0,1.0,2.0,2.0,127.72999999999999,0
6.0,1,3,14.0,5,1,2.0,3,2,3,1,1,0,12.0,0.0,1.0,2.0,171.04,0
5.0,1,1,15.0,4,0,3.0,3,2,1,1,2,1,12.0,1.0,1.0,5.0,163.22,0
9.0,0,1,9.0,0,0,3.0,3,3,3,1,2,0,20.0,1.0,1.0,0.0,123.02000000000001,0
26.0,1,3,6.0,3,0,2.0,3,2,5,2,8,0,20.0,4.0,8.0,10.0,183.81,0
7.0,2,1,6.0,4,1,3.0,3,3,1,1,2,0,12.0,1.0,8.0,8.0,126.91,0
8.0,0,3,32.0,4,0,3.0,3,2,5,1,3,0,14.0,0.0,1.0,0.0,142.86,1
0.0,1,1,12.0,4,0,3.0,3,4,1,1,2,1,13.0,0.0,1.0,2.0,123.02000000000001,0
10.0,1,1,9.0,6,1,2.0,3,0,3,1,2,0,15.0,6.0,7.0,8.0,194.34,0
2.0,1,3,9.0,3,0,3.0,3,2,3,1,2,0,14.0,0.0,1.0,2.0,155.61,0
8.0,1,1,12.0,4,1,2.0,5,2,1,2,2,0,13.0,0.0,9.0,8.0,166.46,0
6.0,0,1,12.0,4,1,2.0,3,2,1,1,4,0,23.0,3.0,4.0,7.0,177.25,0
27.0,1,2,25.0,3,1,2.0,3,0,4,1,3,0,15.0,2.0,7.0,1.0,207.25,0
9.0,1,1,15.0,3,1,2.0,4,2,4,1,3,1,11.0,0.0,1.0,2.0,188.47,0
9.0,2,1,9.0,0,1,2.0,4,3,1,2,1,0,13.0,1.0,1.0,1.0,123.02000000000001,0
0.0,1,1,16.0,3,1,2.0,3,4,3,2,2,1,11.0,1.0,1.0,1.0,123.02000000000001,1
0.0,0,1,9.0,4,1,3.0,3,3,5,2,2,1,11.0,5.0,9.0,7.0,133.48,1
9.0,0,1,9.0,4,1,2.0,4,4,3,1,2,0,18.0,1.0,1.0,0.0,123.02000000000001,0
0.0,2,1,10.0,0,1,3.0,2,3,5,1,3,0,16.0,0.0,1.0,2.0,128.19,0
0.0,2,3,14.0,4,1,2.0,2,2,4,1,1,0,22.0,1.0,1.0,2.0,148.51,0
11.0,2,3,13.0,5,0,2.0,4,2,1,2,1,0,20.0,1.0,1.0,5.0,140.28,0
2.0,0,1,6.0,4,1,3.0,5,3,1,1,2,0,18.0,0.0,2.0,8.0,127.19999999999999,0
21.0,1,3,8.0,5,1,2.0,2,2,4,1,4,0,12.0,0.0,2.0,2.0,181.2,0
0.0,0,3,9.0,3,0,3.0,2,2,1,1,2,1,20.0,1.0,1.0,4.0,146.47,0
10.0,2,1,16.0,4,1,3.0,2,4,1,2,4,0,17.0,1.0,1.0,0.0,146.8,0
23.0,2,1,32.0,0,1,3.0,2,3,3,1,2,1,11.0,0.0,3.0,8.0,132.21,0
7.0,1,1,15.0,3,0,2.0,4,0,4,2,2,0,14.0,4.0,7.0,7.0,186.21,0
0.0,2,3,9.0,4,0,3.0,3,2,3,2,10,0,14.0,1.0,2.0,0.0,145.77,1
12.0,2,1,8.0,1,0,3.0,4,2,3,2,2,0,11.0,1.0,9.0,10.0,145.53,0
5.0,1,3,16.0,5,1,2.0,3,2,1,2,2,0,12.0,1.0,1.0,8.0,153.96,0
13.0,0,3,14.0,1,1,2.0,3,2,3,1,4,1,14.0,0.0,1.0,3.0,167.96,1
11.0,1,1,6.0,4,0,2.0,2,2,1,2,1,0,13.0,0.0,1.0,8.0,176.25,0
0.0,1,1,6.0,4,0,3.0,3,0,5,1,2,0,11.0,0.0,1.0,7.0,174.12,0
5.0,1,1,9.0,4,0,2.0,3,0,1,2,4,0,15.0,6.0,7.0,3.0,211.58999999999997,0
20.0,1,3,20.0,5,1,2.0,3,2,5,2,3,0,12.0,1.0,1.0,7.0,149.6,0
13.0,0,3,11.0,4,1,2.0,4,0,5,1,6,1,21.0,0.0,1.0,11.0,204.75,0
26.0,1,1,13.0,4,1,2.0,2,1,3,1,4,0,19.0,0.0,2.0,3.0,248.14,0
14.0,1,2,16.0,6,1,3.0,4,5,1,1,4,0,15.0,1.0,9.0,6.0,291.41,0
27.0,1,3,22.0,5,1,2.0,3,2,5,2,9,0,14.0,2.0,2.0,2.0,154.05,0
0.0,0,1,16.0,4,1,2.0,3,0,5,1,2,0,21.0,0.0,1.0,7.0,187.93,0
14.0,1,2,6.0,6,1,2.0,4,5,3,1,2,0,12.0,1.0,2.0,10.0,291.89,0
23.0,2,3,14.0,5,1,2.0,3,4,4,1,8,0,15.0,0.0,2.0,2.0,138.75,0
9.0,2,1,6.0,4,0,3.0,5,3,4,2,8,1,13.0,1.0,3.0,7.0,123.02000000000001,1
9.0,0,1,14.0,4,0,3.0,2,0,5,1,10,0,14.0,0.0,1.0,3.0,217.13,0
11.0,1,1,6.0,4,0,2.0,3,0,3,2,5,1,14.0,0.0,1.0,0.0,178.61,0
17.0,0,1,30.0,3,1,2.0,5,4,3,2,3,0,14.0,0.0,1.0,4.0,137.08,0
20.0,0,3,9.0,3,0,2.0,3,1,3,1,10,1,12.0,1.0,2.0,11.0,237.7,0
3.0,1,3,32.0,5,1,3.0,3,2,1,1,8,0,23.0,2.0,7.0,7.0,153.04,0
2.0,2,3,14.0,4,1,3.0,3,3,3,2,2,0,11.0,1.0,1.0,0.0,126.41999999999999,0
5.0,0,1,25.0,0,1,3.0,2,3,3,1,7,1,12.0,0.0,2.0,2.0,127.59,1
16.0,0,3,21.0,4,1,2.0,4,2,1,1,4,0,18.0,1.0,2.0,2.0,168.04,0
7.0,1,1,14.0,3,0,3.0,3,2,3,2,4,0,11.0,0.0,4.0,3.0,161.42,0
0.0,2,1,14.0,0,1,2.0,3,3,5,1,2,0,14.0,1.0,1.0,2.0,125.0,0
12.0,1,2,9.0,6,0,2.0,2,2,4,1,10,0,15.0,0.0,3.0,6.0,163.89,0
27.0,1,1,15.0,3,1,2.0,3,1,1,1,8,0,11.0,0.0,1.0,3.0,211.02999999999997,0
13.0,2,1,14.0,0,0,2.0,4,3,1,2,1,1,20.0,0.0,2.0,3.0,123.41999999999999,0
0.0,1,1,13.0,3,0,2.0,4,2,5,2,9,0,19.0,1.0,1.0,7.0,168.11,0
9.0,2,3,16.0,5,1,2.0,3,3,4,1,2,0,14.0,2.0,2.0,2.0,123.02000000000001,0
26.0,2,1,14.0,4,1,2.0,3,2,1,2,3,0,17.0,2.0,2.0,2.0,124.5,0
8.0,0,1,8.0,4,0,3.0,3,2,5,1,3,0,11.0,1.0,1.0,0.0,150.93,0
5.0,0,1,30.0,4,1,3.0,3,2,1,1,2,0,15.0,1.0,4.0,7.0,153.09,0
11.0,2,1,8.0,0,1,3.0,3,3,3,1,7,1,13.0,0.0,1.0,1.0,130.57,0
7.0,1,1,14.0,4,0,2.0,3,2,5,1,4,0,14.0,1.0,1.0,0.0,151.21,0
25.0,1,3,9.0,5,1,2.0,4,1,5,1,2,0,11.0,1.0,1.0,11.0,268.56,0
0.0,2,1,6.0,6,1,3.0,3,3,1,2,2,1,13.0,6.0,7.0,8.0,126.86000000000001,1
0.0,1,3,32.0,3,0,2.0,3,2,1,2,2,0,23.0,0.0,1.0,4.0,161.8,0
18.0,1,3,8.0,1,1,2.0,5,2,3,2,1,0,13.0,1.0,3.0,1.0,166.32,0
0.0,2,1,16.0,3,1,3.0,2,3,3,2,2,0,18.0,0.0,1.0,2.0,135.05,0
10.0,0,3,32.0,4,0,3.0,2,2,3,2,5,1,12.0,0.0,1.0,3.0,163.97,1
7.0,1,3,8.0,6,1,2.0,3,2,1,2,2,0,22.0,0.0,1.0,4.0,162.74,0
18.0,1,1,8.0,3,1,3.0,3,5,5,1,6,1,15.0,1.0,1.0,4.0,291.97,1
9.0,0,3,14.0,4,1,3.0,4,0,5,2,2,0,15.0,0.0,1.0,9.0,175.87,0
25.0,0,1,25.0,3,1,2.0,3,4,1,1,1,0,18.0,1.0,1.0,2.0,142.58,0
0.0,0,1,6.0,4,0,3.0,5,4,1,1,4,0,14.0,2.0,2.0,0.0,143.64,0
2.0,2,1,32.0,3,0,3.0,3,2,3,1,5,0,12.0,0.0,1.0,1.0,143.35,0
0.0,1,3,14.0,1,1,2.0,4,2,5,2,7,0,17.0,0.0,1.0,2.0,153.26,1
7.0,2,1,6.0,4,0,3.0,2,3,1,2,3,0,16.0,1.0,1.0,3.0,132.8,0
27.0,1,1,25.0,3,0,3.0,3,2,5,1,10,1,11.0,0.0,1.0,4.0,154.85,0
0.0,0,3,14.0,5,1,2.0,3,2,1,1,1,0,19.0,1.0,1.0,1.0,143.42,0
10.0,2,1,16.0,4,0,3.0,3,3,5,1,1,1,13.0,4.0,4.0,3.0,127.82,0
11.0,0,1,8.0,4,0,3.0,2,2,5,2,7,1,12.0,0.0,4.0,11.0,159.8,0
7.0,2,1,8.0,3,0,2.0,4,4,5,2,2,0,11.0,1.0,1.0,3.0,143.81,0
8.0,2,3,14.0,4,0,3.0,3,3,1,1,2,0,16.0,1.0,1.0,2.0,125.72,0
3.0,2,1,6.0,4,1,2.0,5,4,3,1,4,0,21.0,1.0,1.0,2.0,138.33,0
13.0,0,1,8.0,3,0,2.0,2,2,4,1,2,0,23.0,0.0,3.0,7.0,142.44,0
7.0,1,3,14.0,4,0,3.0,3,2,5,1,6,0,17.0,1.0,1.0,2.0,165.0,0
15.0,0,1,14.0,4,1,3.0,3,5,1,1,2,0,13.0,1.0,9.0,9.0,284.3,0
9.0,1,1,12.0,4,1,3.0,2,4,5,1,2,1,21.0,0.0,1.0,0.0,123.02000000000001,1
0.0,0,1,15.0,4,1,3.0,4,3,4,1,2,0,11.0,0.0,1.0,0.0,126.94,0
25.0,2,1,17.0,4,0,3.0,3,2,3,1,9,0,20.0,1.0,1.0,4.0,131.49,0
23.0,1,1,8.0,3,1,3.0,3,1,3,1,6,0,16.0,1.0,1.0,3.0,276.39,0
0.0,2,1,14.0,4,0,2.0,4,3,5,1,2,1,11.0,0.0,1.0,0.0,123.19,1
6.0,1,1,13.0,3,1,2.0,3,0,3,1,1,0,11.0,1.0,3.0,3.0,216.91000000000003,0
0.0,1,3,22.0,5,0,3.0,3,2,5,2,6,0,15.0,1.0,1.0,2.0,153.24,1
20.0,1,1,8.0,6,0,2.0,3,1,1,1,2,1,11.0,1.0,3.0,0.0,267.52,0
9.0,1,1,6.0,6,0,2.0,3,2,4,1,1,0,15.0,1.0,1.0,5.0,152.28,0
2.0,2,1,29.0,4,1,3.0,2,3,3,1,2,0,23.0,1.0,1.0,7.0,127.0,0
20.0,1,1,8.0,4,1,2.0,3,5,4,2,8,1,15.0,6.0,9.0,8.0,291.97,1
8.0,2,1,14.0,4,0,2.0,2,3,3,2,4,0,13.0,2.0,2.0,2.0,125.06,0
15.0,1,1,6.0,4,0,2.0,4,2,1,1,10,1,13.0,0.0,1.0,2.0,160.62,0
0.0,2,1,8.0,3,1,2.0,3,4,3,2,7,0,17.0,2.0,2.0,1.0,143.82,1
9.0,2,2,19.0,6,1,2.0,3,3,4,1,5,0,13.0,1.0,1.0,4.0,123.02000000000001,0
5.0,1,1,10.0,4,0,3.0,4,2,3,1,2,0,12.0,5.0,6.0,8.0,161.62,0
13.0,0,1,22.0,3,1,2.0,4,2,3,2,7,0,14.0,0.0,1.0,0.0,150.94,0
3.0,1,1,8.0,3,0,2.0,4,2,1,2,6,1,23.0,1.0,1.0,0.0,168.77,0
9.0,2,1,8.0,4,0,3.0,4,3,3,2,2,0,14.0,1.0,1.0,0.0,123.02000000000001,0
15.0,2,1,32.0,4,1,3.0,3,2,4,1,2,0,13.0,5.0,7.0,8.0,144.34,0
11.0,0,1,18.0,4,1,2.0,4,2,5,1,3,0,15.0,1.0,1.0,2.0,162.88,0
7.0,0,1,14.0,4,0,3.0,4,3,1,2,2,0,16.0,1.0,1.0,3.0,125.53,0
12.0,1,3,17.0,5,0,2.0,3,0,1,1,2,0,18.0,0.0,7.0,7.0,176.54,1
18.0,1,3,8.0,3,1,2.0,3,2,1,2,5,0,16.0,1.0,7.0,3.0,151.6,1
16.0,1,1,20.0,4,1,3.0,3,1,5,1,7,0,23.0,1.0,1.0,0.0,271.59,0
0.0,1,1,11.0,2,1,2.0,4,0,1,1,2,1,16.0,1.0,1.0,3.0,228.07999999999998,0
8.0,1,1,13.0,6,1,2.0,3,0,3,2,4,0,21.0,0.0,1.0,6.0,202.21,0
1.0,2,3,8.0,5,0,2.0,3,2,4,1,2,1,20.0,6.0,7.0,5.0,147.79,0
7.0,2,2,9.0,6,1,2.0,3,4,1,1,1,0,19.0,1.0,1.0,2.0,137.37,0
0.0,0,1,14.0,0,0,2.0,4,3,3,1,2,1,14.0,0.0,1.0,7.0,123.66,1
9.0,0,1,9.0,3,1,2.0,3,4,1,1,2,0,11.0,0.0,1.0,0.0,123.02000000000001,0
24.0,1,3,32.0,5,0,3.0,3,1,3,1,3,0,14.0,1.0,4.0,11.0,263.07,0
17.0,1,1,10.0,3,1,2.0,3,2,4,2,10,0,12.0,1.0,2.0,3.0,159.33,0
0.0,2,1,8.0,0,1,3.0,2,3,5,2,8,0,13.0,0.0,1.0,1.0,134.24,0
6.0,2,3,6.0,3,1,2.0,2,2,5,1,2,0,22.0,0.0,1.0,8.0,140.37,0
8.0,2,1,14.0,0,0,2.0,4,3,5,2,2,0,11.0,0.0,1.0,1.0,125.59,0
9.0,1,3,6.0,4,1,2.0,3,2,1,1,2,1,14.0,3.0,4.0,11.0,162.01,0
5.0,2,3,19.0,4,1,3.0,3,2,1,1,3,0,11.0,0.0,1.0,3.0,144.03,0
3.0,0,1,11.0,4,1,3.0,4,4,1,1,10,0,12.0,0.0,1.0,3.0,137.61,0
26.0,1,3,13.0,5,0,3.0,4,0,1,1,8,1,18.0,0.0,1.0,3.0,209.33999999999997,0
18.0,1,3,15.0,5,1,3.0,3,0,5,1,5,1,12.0,0.0,1.0,2.0,207.61,0
5.0,1,1,14.0,3,0,3.0,2,2,3,1,6,0,12.0,1.0,1.0,3.0,151.75,0
25.0,0,1,31.0,3,0,2.0,4,1,1,1,4,0,22.0,0.0,2.0,0.0,238.26,0
10.0,1,3,22.0,5,1,3.0,4,2,3,1,5,0,19.0,1.0,1.0,0.0,163.34,0
1.0,2,2,14.0,3,1,3.0,4,4,1,1,2,0,13.0,1.0,1.0,4.0,149.36,0
0.0,2,1,6.0,4,1,2.0,4,2,1,1,7,0,22.0,2.0,2.0,2.0,147.75,0
17.0,2,1,14.0,4,1,3.0,2,3,1,1,3,1,23.0,1.0,1.0,2.0,128.18,0
15.0,0,1,14.0,0,1,2.0,3,3,1,2,6,1,14.0,1.0,2.0,2.0,125.15,0
9.0,2,2,14.0,4,1,3.0,4,3,5,1,1,0,21.0,0.0,1.0,3.0,123.41999999999999,0
0.0,2,3,9.0,6,1,3.0,3,2,5,1,2,1,18.0,0.0,1.0,3.0,141.94,0
8.0,1,1,15.0,4,0,3.0,4,0,3,1,2,1,20.0,3.0,5.0,11.0,206.85000000000002,0
9.0,0,1,31.0,4,0,3.0,3,3,4,1,2,1,19.0,6.0,7.0,8.0,123.02000000000001,1
5.0,0,1,6.0,4,1,3.0,3,3,1,1,1,0,12.0,1.0,1.0,2.0,123.13999999999999,0
0.0,2,3,10.0,5,1,2.0,4,2,5,1,2,0,12.0,1.0,1.0,3.0,142.56,0
22.0,2,1,6.0,1,0,2.0,3,4,5,1,3,0,16.0,0.0,1.0,2.0,135.8,0
0.0,0,1,10.0,4,1,2.0,4,3,1,1,1,0,17.0,0.0,3.0,4.0,131.62,0
5.0,0,3,11.0,4,1,2.0,3,2,4,1,2,0,14.0,2.0,5.0,3.0,165.24,0
11.0,2,3,15.0,5,1,3.0,4,3,4,1,1,0,19.0,0.0,1.0,2.0,128.99,0
15.0,1,1,9.0,4,0,3.0,2,2,1,1,3,1,13.0,1.0,1.0,3.0,152.31,0
4.0,2,1,14.0,4,1,2.0,3,3,1,1,4,1,19.0,0.0,1.0,2.0,123.56,0
0.0,2,3,6.0,0,0,3.0,4,3,3,1,7,1,19.0,1.0,1.0,2.0,128.0,1
26.0,1,3,14.0,5,1,3.0,3,1,1,1,6,0,14.0,2.0,2.0,3.0,218.36,0
8.0,1,1,31.0,2,1,3.0,4,0,4,1,4,0,16.0,2.0,4.0,8.0,209.02999999999997,0
10.0,0,3,27.0,0,0,3.0,3,3,1,1,6,0,15.0,1.0,1.0,0.0,129.73,0
26.0,1,1,29.0,4,0,3.0,3,1,1,2,7,0,18.0,3.0,2.0,8.0,242.75,0
16.0,0,1,6.0,4,0,2.0,3,2,1,1,5,0,13.0,1.0,2.0,2.0,155.62,0
20.0,2,3,8.0,5,0,2.0,3,2,1,1,1,1,22.0,3.0,7.0,7.0,145.37,0
10.0,0,3,25.0,3,1,2.0,3,0,4,2,2,1,13.0,0.0,1.0,9.0,176.42,0
23.0,0,1,8.0,4,1,3.0,3,1,5,1,2,0,11.0,1.0,9.0,7.0,279.24,0
12.0,1,2,8.0,4,0,2.0,4,2,1,1,9,0,11.0,1.0,1.0,4.0,152.04,0
9.0,2,2,9.0,6,1,2.0,3,3,4,1,4,1,11.0,0.0,1.0,3.0,123.02000000000001,0
0.0,2,1,31.0,4,1,3.0,3,3,1,2,2,1,23.0,0.0,1.0,1.0,127.94999999999999,1
2.0,2,1,14.0,0,0,3.0,4,3,1,1,7,0,14.0,1.0,1.0,3.0,125.32,0
17.0,2,1,14.0,4,1,3.0,3,3,5,1,2,1,13.0,5.0,7.0,1.0,125.59,0
1.0,2,3,11.0,3,1,3.0,3,2,1,2,2,0,14.0,0.0,1.0,2.0,149.08,0
20.0,0,1,14.0,4,1,2.0,4,3,1,1,10,1,14.0,1.0,1.0,0.0,123.80000000000001,1
16.0,2,1,14.0,4,0,2.0,3,2,4,1,5,0,21.0,1.0,1.0,0.0,147.65,0
9.0,2,3,8.0,0,0,2.0,4,3,3,2,2,0,13.0,1.0,1.0,2.0,123.02000000000001,1
0.0,2,1,24.0,6,0,3.0,3,3,1,2,2,0,19.0,1.0,1.0,0.0,126.93,1
9.0,1,1,20.0,4,1,3.0,3,2,1,1,1,1,17.0,2.0,4.0,11.0,165.86,0
20.0,2,3,8.0,4,0,3.0,4,3,1,2,2,1,18.0,0.0,1.0,2.0,132.94,0
0.0,2,1,9.0,4,0,2.0,3,2,3,1,1,1,19.0,1.0,1.0,2.0,141.71,1
4.0,2,1,8.0,4,0,3.0,5,3,1,1,5,1,13.0,0.0,1.0,0.0,127.78,1
1.0,2,1,14.0,0,0,3.0,3,3,3,1,6,0,18.0,0.0,2.0,2.0,123.77000000000001,0
2.0,2,1,14.0,0,1,3.0,3,3,5,1,8,1,21.0,1.0,2.0,2.0,124.03999999999999,1
0.0,2,1,14.0,4,0,3.0,3,3,3,2,2,0,19.0,0.0,1.0,0.0,123.18,0
9.0,1,1,16.0,4,1,2.0,3,3,4,1,2,0,14.0,1.0,1.0,0.0,123.02000000000001,0
15.0,1,3,20.0,3,0,3.0,4,2,3,2,8,0,17.0,1.0,1.0,3.0,162.44,0
6.0,2,1,6.0,6,1,3.0,4,3,5,2,4,1,11.0,1.0,1.0,2.0,127.99000000000001,0
27.0,1,1,11.0,2,0,2.0,4,0,4,1,3,1,13.0,1.0,1.0,4.0,205.52,0
4.0,2,3,14.0,4,1,2.0,4,3,3,1,4,0,15.0,2.0,5.0,2.0,123.28999999999999,0
8.0,2,1,27.0,4,0,2.0,3,2,1,1,2,1,23.0,0.0,1.0,7.0,140.14,0
22.0,1,1,14.0,6,0,2.0,3,0,4,1,5,0,11.0,0.0,1.0,7.0,174.03,0
9.0,2,1,26.0,0,1,2.0,3,3,3,1,5,0,17.0,1.0,1.0,0.0,123.02000000000001,0
4.0,0,3,26.0,5,0,2.0,3,2,3,1,2,0,13.0,1.0,1.0,0.0,169.32,0
9.0,2,1,13.0,6,1,3.0,3,4,1,2,3,0,18.0,1.0,1.0,1.0,146.78,0
11.0,1,1,6.0,2,0,3.0,3,0,5,1,2,0,13.0,4.0,2.0,11.0,235.82,0
5.0,0,1,14.0,4,0,3.0,4,3,4,1,7,0,20.0,0.0,1.0,2.0,123.32,0
0.0,2,3,14.0,5,1,2.0,4,3,4,1,2,1,18.0,0.0,1.0,0.0,124.13,1
13.0,1,3,16.0,5,1,3.0,4,0,4,1,3,0,12.0,0.0,1.0,0.0,197.05,0
0.0,0,3,6.0,3,1,2.0,4,2,5,2,2,0,12.0,0.0,1.0,7.0,142.94,0
14.0,2,1,12.0,3,1,2.0,3,4,5,2,3,1,13.0,1.0,2.0,11.0,147.21,0
9.0,2,1,14.0,0,1,3.0,3,3,3,2,5,0,21.0,1.0,3.0,9.0,125.19,0
9.0,2,3,27.0,6,1,2.0,4,3,4,2,2,1,13.0,1.0,1.0,0.0,123.02000000000001,1
0.0,2,1,10.0,1,1,3.0,3,3,5,2,2,0,19.0,1.0,1.0,0.0,129.73,1
4.0,1,1,18.0,3,0,2.0,3,2,1,1,1,1,11.0,6.0,8.0,5.0,158.55,0
13.0,0,1,15.0,3,1,2.0,3,4,4,1,9,1,14.0,0.0,1.0,0.0,136.17,0
5.0,1,1,9.0,3,0,3.0,3,2,5,1,2,0,12.0,1.0,6.0,3.0,167.25,0
0.0,1,3,9.0,4,1,2.0,4,0,1,1,2,1,11.0,3.0,3.0,7.0,203.25,1
6.0,1,1,6.0,4,0,2.0,4,2,1,2,1,0,14.0,1.0,1.0,4.0,169.49,0
0.0,1,3,6.0,4,1,2.0,4,0,3,1,6,0,11.0,5.0,9.0,11.0,206.08999999999997,1
18.0,0,1,10.0,4,1,2.0,3,2,4,1,2,0,12.0,1.0,1.0,8.0,144.47,0
9.0,0,3,26.0,2,0,2.0,3,3,1,1,2,0,15.0,0.0,1.0,2.0,123.02000000000001,0
8.0,2,3,24.0,3,0,2.0,3,2,3,1,2,0,16.0,1.0,1.0,0.0,146.01,0
25.0,1,1,6.0,4,1,3.0,3,1,1,1,3,0,15.0,1.0,7.0,8.0,270.99,0
20.0,2,1,14.0,1,1,2.0,3,3,3,2,5,0,23.0,0.0,1.0,0.0,124.78999999999999,1
26.0,1,3,8.0,3,1,2.0,3,1,3,1,7,0,13.0,6.0,2.0,2.0,248.51999999999998,0
3.0,1,3,14.0,6,1,3.0,3,0,3,1,6,0,11.0,2.0,7.0,7.0,172.64,0
11.0,0,3,16.0,1,0,2.0,3,2,1,2,2,1,13.0,1.0,1.0,3.0,156.66,0
8.0,1,3,9.0,4,1,3.0,3,0,1,1,7,0,13.0,0.0,1.0,8.0,178.23,0
12.0,1,3,8.0,4,1,2.0,2,0,3,2,1,0,18.0,0.0,1.0,7.0,178.8,0
3.0,0,3,30.0,4,0,3.0,2,1,4,2,5,1,16.0,1.0,2.0,0.0,231.94,1
20.0,0,1,22.0,3,1,3.0,2,2,3,1,2,1,19.0,1.0,2.0,7.0,150.67,0
9.0,0,3,14.0,1,1,2.0,3,2,1,1,5,0,13.0,1.0,1.0,7.0,150.79,0
0.0,0,1,14.0,0,1,2.0,4,3,5,2,1,1,22.0,0.0,1.0,2.0,123.21000000000001,1
6.0,0,3,23.0,4,1,2.0,3,1,3,2,2,0,11.0,1.0,6.0,0.0,274.44,0
0.0,2,1,14.0,4,0,3.0,4,3,5,2,7,1,20.0,1.0,1.0,0.0,124.03999999999999,1
6.0,2,1,19.0,4,0,2.0,3,3,1,2,4,0,18.0,1.0,1.0,2.0,134.52,0
9.0,2,1,6.0,0,0,3.0,3,3,1,1,4,0,14.0,1.0,1.0,2.0,123.02000000000001,0
23.0,1,1,6.0,3,1,3.0,3,1,1,1,10,0,22.0,1.0,1.0,3.0,273.99,0
6.0,0,1,6.0,6,0,2.0,2,2,4,1,2,1,13.0,1.0,1.0,2.0,154.88,0
14.0,0,1,15.0,3,1,3.0,3,5,3,1,3,0,15.0,0.0,1.0,11.0,291.97,0
0.0,2,1,22.0,1,0,3.0,3,3,4,1,10,0,14.0,2.0,2.0,2.0,128.11,0
18.0,0,1,29.0,4,1,2.0,3,2,5,1,2,1,15.0,1.0,1.0,8.0,136.33,0
20.0,2,3,10.0,4,0,2.0,3,2,1,2,2,1,17.0,1.0,1.0,7.0,141.63,0
9.0,2,1,28.0,4,0,2.0,3,3,3,1,5,1,11.0,0.0,1.0,1.0,123.02000000000001,1
23.0,1,1,30.0,4,1,3.0,3,1,3,1,4,1,18.0,1.0,2.0,5.0,239.73000000000002,0
11.0,0,1,16.0,0,1,3.0,3,3,3,1,1,0,17.0,0.0,1.0,2.0,126.84,0
19.0,1,1,13.0,3,1,3.0,3,0,3,1,7,0,13.0,1.0,1.0,7.0,208.45,0
0.0,2,1,23.0,3,0,2.0,4,2,3,1,2,0,15.0,0.0,3.0,2.0,143.77,0
0.0,2,1,20.0,6,1,2.0,4,4,4,1,2,1,23.0,1.0,1.0,2.0,137.43,1
4.0,0,1,6.0,4,0,3.0,3,2,5,1,2,0,12.0,1.0,1.0,3.0,141.48,0
0.0,0,1,11.0,4,1,3.0,3,4,1,2,2,0,15.0,0.0,1.0,0.0,123.02000000000001,0
27.0,1,1,23.0,2,0,2.0,3,0,3,1,9,0,11.0,0.0,1.0,8.0,207.39,0
8.0,1,1,31.0,3,0,2.0,3,0,3,1,2,1,11.0,0.0,9.0,1.0,203.88,0
3.0,1,1,14.0,4,0,3.0,2,0,5,1,1,1,12.0,0.0,1.0,3.0,214.16000000000003,0
0.0,2,1,14.0,0,0,3.0,4,3,5,2,2,1,15.0,1.0,1.0,0.0,126.0,1
0.0,0,1,14.0,0,0,2.0,3,3,4,2,1,0,17.0,0.0,1.0,2.0,124.22,1
0.0,1,1,8.0,3,1,2.0,2,2,1,1,2,0,12.0,1.0,1.0,3.0,154.72,0
0.0,2,1,14.0,4,1,3.0,5,3,5,1,2,0,15.0,0.0,1.0,1.0,124.50999999999999,0
21.0,2,1,12.0,4,1,3.0,4,2,3,2,3,0,13.0,0.0,2.0,2.0,142.4,0
21.0,1,1,10.0,4,1,3.0,4,0,3,2,8,0,14.0,1.0,4.0,3.0,209.99,0
14.0,1,1,13.0,3,0,2.0,3,2,3,2,7,0,14.0,2.0,2.0,1.0,150.03,0
12.0,1,1,6.0,4,0,3.0,4,1,1,1,2,0,16.0,6.0,9.0,3.0,227.42000000000002,0
0.0,2,1,8.0,4,0,2.0,3,2,1,1,1,0,18.0,2.0,2.0,2.0,142.27,0
8.0,2,1,16.0,6,1,2.0,3,4,1,1,2,0,20.0,0.0,1.0,2.0,139.17,0
0.0,1,3,11.0,5,1,2.0,3,5,3,1,7,0,13.0,1.0,1.0,0.0,283.03,0
23.0,2,1,14.0,4,1,3.0,3,3,1,1,5,0,18.0,1.0,1.0,0.0,123.80000000000001,0
27.0,1,1,8.0,4,0,3.0,4,1,1,2,4,1,13.0,4.0,2.0,3.0,237.26,0
0.0,2,1,17.0,3,0,3.0,5,2,4,1,6,0,15.0,1.0,1.0,0.0,147.77,1
27.0,0,1,24.0,3,1,3.0,3,2,4,1,4,1,14.0,2.0,6.0,7.0,163.85,0
14.0,0,1,13.0,4,0,2.0,5,5,3,1,2,0,15.0,5.0,5.0,10.0,291.97,0
11.0,1,3,9.0,4,1,2.0,3,2,1,2,9,1,12.0,1.0,1.0,0.0,168.61,0
0.0,0,3,32.0,3,1,3.0,5,2,5,2,9,0,18.0,1.0,2.0,2.0,149.69,1
15.0,1,3,8.0,5,0,2.0,5,5,1,1,2,0,15.0,3.0,6.0,9.0,291.97,1
17.0,1,3,32.0,3,0,2.0,2,1,1,1,4,1,18.0,4.0,2.0,11.0,233.2,0
23.0,0,3,6.0,4,0,3.0,3,2,3,1,1,0,12.0,0.0,1.0,11.0,163.47,0
0.0,2,1,22.0,4,0,3.0,2,3,5,2,2,0,16.0,3.0,9.0,11.0,127.43,1
12.0,0,1,28.0,3,0,2.0,3,0,5,2,2,1,13.0,1.0,2.0,8.0,208.8,0
6.0,0,3,14.0,4,0,2.0,4,3,1,2,1,0,19.0,0.0,2.0,2.0,123.41999999999999,0
18.0,1,3,17.0,4,0,2.0,3,1,1,1,4,0,13.0,1.0,1.0,1.0,276.5,0
5.0,0,1,32.0,3,0,3.0,3,4,3,2,10,0,12.0,6.0,7.0,7.0,140.25,0
7.0,1,3,6.0,5,1,3.0,2,2,1,1,1,0,11.0,0.0,1.0,9.0,197.25,0
27.0,1,3,6.0,2,1,3.0,3,0,1,1,4,1,14.0,1.0,1.0,3.0,219.04000000000002,0
9.0,2,2,30.0,0,1,2.0,3,3,4,2,2,0,16.0,0.0,1.0,4.0,123.02000000000001,0
26.0,0,3,8.0,5,0,2.0,4,0,4,1,3,0,12.0,5.0,6.0,11.0,175.25,0
0.0,2,1,21.0,6,1,2.0,3,2,3,1,8,0,14.0,0.0,1.0,0.0,148.34,1
9.0,0,1,8.0,4,1,2.0,3,3,5,1,7,1,14.0,0.0,1.0,2.0,123.02000000000001,1
9.0,2,3,16.0,4,0,2.0,3,3,3,1,2,1,19.0,0.0,1.0,0.0,123.02000000000001,0
1.0,1,3,16.0,3,1,3.0,3,4,4,1,2,0,22.0,0.0,1.0,0.0,123.02000000000001,0
11.0,0,1,9.0,6,1,3.0,3,3,3,1,4,0,16.0,2.0,2.0,2.0,128.21,0
23.0,1,1,8.0,3,1,3.0,3,5,3,1,3,1,15.0,4.0,7.0,7.0,291.97,0
10.0,2,1,9.0,6,0,2.0,3,2,4,2,4,0,15.0,1.0,1.0,1.0,141.07,0
13.0,1,3,32.0,5,1,3.0,3,2,5,1,2,0,14.0,3.0,7.0,5.0,183.96,0
9.0,0,1,6.0,0,0,3.0,4,3,3,1,2,0,13.0,0.0,1.0,3.0,123.02000000000001,0
19.0,1,1,6.0,3,1,2.0,3,5,1,1,10,0,15.0,1.0,2.0,2.0,291.97,0
27.0,1,3,8.0,4,0,2.0,4,0,3,1,7,0,11.0,6.0,7.0,0.0,206.86,0
27.0,0,1,15.0,0,0,3.0,3,3,3,1,3,0,19.0,1.0,1.0,3.0,129.42,0
9.0,1,1,18.0,3,0,2.0,4,0,1,2,1,0,11.0,5.0,7.0,8.0,188.58,0
27.0,0,1,8.0,3,1,2.0,4,1,5,2,8,0,15.0,1.0,6.0,2.0,267.56,0
16.0,1,3,31.0,3,1,3.0,4,0,1,1,6,0,13.0,1.0,1.0,0.0,207.98000000000002,0
0.0,0,3,14.0,5,0,2.0,3,3,1,2,2,1,14.0,1.0,1.0,2.0,123.22999999999999,1
9.0,1,1,16.0,4,0,2.0,4,4,5,2,2,0,13.0,0.0,1.0,0.0,123.02000000000001,1
19.0,2,1,14.0,4,0,3.0,4,2,5,1,9,1,23.0,1.0,1.0,7.0,146.15,0
14.0,2,1,14.0,4,1,2.0,3,3,3,1,10,1,12.0,0.0,2.0,7.0,124.61000000000001,1
0.0,0,1,30.0,1,1,3.0,4,0,5,2,2,0,12.0,1.0,1.0,9.0,187.22,1
0.0,2,1,6.0,3,1,2.0,4,4,5,1,2,0,16.0,1.0,1.0,3.0,139.55,0
3.0,1,1,26.0,6,1,2.0,3,2,5,1,1,0,15.0,0.0,1.0,2.0,199.57,0
14.0,2,1,13.0,1,0,2.0,2,3,3,1,2,0,13.0,0.0,1.0,8.0,133.76,0
11.0,1,1,23.0,4,0,3.0,4,0,3,1,1,0,18.0,1.0,1.0,9.0,188.23,0
13.0,1,1,26.0,2,1,3.0,3,0,1,1,5,0,20.0,3.0,9.0,1.0,203.22,0
0.0,0,1,14.0,4,1,2.0,5,4,3,1,2,0,19.0,1.0,1.0,2.0,146.21,0
27.0,0,1,8.0,4,1,3.0,3,0,4,1,4,0,18.0,0.0,1.0,3.0,209.76,0
1.0,2,1,16.0,6,0,2.0,3,2,3,2,4,0,13.0,0.0,1.0,7.0,136.6,0
7.0,1,2,6.0,3,1,3.0,4,0,5,1,10,0,14.0,2.0,3.0,6.0,204.82,1
6.0,1,1,11.0,4,1,2.0,4,0,1,1,5,0,15.0,1.0,1.0,2.0,171.19,0
0.0,1,3,10.0,2,1,2.0,3,0,5,2,1,1,22.0,2.0,4.0,7.0,195.82,1
0.0,0,1,32.0,3,0,2.0,4,2,3,2,2,0,22.0,2.0,3.0,8.0,145.08,1
9.0,2,1,21.0,4,1,2.0,3,3,3,1,2,0,16.0,0.0,2.0,2.0,123.02000000000001,0
7.0,0,1,9.0,4,1,2.0,3,2,1,2,1,0,17.0,1.0,1.0,4.0,177.56,0
10.0,1,3,16.0,4,0,2.0,4,2,1,1,3,1,14.0,1.0,1.0,0.0,166.94,0
0.0,2,1,10.0,1,1,2.0,3,4,1,1,2,1,15.0,4.0,5.0,6.0,136.91,1
0.0,2,1,14.0,0,1,2.0,3,3,3,1,2,0,20.0,1.0,1.0,0.0,123.77000000000001,1
0.0,2,1,31.0,0,1,2.0,4,3,4,2,5,1,20.0,1.0,2.0,2.0,123.13,1
15.0,1,1,8.0,3,1,2.0,3,1,5,1,1,0,17.0,1.0,9.0,7.0,276.65,0
0.0,0,1,14.0,0,1,2.0,4,3,4,1,2,0,15.0,1.0,1.0,0.0,125.96000000000001,1
13.0,0,3,6.0,6,1,2.0,3,2,3,2,4,1,14.0,1.0,1.0,0.0,147.28,1
6.0,0,3,13.0,4,0,2.0,3,2,4,1,1,0,17.0,0.0,1.0,2.0,143.02,0
7.0,0,1,9.0,4,1,3.0,4,3,1,1,4,0,17.0,0.0,1.0,0.0,129.79,0
21.0,0,1,6.0,3,1,2.0,2,1,1,2,3,0,22.0,1.0,2.0,1.0,268.85,0
18.0,0,3,15.0,4,0,3.0,4,2,3,1,2,0,13.0,4.0,4.0,11.0,155.93,0
25.0,1,1,6.0,4,1,2.0,3,0,4,2,8,0,19.0,2.0,4.0,0.0,204.45,0
11.0,1,3,16.0,5,1,3.0,4,0,3,1,1,1,14.0,1.0,2.0,7.0,187.4,0
2.0,2,1,14.0,4,0,3.0,3,3,1,1,5,0,22.0,1.0,1.0,7.0,125.13999999999999,0
1.0,1,1,9.0,3,0,3.0,3,0,4,1,1,0,17.0,0.0,1.0,7.0,176.55,0
19.0,1,3,9.0,5,1,2.0,3,1,3,1,4,0,12.0,1.0,4.0,9.0,274.65,0
11.0,1,3,8.0,5,1,2.0,3,0,4,2,8,0,16.0,1.0,1.0,0.0,173.51,0
16.0,0,1,32.0,4,0,2.0,3,0,5,1,9,0,11.0,1.0,1.0,1.0,208.2,0
2.0,0,1,8.0,4,1,2.0,3,1,1,1,8,0,11.0,6.0,9.0,3.0,221.69,1
13.0,1,1,20.0,3,1,2.0,4,5,3,2,2,0,15.0,3.0,4.0,9.0,291.97,0
9.0,2,1,6.0,2,0,3.0,4,3,4,2,2,1,11.0,1.0,2.0,2.0,123.02000000000001,0
12.0,0,1,15.0,4,1,3.0,3,2,4,2,10,0,15.0,1.0,1.0,3.0,167.82,0
9.0,0,1,24.0,4,1,3.0,3,2,1,2,3,0,20.0,0.0,1.0,9.0,177.79,0
4.0,0,3,26.0,4,1,3.0,2,3,1,1,1,0,12.0,2.0,2.0,2.0,127.91,0
1.0,2,1,8.0,4,1,3.0,4,3,4,1,1,0,17.0,0.0,1.0,4.0,132.01,0
8.0,0,3,17.0,5,1,2.0,3,2,1,1,2,0,11.0,1.0,1.0,2.0,149.68,0
22.0,1,3,14.0,2,1,2.0,4,1,4,1,7,0,17.0,1.0,2.0,3.0,231.2,0
7.0,0,1,8.0,4,1,3.0,3,2,3,2,3,0,11.0,1.0,1.0,2.0,140.33,0
2.0,0,1,16.0,4,0,3.0,3,3,4,1,1,0,14.0,0.0,1.0,1.0,132.91,0
15.0,2,1,32.0,3,1,2.0,5,2,1,2,5,0,19.0,1.0,1.0,0.0,142.72,0
2.0,1,1,14.0,3,1,3.0,4,2,1,1,2,1,15.0,1.0,1.0,2.0,150.56,0
11.0,2,2,6.0,6,1,3.0,2,3,3,1,2,0,13.0,3.0,5.0,0.0,128.44,0
1.0,0,1,12.0,4,1,3.0,4,3,3,1,2,1,14.0,1.0,1.0,2.0,127.03,0
9.0,0,1,14.0,0,1,3.0,3,3,3,2,2,0,12.0,1.0,1.0,0.0,123.02000000000001,1
0.0,1,3,15.0,5,0,3.0,3,2,5,2,4,1,17.0,0.0,1.0,3.0,182.24,1
14.0,2,1,18.0,4,1,2.0,3,4,1,1,4,1,11.0,1.0,1.0,0.0,147.66,0
0.0,0,1,14.0,0,1,3.0,3,3,3,1,2,0,12.0,1.0,2.0,2.0,126.1,1
10.0,1,1,31.0,3,0,2.0,4,2,1,1,8,0,13.0,1.0,1.0,3.0,157.31,0
0.0,2,1,14.0,4,1,2.0,4,3,3,1,2,0,13.0,1.0,2.0,2.0,125.38999999999999,0
7.0,1,3,15.0,4,0,3.0,3,2,3,1,2,0,20.0,0.0,1.0,3.0,157.14,0
8.0,2,2,14.0,1,1,3.0,3,4,3,2,2,0,17.0,0.0,1.0,4.0,143.23,0
0.0,1,3,29.0,4,0,2.0,4,0,5,1,2,0,13.0,1.0,3.0,10.0,173.36,1
13.0,0,1,15.0,3,0,2.0,3,0,3,2,10,0,17.0,1.0,2.0,11.0,234.99,0
5.0,0,3,18.0,4,1,2.0,3,1,5,2,1,1,12.0,2.0,2.0,11.0,237.57999999999998,1
15.0,1,3,10.0,5,1,2.0,3,2,5,2,8,0,13.0,1.0,1.0,5.0,151.55,0
9.0,2,1,6.0,0,1,2.0,4,3,3,1,7,0,12.0,1.0,1.0,7.0,123.02000000000001,0
0.0,2,1,30.0,3,1,2.0,3,4,4,2,9,0,22.0,0.0,1.0,2.0,135.97,0
0.0,2,1,14.0,4,0,3.0,3,3,1,1,2,1,11.0,1.0,1.0,0.0,125.15,1
0.0,2,1,9.0,3,1,2.0,2,4,1,1,2,0,22.0,1.0,1.0,7.0,144.2,0
3.0,1,3,16.0,5,1,3.0,4,2,3,1,2,0,18.0,0.0,1.0,4.0,165.78,0
13.0,0,1,32.0,3,0,3.0,4,2,1,1,4,1,13.0,0.0,1.0,0.0,144.22,0
8.0,1,1,8.0,4,1,2.0,4,0,4,1,3,0,18.0,2.0,6.0,4.0,202.74,0
7.0,0,1,7.0,3,1,3.0,4,2,5,2,1,0,20.0,0.0,4.0,9.0,153.43,0
8.0,0,1,14.0,6,1,2.0,4,3,1,1,2,0,13.0,1.0,2.0,2.0,123.75999999999999,0
6.0,1,3,15.0,5,0,2.0,5,2,3,2,9,0,13.0,0.0,1.0,3.0,153.46,1
5.0,0,3,8.0,4,0,3.0,3,3,5,1,2,0,12.0,1.0,1.0,0.0,128.27,0
27.0,1,1,10.0,2,0,3.0,3,5,5,1,5,0,15.0,4.0,4.0,2.0,291.97,0
2.0,2,1,12.0,0,0,3.0,3,3,1,1,2,0,13.0,0.0,1.0,8.0,131.31,0
0.0,2,1,14.0,4,1,2.0,3,3,5,2,2,0,23.0,0.0,1.0,0.0,125.52000000000001,0
18.0,2,1,13.0,3,0,2.0,3,4,3,1,5,1,19.0,0.0,1.0,2.0,144.77,0
10.0,1,1,7.0,4,0,2.0,4,2,1,1,2,0,13.0,0.0,3.0,11.0,164.74,0
0.0,2,1,6.0,4,1,3.0,4,3,3,2,2,0,12.0,0.0,1.0,2.0,130.33,0
7.0,2,1,16.0,4,1,3.0,3,3,3,2,2,1,11.0,1.0,1.0,2.0,129.36,1
26.0,1,1,13.0,3,0,2.0,3,5,3,1,4,0,18.0,1.0,4.0,7.0,286.06,0
9.0,2,1,21.0,4,0,3.0,5,3,1,1,1,1,18.0,1.0,1.0,3.0,123.02000000000001,0
0.0,0,1,9.0,4,1,3.0,4,3,1,1,1,1,11.0,0.0,1.0,0.0,128.53,1
19.0,1,3,8.0,5,0,3.0,3,1,5,1,9,0,23.0,1.0,9.0,9.0,270.48,0
9.0,0,1,23.0,4,1,3.0,5,3,3,2,3,0,13.0,1.0,1.0,0.0,123.02000000000001,0
6.0,2,2,8.0,6,1,3.0,3,4,3,1,2,0,13.0,1.0,1.0,4.0,136.0,0
9.0,0,1,11.0,4,1,3.0,4,3,5,1,7,0,17.0,0.0,1.0,0.0,123.02000000000001,1
3.0,2,3,32.0,4,1,3.0,3,2,5,1,9,0,19.0,1.0,1.0,3.0,141.15,0
13.0,0,3,8.0,3,1,3.0,3,2,4,1,6,0,12.0,1.0,1.0,0.0,143.27,0
23.0,0,1,8.0,3,0,2.0,3,1,5,1,3,0,22.0,1.0,2.0,2.0,278.56,0
1.0,2,1,25.0,0,1,3.0,4,3,5,1,2,0,12.0,1.0,3.0,3.0,131.96,0
19.0,1,1,21.0,4,1,2.0,3,5,4,1,6,0,11.0,1.0,1.0,3.0,290.81,0
8.0,1,3,23.0,4,1,3.0,3,2,5,1,4,1,15.0,0.0,1.0,7.0,189.66,0
9.0,2,1,23.0,4,0,3.0,3,3,4,1,2,0,13.0,1.0,1.0,0.0,123.02000000000001,1
6.0,0,3,31.0,3,0,2.0,3,2,3,1,2,0,12.0,0.0,1.0,1.0,145.39,0
9.0,2,1,12.0,4,1,3.0,5,3,3,1,2,0,14.0,1.0,1.0,7.0,127.41,0
3.0,2,1,13.0,4,1,2.0,3,2,3,1,2,0,13.0,4.0,8.0,9.0,134.91,0
17.0,2,1,32.0,6,1,2.0,3,2,1,2,2,0,23.0,6.0,9.0,11.0,145.41,0
0.0,2,3,27.0,5,1,3.0,2,3,1,2,2,0,17.0,2.0,2.0,2.0,126.78,0
19.0,1,1,8.0,1,1,2.0,3,2,1,1,3,0,11.0,0.0,1.0,4.0,173.79,0
15.0,0,2,8.0,3,1,3.0,2,2,5,1,8,0,16.0,1.0,1.0,3.0,162.72,0
27.0,1,3,13.0,5,1,2.0,2,2,1,1,1,1,18.0,0.0,1.0,9.0,152.2,0
5.0,0,1,19.0,6,0,3.0,4,3,4,1,2,0,20.0,2.0,2.0,2.0,134.0,0
5.0,0,1,8.0,4,0,2.0,3,2,3,2,5,1,14.0,1.0,1.0,7.0,149.98,0
9.0,1,1,7.0,2,0,3.0,5,0,5,1,3,1,21.0,6.0,7.0,7.0,202.52,0
6.0,2,1,15.0,0,1,3.0,3,3,1,1,1,0,13.0,0.0,4.0,10.0,127.81,0
13.0,1,3,16.0,1,0,2.0,4,2,4,1,8,0,12.0,1.0,1.0,3.0,168.52,0
0.0,2,3,16.0,4,1,2.0,3,2,1,2,1,0,14.0,1.0,1.0,1.0,149.5,0
3.0,2,1,7.0,3,1,3.0,3,4,4,1,1,1,21.0,3.0,5.0,7.0,135.79,0
15.0,0,1,32.0,3,0,2.0,3,0,5,1,4,1,17.0,0.0,2.0,0.0,231.91000000000003,0
8.0,0,3,14.0,5,0,3.0,4,0,1,1,5,1,11.0,3.0,4.0,11.0,203.77,0
9.0,2,1,20.0,4,1,2.0,3,3,5,1,2,1,14.0,5.0,6.0,8.0,123.02000000000001,0
27.0,0,1,7.0,4,0,2.0,3,0,3,1,8,0,17.0,0.0,1.0,4.0,205.02,0
9.0,1,1,8.0,4,0,3.0,2,3,1,1,2,0,13.0,1.0,7.0,7.0,123.02000000000001,0
9.0,0,1,16.0,0,0,3.0,4,4,4,2,2,1,23.0,0.0,1.0,0.0,123.02000000000001,1
2.0,2,1,7.0,4,0,3.0,3,4,1,1,2,0,15.0,1.0,1.0,2.0,137.6,0
27.0,1,1,9.0,4,1,2.0,3,1,1,1,4,0,14.0,1.0,1.0,9.0,277.79,0
4.0,1,1,17.0,3,1,3.0,3,2,5,1,2,1,12.0,1.0,1.0,1.0,168.33,0
4.0,1,1,30.0,3,0,3.0,4,2,5,2,2,0,19.0,1.0,1.0,8.0,168.12,0
27.0,1,3,9.0,4,0,2.0,4,2,1,2,6,0,17.0,0.0,1.0,5.0,151.71,0
16.0,1,1,9.0,4,1,3.0,5,5,1,1,4,0,15.0,1.0,1.0,7.0,291.97,0
22.0,1,1,10.0,3,1,2.0,4,5,3,1,3,0,13.0,1.0,1.0,0.0,287.11,0
9.0,0,1,9.0,1,1,2.0,3,4,4,1,2,0,12.0,0.0,1.0,7.0,136.92,0
21.0,2,1,14.0,1,1,3.0,2,3,4,2,6,0,11.0,0.0,1.0,0.0,125.59,0
0.0,2,1,14.0,4,1,3.0,3,3,3,1,2,0,11.0,1.0,1.0,3.0,125.16999999999999,0
2.0,1,1,13.0,4,1,2.0,3,2,1,1,2,1,11.0,1.0,1.0,0.0,166.23,0
21.0,1,1,7.0,4,1,3.0,4,5,1,2,7,0,12.0,1.0,1.0,0.0,282.65,0
2.0,1,1,7.0,4,0,2.0,4,1,1,1,4,0,14.0,1.0,1.0,7.0,261.24,0
7.0,2,1,14.0,1,0,2.0,2,3,3,1,1,0,17.0,1.0,1.0,0.0,125.85,0
17.0,1,3,11.0,5,1,2.0,3,5,4,1,8,0,11.0,1.0,3.0,10.0,282.13,0
6.0,1,3,16.0,5,1,2.0,2,0,3,1,1,1,14.0,0.0,1.0,8.0,183.8,0
0.0,2,1,31.0,4,0,3.0,2,3,1,2,2,1,12.0,0.0,1.0,1.0,129.94,0
9.0,1,1,7.0,4,1,2.0,3,4,3,1,2,0,22.0,1.0,1.0,1.0,123.02000000000001,0
0.0,0,3,30.0,4,1,3.0,5,4,1,2,2,1,14.0,1.0,1.0,0.0,123.02000000000001,1
0.0,2,1,10.0,4,1,3.0,3,3,1,2,2,1,20.0,2.0,2.0,2.0,128.75,0
8.0,1,3,8.0,5,0,3.0,5,5,4,2,3,1,16.0,1.0,1.0,11.0,288.24,1
27.0,0,1,14.0,3,1,2.0,4,1,4,1,2,1,15.0,2.0,2.0,0.0,235.76999999999998,0
0.0,0,1,14.0,4,0,2.0,4,3,3,2,2,0,20.0,1.0,2.0,2.0,126.25,1
19.0,1,3,10.0,5,0,2.0,4,5,4,1,3,0,14.0,1.0,1.0,8.0,287.89,0
7.0,2,3,8.0,5,0,2.0,3,2,5,2,1,1,12.0,1.0,1.0,2.0,145.38,0
24.0,0,3,15.0,4,1,2.0,3,5,4,1,5,1,15.0,6.0,9.0,10.0,291.97,0
27.0,1,1,24.0,3,1,3.0,3,0,1,2,7,0,12.0,3.0,5.0,4.0,205.12,0
7.0,0,1,25.0,3,0,2.0,3,2,4,1,5,0,13.0,0.0,5.0,10.0,144.44,0
9.0,0,1,7.0,0,1,2.0,3,3,3,2,1,1,11.0,1.0,1.0,2.0,123.02000000000001,0
17.0,1,1,10.0,4,1,3.0,2,5,5,1,2,0,14.0,2.0,9.0,11.0,291.9,0
7.0,0,2,17.0,4,1,2.0,4,2,4,1,5,0,11.0,0.0,1.0,8.0,144.9,0
8.0,2,1,12.0,4,1,3.0,3,3,3,1,1,1,14.0,1.0,2.0,2.0,135.06,0
15.0,2,1,14.0,0,0,3.0,2,2,4,1,7,1,16.0,0.0,1.0,0.0,123.72,0
16.0,1,3,10.0,5,0,2.0,4,0,1,2,4,0,14.0,6.0,9.0,11.0,202.31,0
9.0,1,1,8.0,4,0,2.0,3,2,4,2,10,1,11.0,4.0,5.0,11.0,154.1,0
7.0,1,1,21.0,3,0,3.0,3,0,1,1,2,0,11.0,0.0,1.0,5.0,179.78,1
1.0,0,1,8.0,4,1,2.0,4,4,1,1,2,1,12.0,0.0,2.0,2.0,138.67,0
24.0,0,1,12.0,0,0,3.0,4,3,3,2,1,0,14.0,3.0,7.0,7.0,128.38,0
3.0,0,1,15.0,3,0,3.0,3,2,3,2,8,1,18.0,0.0,1.0,7.0,146.95,0
0.0,2,1,13.0,1,0,2.0,3,3,3,1,4,1,13.0,4.0,7.0,7.0,133.39,1
9.0,2,1,7.0,2,1,2.0,3,3,5,2,3,0,11.0,1.0,1.0,2.0,123.02000000000001,0
9.0,2,1,7.0,0,0,2.0,3,3,4,2,2,0,18.0,1.0,2.0,1.0,123.02000000000001,0
5.0,1,3,14.0,3,1,2.0,2,2,1,1,2,0,15.0,0.0,1.0,8.0,162.09,0
18.0,0,1,31.0,3,0,2.0,3,5,4,2,4,0,22.0,1.0,1.0,0.0,280.61,0
12.0,1,1,19.0,3,0,3.0,4,1,4,1,7,1,13.0,1.0,9.0,2.0,271.23,0
27.0,2,1,14.0,4,1,2.0,3,3,3,1,2,0,12.0,1.0,2.0,2.0,123.72,0
0.0,2,1,13.0,4,1,3.0,3,2,3,1,2,0,18.0,0.0,1.0,1.0,148.83,1
2.0,2,1,29.0,3,1,3.0,3,4,5,2,1,0,13.0,0.0,1.0,3.0,139.04,1
3.0,2,1,12.0,1,0,2.0,4,2,1,1,1,0,12.0,5.0,6.0,7.0,146.27,0
9.0,1,1,16.0,1,0,3.0,3,0,3,1,4,0,12.0,1.0,1.0,7.0,170.94,0
19.0,2,2,7.0,4,0,2.0,3,3,5,2,7,0,12.0,2.0,5.0,7.0,134.23,0
1.0,0,1,7.0,4,0,2.0,5,2,1,1,1,0,11.0,6.0,7.0,5.0,166.74,0
23.0,1,1,32.0,4,0,2.0,3,1,5,1,5,1,11.0,1.0,1.0,2.0,268.8,0
3.0,1,3,31.0,5,1,2.0,4,0,4,2,3,1,12.0,1.0,1.0,0.0,190.94,1
15.0,1,3,11.0,4,1,3.0,3,0,4,2,10,1,19.0,6.0,7.0,7.0,184.46,1
3.0,1,1,23.0,3,0,3.0,3,0,5,1,2,1,23.0,1.0,1.0,3.0,219.16000000000003,0
12.0,2,1,24.0,4,1,2.0,3,2,3,2,1,0,11.0,1.0,1.0,7.0,145.34,0
4.0,0,3,8.0,4,0,2.0,3,0,3,1,2,1,19.0,6.0,9.0,6.0,198.52,0
14.0,0,3,16.0,3,1,2.0,5,2,4,2,2,0,13.0,3.0,9.0,9.0,161.51,0
9.0,0,3,7.0,4,0,2.0,3,3,4,2,2,1,11.0,2.0,2.0,2.0,123.02000000000001,1
7.0,2,1,14.0,4,1,2.0,3,3,5,1,5,0,12.0,1.0,1.0,2.0,123.62,1
15.0,0,1,8.0,4,1,2.0,3,1,3,1,1,1,13.0,1.0,2.0,10.0,278.61,0
27.0,1,1,8.0,3,0,2.0,5,5,3,1,5,0,14.0,1.0,9.0,11.0,291.87,0
27.0,1,2,14.0,4,1,3.0,3,5,4,2,7,0,15.0,2.0,7.0,7.0,291.97,0
13.0,0,1,22.0,4,1,3.0,3,3,3,1,10,0,16.0,1.0,1.0,0.0,135.44,0
7.0,1,1,15.0,4,1,2.0,3,0,1,1,1,0,11.0,0.0,1.0,6.0,185.0,0
13.0,2,1,8.0,4,1,3.0,3,2,1,2,2,0,13.0,3.0,8.0,8.0,146.61,0
14.0,0,3,7.0,5,0,3.0,3,2,5,1,1,0,17.0,0.0,1.0,7.0,141.03,0
8.0,0,1,10.0,4,1,2.0,3,2,3,2,2,1,11.0,1.0,1.0,1.0,142.49,0
24.0,1,2,11.0,4,1,2.0,3,1,4,1,2,1,11.0,0.0,2.0,10.0,240.26,0
11.0,1,3,8.0,4,0,2.0,3,2,5,1,4,0,15.0,0.0,1.0,7.0,168.93,0
7.0,1,3,21.0,3,0,3.0,3,2,5,2,2,0,12.0,4.0,9.0,6.0,161.25,0
0.0,2,1,25.0,3,1,3.0,3,4,1,1,4,0,11.0,0.0,1.0,2.0,136.69,0
20.0,1,1,13.0,3,0,2.0,4,0,5,1,8,1,14.0,1.0,5.0,9.0,200.08,1
13.0,2,1,14.0,4,1,2.0,3,3,4,1,4,0,22.0,1.0,1.0,3.0,123.87,0
9.0,0,3,13.0,5,0,2.0,2,2,5,1,3,0,16.0,5.0,6.0,11.0,146.39,0
21.0,1,1,10.0,4,1,2.0,3,0,1,2,2,0,11.0,1.0,1.0,8.0,178.98,0
0.0,2,3,14.0,0,0,3.0,2,3,1,1,9,0,14.0,0.0,1.0,0.0,125.34,0
24.0,1,1,17.0,2,0,2.0,4,1,4,2,4,0,16.0,0.0,1.0,3.0,231.42000000000002,0
9.0,0,1,7.0,4,0,3.0,3,4,1,2,2,0,15.0,1.0,1.0,0.0,123.02000000000001,0
8.0,1,1,7.0,3,0,2.0,4,2,1,1,1,0,12.0,0.0,1.0,0.0,153.63,0
0.0,0,3,8.0,4,1,2.0,5,2,1,2,4,0,20.0,0.0,1.0,0.0,150.71,0
18.0,1,3,19.0,5,1,2.0,2,1,3,2,7,1,17.0,1.0,2.0,8.0,236.95,1
27.0,1,1,29.0,4,1,3.0,3,1,4,1,5,1,12.0,6.0,2.0,9.0,234.01999999999998,0
9.0,0,1,32.0,2,0,3.0,4,3,3,1,2,0,20.0,1.0,1.0,0.0,123.02000000000001,0
13.0,1,1,8.0,3,0,2.0,2,2,3,1,6,0,20.0,6.0,9.0,8.0,163.77,0
7.0,1,1,32.0,3,1,2.0,3,2,3,1,5,0,13.0,5.0,7.0,7.0,154.29,0
0.0,0,3,8.0,4,0,3.0,4,3,1,2,8,0,14.0,0.0,1.0,0.0,127.85,1
0.0,0,3,24.0,5,0,3.0,3,2,3,1,1,1,18.0,0.0,3.0,2.0,146.14,1
11.0,0,1,14.0,4,1,2.0,2,3,3,1,2,0,11.0,0.0,1.0,3.0,126.1,0
7.0,1,1,8.0,1,0,3.0,3,2,1,2,2,0,11.0,4.0,4.0,11.0,166.87,0
1.0,2,3,32.0,4,1,2.0,4,2,5,1,2,0,11.0,1.0,1.0,4.0,147.24,0
0.0,1,1,28.0,3,1,3.0,3,2,3,1,2,1,15.0,5.0,6.0,7.0,161.79,1
12.0,1,3,27.0,4,1,2.0,4,2,1,1,4,1,12.0,0.0,1.0,4.0,161.2,0
24.0,0,3,8.0,5,1,2.0,3,0,4,1,3,0,11.0,3.0,3.0,2.0,205.96,0
14.0,0,1,28.0,4,0,3.0,3,2,1,1,4,1,14.0,2.0,3.0,3.0,154.67,0
10.0,2,1,10.0,4,1,3.0,3,3,3,1,8,1,15.0,1.0,1.0,3.0,129.96,0
6.0,0,3,11.0,4,1,3.0,3,2,1,1,7,0,13.0,1.0,1.0,2.0,199.98,0
5.0,2,3,8.0,5,1,2.0,3,2,4,1,1,1,13.0,1.0,1.0,2.0,140.78,0
12.0,0,1,31.0,4,1,3.0,3,0,3,1,4,0,21.0,0.0,1.0,3.0,209.2,0
0.0,1,3,24.0,4,1,3.0,2,2,3,1,3,0,11.0,1.0,1.0,2.0,162.32,0
25.0,0,1,32.0,3,0,2.0,2,1,3,1,3,1,11.0,1.0,2.0,2.0,232.47000000000003,0
16.0,2,1,12.0,3,0,3.0,4,2,3,2,2,1,14.0,0.0,1.0,8.0,140.81,0
0.0,1,3,16.0,5,0,3.0,4,2,1,1,2,1,11.0,1.0,4.0,4.0,157.69,0
0.0,2,1,14.0,4,0,2.0,3,3,3,2,2,1,13.0,4.0,7.0,7.0,123.94,1
0.0,2,1,8.0,3,1,2.0,4,4,1,2,1,0,12.0,1.0,1.0,1.0,139.04,0
15.0,1,2,16.0,6,0,2.0,3,1,5,1,1,0,14.0,1.0,1.0,9.0,267.99,0
25.0,2,1,14.0,6,0,3.0,3,3,5,1,10,0,13.0,1.0,1.0,4.0,129.5,0
10.0,2,1,17.0,3,0,3.0,3,4,3,2,5,0,18.0,1.0,1.0,2.0,136.29,0
8.0,0,1,24.0,4,1,2.0,3,0,1,2,3,0,11.0,2.0,2.0,2.0,193.62,0
0.0,2,1,7.0,1,1,2.0,3,3,1,1,5,0,11.0,0.0,1.0,2.0,132.29,0
0.0,2,1,13.0,6,1,3.0,2,4,5,2,1,0,12.0,0.0,1.0,7.0,135.78,0
2.0,1,2,23.0,6,1,2.0,4,0,5,2,2,0,13.0,0.0,1.0,9.0,179.88,0
12.0,0,1,32.0,4,1,3.0,4,2,5,2,4,0,20.0,0.0,1.0,3.0,142.84,1
0.0,0,1,20.0,6,0,2.0,3,0,1,2,1,1,12.0,4.0,7.0,7.0,175.53,1
27.0,1,1,7.0,3,0,2.0,3,1,1,2,7,0,19.0,1.0,9.0,7.0,273.28,0
27.0,1,1,7.0,3,0,3.0,3,5,5,1,4,1,15.0,1.0,1.0,5.0,291.97,0
27.0,1,1,7.0,3,1,2.0,2,1,1,1,3,0,13.0,0.0,2.0,0.0,247.32,0
9.0,1,3,9.0,5,0,3.0,3,2,4,2,4,1,16.0,0.0,1.0,1.0,192.78,0
9.0,0,3,7.0,4,0,2.0,5,4,3,2,2,0,12.0,0.0,1.0,0.0,123.02000000000001,1
3.0,2,3,13.0,5,0,3.0,3,2,5,1,8,0,14.0,1.0,1.0,2.0,147.79,0
4.0,1,1,14.0,4,0,3.0,3,1,4,2,4,0,11.0,1.0,1.0,0.0,264.22,0
7.0,0,1,7.0,6,1,3.0,3,3,5,1,6,0,14.0,1.0,1.0,3.0,129.96,0
9.0,1,1,14.0,4,0,2.0,4,4,4,2,2,0,12.0,0.0,1.0,0.0,123.02000000000001,1
9.0,2,1,17.0,4,1,3.0,3,3,5,1,1,0,14.0,1.0,1.0,4.0,123.02000000000001,0
9.0,1,1,10.0,4,1,2.0,4,2,1,2,2,0,16.0,0.0,1.0,8.0,158.1,0
9.0,1,3,22.0,5,0,3.0,4,2,5,1,5,0,13.0,1.0,1.0,2.0,156.47,0
20.0,2,1,7.0,1,1,3.0,3,3,1,1,8,0,12.0,1.0,1.0,2.0,134.2,0
0.0,2,3,15.0,4,1,3.0,4,4,5,1,4,0,12.0,2.0,2.0,2.0,144.0,1
10.0,0,1,11.0,1,1,2.0,2,3,3,2,1,0,14.0,0.0,1.0,3.0,135.0,0
9.0,2,1,7.0,4,0,2.0,3,3,5,1,3,0,22.0,0.0,1.0,0.0,123.02000000000001,0
20.0,1,1,8.0,3,0,2.0,3,1,3,1,4,0,19.0,1.0,5.0,6.0,271.69,0
0.0,2,3,10.0,3,0,2.0,3,2,3,1,2,1,12.0,1.0,1.0,3.0,141.62,0
5.0,1,3,13.0,5,1,3.0,3,2,1,1,5,0,12.0,0.0,1.0,3.0,192.04,0
7.0,2,1,7.0,4,0,2.0,4,3,4,1,6,0,17.0,1.0,1.0,2.0,132.94,0
9.0,2,1,11.0,0,1,2.0,2,3,3,1,3,1,12.0,0.0,1.0,3.0,123.02000000000001,0
13.0,0,1,15.0,6,1,2.0,3,2,3,1,4,0,11.0,0.0,1.0,7.0,139.75,0
4.0,1,3,14.0,4,1,2.0,3,0,1,1,2,0,18.0,2.0,9.0,9.0,207.93,0
9.0,1,3,15.0,5,1,2.0,3,0,1,1,5,0,11.0,4.0,4.0,3.0,200.96,1
2.0,0,1,8.0,4,0,2.0,4,4,5,2,3,1,23.0,0.0,1.0,0.0,136.46,1
0.0,0,1,7.0,4,0,3.0,2,0,4,2,2,0,11.0,1.0,4.0,7.0,174.46,1
18.0,1,1,26.0,3,1,3.0,5,0,5,1,3,1,18.0,1.0,1.0,7.0,208.51,0
9.0,2,2,14.0,0,0,3.0,2,3,4,2,10,0,18.0,1.0,1.0,2.0,123.02000000000001,0
0.0,0,1,8.0,4,1,3.0,3,4,1,1,7,1,13.0,0.0,2.0,2.0,137.22,1
18.0,1,1,32.0,2,1,2.0,3,0,1,1,5,1,18.0,1.0,1.0,2.0,193.8,0
21.0,1,3,13.0,5,1,3.0,3,2,5,1,5,0,11.0,0.0,2.0,2.0,154.86,0
0.0,2,2,15.0,1,0,3.0,3,3,3,1,2,0,15.0,2.0,2.0,2.0,127.41999999999999,1
13.0,0,1,14.0,3,1,2.0,4,0,4,1,3,0,11.0,4.0,2.0,8.0,237.57,0
1.0,1,3,11.0,3,1,2.0,3,2,5,2,1,0,18.0,0.0,1.0,3.0,184.63,0
17.0,0,1,11.0,4,1,2.0,4,3,3,2,4,0,14.0,0.0,1.0,3.0,131.62,0
26.0,1,1,8.0,3,1,2.0,2,1,4,2,5,0,12.0,1.0,8.0,8.0,265.98,0
22.0,1,1,11.0,1,1,3.0,3,2,3,1,3,0,14.0,0.0,1.0,2.0,166.51,0
13.0,2,1,14.0,0,1,3.0,3,3,3,1,3,0,14.0,1.0,1.0,2.0,123.44999999999999,0
17.0,2,1,26.0,4,1,2.0,3,3,4,2,2,0,13.0,1.0,1.0,3.0,134.2,0
6.0,0,3,13.0,3,1,2.0,3,2,5,1,1,0,14.0,1.0,1.0,3.0,143.73,0
7.0,2,3,9.0,6,1,2.0,5,2,5,2,4,0,18.0,2.0,3.0,11.0,147.59,0
3.0,1,3,22.0,4,1,3.0,3,2,3,1,9,0,15.0,1.0,2.0,2.0,153.01,0
15.0,0,1,15.0,3,0,3.0,3,4,1,2,2,0,13.0,0.0,5.0,8.0,136.73,0
17.0,0,3,7.0,5,0,3.0,3,2,3,1,8,0,12.0,0.0,1.0,0.0,147.68,0
9.0,0,1,13.0,2,1,3.0,3,4,3,1,2,0,13.0,0.0,1.0,0.0,123.02000000000001,0
27.0,2,1,7.0,4,1,3.0,2,2,3,1,1,0,23.0,1.0,2.0,8.0,149.0,0
22.0,1,1,13.0,4,1,2.0,3,0,4,1,4,0,14.0,0.0,1.0,7.0,204.66,0
7.0,0,1,21.0,3,1,3.0,3,1,5,1,8,0,14.0,1.0,6.0,9.0,270.07,0
0.0,0,3,7.0,1,1,3.0,3,3,3,1,4,0,15.0,1.0,1.0,2.0,129.09,1
0.0,0,3,19.0,1,0,2.0,3,2,4,2,6,0,11.0,1.0,1.0,0.0,157.65,1
0.0,2,3,30.0,3,0,2.0,4,2,4,2,1,1,23.0,4.0,9.0,10.0,145.99,1
8.0,2,3,14.0,4,1,3.0,3,3,3,1,2,0,13.0,0.0,1.0,0.0,124.03999999999999,0
0.0,0,1,15.0,0,1,2.0,3,3,5,2,3,1,11.0,0.0,1.0,0.0,131.72,1
9.0,0,3,19.0,4,0,3.0,3,3,4,1,2,0,13.0,0.0,1.0,0.0,123.02000000000001,0
17.0,0,1,8.0,3,1,2.0,3,0,3,2,6,1,18.0,2.0,2.0,2.0,202.09,0
2.0,1,3,25.0,4,1,3.0,4,2,3,1,2,0,14.0,1.0,1.0,4.0,186.2,0
9.0,2,2,7.0,4,1,2.0,3,3,3,1,1,0,21.0,0.0,1.0,3.0,123.02000000000001,0
27.0,2,1,10.0,4,1,2.0,3,2,3,1,1,1,16.0,1.0,1.0,2.0,140.35,0
6.0,2,1,10.0,3,0,2.0,4,4,4,1,9,0,11.0,1.0,1.0,2.0,138.38,0
20.0,2,3,20.0,3,0,3.0,3,2,3,1,4,1,17.0,1.0,1.0,2.0,145.91,0
0.0,0,1,14.0,0,1,2.0,4,3,5,2,8,0,11.0,1.0,1.0,0.0,125.61000000000001,1
9.0,1,1,7.0,4,1,3.0,4,4,3,1,2,0,14.0,0.0,1.0,0.0,123.02000000000001,0
1.0,0,3,13.0,4,1,2.0,3,2,5,2,1,0,14.0,1.0,1.0,3.0,148.98,0
22.0,2,1,9.0,3,0,2.0,4,2,5,1,5,0,23.0,0.0,1.0,2.0,147.89,0
2.0,0,1,8.0,4,0,3.0,3,3,4,1,1,0,13.0,1.0,1.0,2.0,131.8,0
1.0,1,1,32.0,4,1,3.0,5,2,4,1,2,0,14.0,0.0,1.0,7.0,165.49,0
6.0,1,1,14.0,4,1,3.0,3,2,3,2,3,1,17.0,1.0,1.0,0.0,163.88,0
5.0,1,1,16.0,3,1,3.0,3,0,1,2,3,0,23.0,0.0,1.0,3.0,212.44,0
27.0,0,1,17.0,3,0,2.0,3,1,1,1,4,0,20.0,0.0,2.0,11.0,260.32,0
0.0,2,1,14.0,1,1,3.0,4,3,5,2,7,0,13.0,1.0,1.0,7.0,123.62,1
17.0,1,1,32.0,4,1,2.0,3,1,5,1,4,0,13.0,1.0,9.0,11.0,263.28,0
12.0,1,1,12.0,4,0,2.0,3,0,4,2,5,0,18.0,2.0,2.0,2.0,183.76,0
19.0,1,3,9.0,4,0,2.0,3,1,4,1,9,0,12.0,1.0,5.0,1.0,266.06,0
8.0,1,1,22.0,4,0,3.0,4,0,4,2,2,0,19.0,3.0,3.0,3.0,186.06,0
9.0,2,1,26.0,4,1,3.0,3,2,3,2,1,0,14.0,1.0,1.0,2.0,123.02000000000001,0
9.0,1,1,15.0,4,1,2.0,3,3,5,2,4,0,14.0,1.0,1.0,0.0,123.02000000000001,1
7.0,1,3,7.0,1,1,3.0,4,0,3,1,2,1,14.0,6.0,8.0,6.0,170.83,0
0.0,0,1,9.0,4,0,2.0,3,4,3,2,2,0,12.0,2.0,7.0,7.0,140.84,1
23.0,0,1,28.0,3,1,2.0,5,1,1,2,2,1,13.0,1.0,2.0,9.0,244.11,0
9.0,2,3,13.0,1,1,2.0,3,3,3,1,1,1,23.0,3.0,5.0,7.0,123.08000000000001,0
15.0,2,1,8.0,3,1,3.0,4,4,4,1,5,0,14.0,0.0,1.0,0.0,148.41,0
10.0,2,1,19.0,3,1,2.0,3,2,1,1,2,0,17.0,2.0,3.0,7.0,142.85,0
2.0,1,1,14.0,6,0,2.0,5,2,5,1,4,0,13.0,1.0,1.0,7.0,197.15,0
6.0,2,1,31.0,4,1,2.0,4,2,4,2,2,0,13.0,1.0,1.0,2.0,143.2,0
9.0,2,1,32.0,2,1,3.0,3,3,1,1,5,0,20.0,1.0,1.0,3.0,123.02000000000001,0
15.0,0,1,8.0,4,1,2.0,3,0,1,1,3,1,14.0,4.0,9.0,9.0,201.24,0
13.0,1,3,15.0,3,1,2.0,3,2,5,1,1,0,12.0,6.0,7.0,1.0,154.73,0
6.0,1,1,32.0,4,1,3.0,3,2,3,1,2,1,12.0,4.0,5.0,7.0,152.07,0
13.0,1,2,12.0,3,1,2.0,3,1,1,2,2,1,21.0,1.0,7.0,7.0,264.37,0
9.0,2,1,27.0,1,1,2.0,4,3,5,1,1,0,14.0,0.0,1.0,0.0,123.02000000000001,0
13.0,0,1,14.0,4,1,3.0,3,2,1,1,4,1,18.0,1.0,2.0,2.0,140.69,0
18.0,1,1,7.0,1,1,3.0,3,0,4,1,2,0,12.0,3.0,7.0,7.0,174.41,0
8.0,2,3,14.0,4,0,3.0,4,3,3,1,1,0,23.0,2.0,4.0,2.0,124.30000000000001,0
5.0,1,1,11.0,4,0,3.0,4,2,4,1,4,0,12.0,1.0,2.0,5.0,158.78,0
9.0,2,3,14.0,4,1,3.0,3,3,1,2,4,1,21.0,1.0,1.0,2.0,126.44,0
21.0,1,3,22.0,4,0,3.0,3,2,3,1,9,0,14.0,6.0,7.0,7.0,164.39,0
2.0,2,1,14.0,4,1,3.0,2,3,3,1,7,0,18.0,0.0,1.0,0.0,124.50999999999999,0
6.0,1,3,14.0,4,1,2.0,3,2,5,1,3,0,13.0,2.0,2.0,2.0,163.92,0
0.0,1,3,7.0,4,1,3.0,4,2,5,1,2,0,11.0,1.0,6.0,7.0,197.14,1
11.0,0,2,16.0,6,1,3.0,3,2,3,1,4,0,11.0,0.0,1.0,2.0,160.77,0
8.0,2,1,14.0,0,1,3.0,4,3,5,2,2,0,19.0,1.0,1.0,2.0,124.5,0
7.0,1,3,32.0,1,1,2.0,3,0,4,1,4,0,12.0,1.0,1.0,3.0,192.5,0
9.0,2,1,8.0,4,0,3.0,3,3,5,1,2,1,12.0,1.0,1.0,0.0,123.02000000000001,1
16.0,1,1,8.0,2,0,3.0,4,0,1,1,1,0,16.0,0.0,1.0,9.0,201.69,1
1.0,2,1,8.0,3,1,2.0,3,2,4,1,5,0,11.0,1.0,1.0,4.0,148.55,1
5.0,0,1,7.0,1,1,3.0,3,2,5,1,5,0,14.0,0.0,1.0,2.0,140.87,0
21.0,2,1,14.0,6,0,3.0,3,3,5,1,9,0,12.0,6.0,7.0,6.0,123.66999999999999,0
7.0,2,1,13.0,0,1,3.0,3,3,1,2,2,0,13.0,0.0,1.0,0.0,129.72,0
27.0,1,3,32.0,5,1,2.0,4,5,1,1,2,0,15.0,0.0,2.0,11.0,291.97,0
7.0,1,1,7.0,4,1,2.0,3,2,1,1,10,0,17.0,0.0,2.0,1.0,154.84,0
9.0,2,1,9.0,4,0,2.0,3,3,1,1,2,0,21.0,1.0,1.0,0.0,123.02000000000001,0
11.0,1,3,20.0,4,1,3.0,3,2,4,1,1,0,11.0,3.0,7.0,7.0,199.24,0
11.0,2,3,22.0,4,0,2.0,3,2,4,2,3,0,12.0,1.0,1.0,2.0,141.98,0
9.0,1,3,7.0,4,0,3.0,3,2,3,2,7,0,13.0,1.0,1.0,0.0,168.15,0
2.0,2,1,9.0,3,1,2.0,3,4,5,2,2,1,18.0,0.0,1.0,5.0,147.23,0
8.0,1,1,16.0,3,0,2.0,3,2,3,2,4,1,16.0,0.0,1.0,4.0,161.42,0
12.0,1,3,12.0,3,1,2.0,2,0,3,1,3,0,11.0,3.0,7.0,6.0,182.37,0
2.0,0,1,8.0,4,1,2.0,3,2,1,1,2,0,19.0,1.0,1.0,3.0,188.53,0
23.0,1,3,15.0,5,1,2.0,3,5,3,1,5,1,15.0,0.0,1.0,0.0,291.97,0
9.0,2,1,16.0,2,1,2.0,2,3,3,1,3,0,16.0,0.0,2.0,2.0,123.02000000000001,0
9.0,0,1,12.0,4,1,3.0,2,2,5,1,4,1,13.0,0.0,1.0,2.0,155.62,0
15.0,1,1,15.0,6,1,3.0,4,5,1,2,9,0,15.0,1.0,1.0,1.0,291.97,0
8.0,2,1,32.0,4,1,2.0,2,2,3,1,2,0,17.0,6.0,6.0,8.0,134.07,0
7.0,0,1,16.0,1,1,3.0,4,2,3,1,2,0,14.0,1.0,7.0,7.0,150.63,0
13.0,2,3,20.0,4,0,2.0,3,2,5,1,2,0,15.0,0.0,1.0,2.0,146.39,0
16.0,2,1,32.0,1,1,2.0,2,4,4,1,6,0,12.0,1.0,1.0,2.0,148.76,0
8.0,2,1,13.0,4,1,3.0,4,3,1,1,2,0,18.0,1.0,1.0,1.0,126.9,0
19.0,1,3,7.0,4,1,2.0,2,1,5,2,2,0,15.0,1.0,1.0,11.0,275.67,0
0.0,2,1,14.0,0,1,2.0,3,3,4,1,2,1,17.0,0.0,1.0,0.0,124.08000000000001,1
0.0,0,1,32.0,6,0,3.0,4,3,3,1,2,1,14.0,1.0,1.0,3.0,128.14,0
23.0,0,1,26.0,3,1,2.0,3,1,3,1,3,1,15.0,0.0,9.0,3.0,212.45,0
5.0,2,1,11.0,6,0,2.0,2,3,1,1,4,0,17.0,1.0,1.0,2.0,133.12,0
17.0,1,1,13.0,3,0,2.0,3,5,1,1,1,1,14.0,1.0,1.0,10.0,290.49,0
9.0,2,1,13.0,0,1,2.0,4,3,4,1,2,0,12.0,1.0,1.0,1.0,123.02000000000001,0
18.0,1,1,11.0,3,0,2.0,5,2,5,2,2,1,14.0,0.0,1.0,4.0,157.69,0
18.0,0,3,32.0,5,1,2.0,4,2,5,1,2,0,15.0,3.0,4.0,5.0,143.85,0
4.0,0,3,8.0,6,1,2.0,3,2,5,2,8,0,13.0,1.0,1.0,3.0,153.32,0
9.0,2,1,18.0,4,0,3.0,3,2,3,1,10,1,12.0,0.0,1.0,1.0,146.63,0
7.0,0,1,16.0,4,1,2.0,2,2,1,1,2,0,13.0,3.0,7.0,2.0,147.24,0
22.0,2,1,31.0,4,0,2.0,3,3,5,1,2,0,14.0,1.0,1.0,4.0,132.11,0
12.0,1,1,16.0,3,1,3.0,3,2,5,1,3,0,13.0,3.0,7.0,7.0,153.77,0
0.0,2,1,25.0,6,1,3.0,4,4,5,1,2,0,11.0,0.0,1.0,7.0,140.66,0
8.0,1,1,24.0,4,1,2.0,2,2,5,1,2,0,11.0,1.0,1.0,10.0,152.08,0
1.0,2,1,32.0,3,0,2.0,5,2,5,1,1,0,21.0,1.0,1.0,0.0,148.77,0
0.0,2,1,11.0,0,1,3.0,3,3,1,2,2,0,18.0,0.0,2.0,2.0,131.17,0
9.0,0,3,9.0,3,0,3.0,3,4,1,2,2,1,12.0,1.0,1.0,0.0,123.02000000000001,1
20.0,1,2,32.0,4,0,3.0,3,5,3,1,4,0,15.0,1.0,1.0,0.0,291.97,0
12.0,2,1,9.0,0,1,3.0,4,2,3,1,1,0,15.0,0.0,1.0,7.0,130.69,0
13.0,1,1,21.0,4,0,3.0,4,0,3,1,2,0,13.0,6.0,9.0,11.0,204.35,0
8.0,0,1,14.0,4,0,2.0,3,2,3,1,2,0,12.0,0.0,2.0,9.0,141.48,0
10.0,1,1,25.0,4,1,2.0,3,2,3,1,4,0,17.0,0.0,1.0,2.0,157.68,0
12.0,0,1,10.0,3,0,2.0,3,2,3,2,1,0,13.0,3.0,3.0,8.0,150.42,0
18.0,1,1,8.0,6,0,2.0,4,2,1,1,2,0,19.0,3.0,3.0,9.0,157.7,0
11.0,1,1,8.0,3,0,2.0,4,0,3,1,4,1,19.0,0.0,1.0,2.0,177.56,0
0.0,1,3,16.0,3,1,2.0,4,0,5,1,10,0,17.0,0.0,6.0,0.0,203.06,1
10.0,2,1,16.0,3,0,3.0,3,4,4,1,2,0,11.0,4.0,7.0,7.0,139.36,0
13.0,1,1,22.0,4,0,2.0,3,0,1,2,7,1,15.0,3.0,3.0,3.0,179.45,0
17.0,0,2,7.0,6,1,2.0,3,2,1,1,5,1,11.0,1.0,1.0,2.0,157.43,0
21.0,0,1,10.0,3,1,2.0,4,1,1,1,3,0,23.0,0.0,2.0,2.0,252.01999999999998,0
0.0,1,3,21.0,3,1,2.0,5,2,1,1,7,1,14.0,0.0,2.0,2.0,154.4,1
0.0,0,1,8.0,1,0,2.0,3,4,1,2,2,1,13.0,0.0,1.0,3.0,137.6,0
0.0,2,1,14.0,3,0,2.0,2,3,3,1,8,0,17.0,0.0,1.0,2.0,135.17,0
0.0,0,1,14.0,0,1,2.0,3,3,1,2,3,0,13.0,0.0,1.0,2.0,125.80000000000001,0
9.0,2,1,13.0,4,1,3.0,3,3,5,2,4,1,14.0,0.0,1.0,3.0,123.02000000000001,1
2.0,1,3,16.0,3,1,2.0,4,2,3,2,10,0,11.0,1.0,1.0,4.0,158.69,0
9.0,1,1,11.0,4,0,2.0,3,0,5,1,5,0,12.0,1.0,1.0,2.0,180.08,0
0.0,0,1,8.0,4,1,3.0,2,2,3,1,2,0,17.0,1.0,1.0,7.0,152.06,0
12.0,1,1,18.0,3,1,3.0,3,2,4,1,5,0,21.0,1.0,1.0,0.0,152.95,0
22.0,1,1,28.0,6,0,3.0,3,1,4,1,4,0,16.0,1.0,1.0,2.0,264.13,0
23.0,1,1,23.0,4,0,2.0,4,0,5,1,6,0,15.0,0.0,2.0,11.0,232.69,0
0.0,2,3,8.0,0,0,3.0,3,3,3,2,2,0,19.0,0.0,2.0,2.0,127.83000000000001,0
7.0,1,1,9.0,4,0,3.0,3,2,4,1,2,0,12.0,1.0,7.0,9.0,154.33,0
9.0,1,1,13.0,4,1,3.0,3,3,4,2,3,0,11.0,0.0,1.0,3.0,123.02000000000001,0
22.0,1,1,12.0,4,0,2.0,4,1,3,1,3,1,19.0,2.0,2.0,11.0,239.66000000000003,0
9.0,0,1,7.0,3,0,2.0,4,2,3,1,1,0,15.0,0.0,1.0,2.0,143.74,0
9.0,1,1,9.0,4,1,3.0,2,2,5,1,7,0,20.0,0.0,1.0,4.0,168.42,0
27.0,1,1,28.0,3,0,3.0,3,1,3,1,4,0,23.0,1.0,4.0,7.0,274.26,0
16.0,1,1,21.0,4,1,3.0,4,1,3,1,2,0,23.0,1.0,6.0,11.0,276.03,0
0.0,0,3,18.0,6,1,2.0,3,2,1,2,4,1,23.0,5.0,6.0,7.0,145.81,1
11.0,0,1,7.0,4,1,2.0,3,2,1,1,8,0,15.0,1.0,2.0,9.0,147.35,0
2.0,2,3,11.0,3,1,2.0,4,2,4,1,2,1,13.0,0.0,1.0,9.0,141.87,0
6.0,1,3,8.0,3,1,3.0,3,2,1,1,2,0,14.0,1.0,1.0,4.0,155.05,0
5.0,1,1,8.0,3,1,2.0,3,2,4,1,1,0,13.0,1.0,1.0,6.0,154.7,0
4.0,1,3,11.0,4,0,3.0,3,2,1,1,2,0,11.0,0.0,1.0,2.0,154.76,0
22.0,2,1,14.0,0,0,3.0,3,3,5,1,5,1,16.0,0.0,2.0,2.0,125.87,0
11.0,0,1,14.0,0,0,2.0,4,3,4,2,2,0,22.0,0.0,3.0,3.0,124.4,0
20.0,1,3,8.0,4,0,2.0,2,1,4,1,7,0,14.0,1.0,2.0,2.0,259.72,0
22.0,1,1,7.0,4,1,2.0,3,1,3,2,5,0,14.0,1.0,2.0,0.0,253.79000000000002,0
14.0,1,3,29.0,4,1,3.0,3,0,3,2,4,1,16.0,0.0,1.0,2.0,170.82,0
0.0,2,3,15.0,4,1,3.0,3,3,5,2,2,0,11.0,0.0,1.0,2.0,127.28,0
6.0,0,3,22.0,4,0,2.0,3,2,1,1,2,1,23.0,0.0,1.0,2.0,153.68,0
9.0,1,1,32.0,4,1,3.0,3,2,3,1,7,0,14.0,1.0,1.0,2.0,153.47,0
17.0,2,2,7.0,4,0,2.0,3,3,1,1,5,1,18.0,2.0,2.0,2.0,131.95,0
0.0,2,1,14.0,3,1,3.0,4,4,3,2,2,1,11.0,1.0,1.0,2.0,139.89,1
11.0,2,1,10.0,0,0,2.0,3,3,3,1,8,0,19.0,0.0,1.0,0.0,133.06,0
26.0,1,1,30.0,3,1,2.0,2,0,1,1,4,0,15.0,0.0,1.0,2.0,170.05,0
11.0,0,3,14.0,0,0,3.0,3,3,3,1,3,1,11.0,1.0,7.0,7.0,126.55000000000001,1
9.0,1,1,8.0,4,1,3.0,3,4,4,2,2,0,12.0,0.0,1.0,0.0,123.02000000000001,1
0.0,0,1,14.0,0,1,3.0,3,3,1,2,2,0,20.0,0.0,5.0,7.0,125.69999999999999,0
27.0,2,1,28.0,1,1,3.0,4,3,4,1,6,0,12.0,1.0,1.0,2.0,135.37,0
7.0,2,1,11.0,3,1,2.0,4,2,1,1,2,0,14.0,0.0,4.0,11.0,139.86,0
27.0,1,1,7.0,3,1,3.0,5,0,1,1,4,0,20.0,1.0,1.0,0.0,208.82999999999998,0
9.0,2,1,27.0,0,1,3.0,2,3,4,1,2,0,18.0,0.0,2.0,11.0,123.02000000000001,0
10.0,0,3,7.0,3,1,2.0,5,2,1,1,2,0,14.0,1.0,1.0,3.0,195.25,0
7.0,2,1,25.0,4,0,3.0,4,3,1,1,2,0,12.0,1.0,8.0,7.0,129.29,0
9.0,2,3,13.0,4,1,3.0,3,3,1,1,2,1,21.0,1.0,1.0,2.0,123.02000000000001,1
17.0,1,1,8.0,4,0,3.0,2,0,1,1,2,1,19.0,1.0,6.0,7.0,178.79,0
8.0,0,1,8.0,3,1,3.0,4,4,1,2,1,1,14.0,1.0,1.0,4.0,149.3,0
16.0,1,3,8.0,3,1,3.0,3,2,1,1,2,1,17.0,3.0,8.0,8.0,178.47,0
0.0,2,1,15.0,3,1,3.0,2,4,3,1,2,0,16.0,0.0,1.0,4.0,144.01,0
14.0,1,3,12.0,5,1,2.0,3,0,3,2,2,0,12.0,3.0,8.0,7.0,192.41,0
2.0,2,1,15.0,0,0,3.0,3,3,3,1,10,0,17.0,0.0,1.0,2.0,129.74,0
9.0,2,3,8.0,4,0,2.0,3,2,1,2,4,0,15.0,6.0,6.0,7.0,145.02,0
18.0,0,1,7.0,4,1,3.0,4,0,3,1,4,0,23.0,4.0,9.0,4.0,207.48000000000002,0
9.0,1,2,28.0,6,1,2.0,5,4,3,1,2,0,11.0,0.0,1.0,0.0,123.02000000000001,1
10.0,0,3,15.0,4,1,2.0,5,1,3,1,8,0,11.0,6.0,9.0,3.0,229.36,1
9.0,2,1,23.0,0,1,3.0,5,3,3,1,2,0,15.0,1.0,1.0,2.0,123.05000000000001,0
18.0,1,1,32.0,2,0,2.0,4,1,4,2,2,0,11.0,1.0,8.0,6.0,267.04,0
5.0,0,1,16.0,4,1,2.0,3,3,3,1,7,0,13.0,0.0,1.0,3.0,134.33,0
4.0,2,1,8.0,4,1,3.0,3,3,3,1,2,0,14.0,1.0,1.0,3.0,134.77,0
14.0,0,2,10.0,6,1,2.0,5,2,4,1,7,0,19.0,0.0,1.0,2.0,164.3,0
13.0,1,1,14.0,4,0,3.0,3,2,5,1,3,1,16.0,1.0,1.0,0.0,165.16,0
0.0,2,1,32.0,3,1,3.0,3,4,5,1,2,0,13.0,1.0,1.0,2.0,139.07,0
19.0,1,1,19.0,4,1,2.0,3,2,4,2,7,0,14.0,1.0,1.0,9.0,155.62,0
8.0,1,1,32.0,4,1,2.0,3,2,3,1,3,0,16.0,1.0,1.0,7.0,168.83,0
3.0,2,1,22.0,4,1,3.0,3,3,1,1,2,0,12.0,0.0,1.0,8.0,128.62,0
20.0,0,3,8.0,5,1,2.0,3,2,4,1,8,0,11.0,0.0,1.0,0.0,149.78,0
19.0,1,3,8.0,4,1,3.0,3,0,1,1,5,1,12.0,0.0,1.0,3.0,203.68,0
0.0,1,3,19.0,5,1,3.0,4,2,5,1,6,1,13.0,1.0,2.0,2.0,161.34,1
0.0,1,3,7.0,4,1,2.0,5,2,4,2,7,0,15.0,0.0,1.0,0.0,167.35,1
0.0,2,1,10.0,0,0,2.0,3,3,4,2,2,0,13.0,0.0,1.0,2.0,132.95,0
4.0,0,1,30.0,1,0,2.0,3,2,1,2,3,0,20.0,0.0,1.0,4.0,152.38,0
12.0,0,1,7.0,4,1,3.0,3,2,1,1,2,1,15.0,0.0,5.0,8.0,164.72,0
5.0,1,3,25.0,4,1,3.0,5,0,3,1,4,0,13.0,0.0,1.0,2.0,196.1,0
13.0,1,3,13.0,3,1,2.0,3,5,4,2,2,0,15.0,6.0,9.0,8.0,291.97,0
18.0,1,2,10.0,4,0,2.0,5,0,3,1,5,0,21.0,1.0,1.0,3.0,197.56,0
3.0,0,1,8.0,1,0,3.0,4,4,5,2,1,0,16.0,0.0,1.0,7.0,149.68,0
9.0,0,2,16.0,0,1,2.0,3,3,1,1,1,0,14.0,0.0,2.0,1.0,123.02000000000001,0
9.0,0,2,14.0,6,0,3.0,4,3,1,1,7,0,11.0,1.0,1.0,2.0,123.02000000000001,1
4.0,1,3,11.0,1,1,2.0,3,2,3,1,2,0,19.0,1.0,1.0,2.0,183.46,0
0.0,2,1,14.0,0,0,3.0,3,3,1,2,2,0,11.0,0.0,1.0,4.0,134.45,0
0.0,2,3,15.0,5,0,3.0,5,3,4,2,2,0,13.0,2.0,2.0,2.0,127.6,1
2.0,0,1,7.0,4,1,3.0,2,2,3,2,9,1,12.0,1.0,1.0,2.0,162.94,0
3.0,1,3,21.0,5,1,3.0,4,0,5,1,3,0,11.0,1.0,1.0,7.0,171.4,0
7.0,2,1,8.0,0,1,3.0,2,3,1,1,1,1,14.0,1.0,1.0,2.0,129.32,0
6.0,0,3,8.0,5,0,3.0,3,2,4,2,9,0,15.0,1.0,1.0,7.0,151.47,0
22.0,2,3,17.0,5,0,3.0,3,2,1,2,4,0,12.0,0.0,1.0,4.0,145.07,0
0.0,1,3,22.0,4,0,3.0,3,0,5,2,3,1,20.0,1.0,1.0,0.0,185.64,1
11.0,0,1,14.0,0,0,3.0,4,3,4,1,5,0,14.0,0.0,1.0,5.0,124.68,0
0.0,1,3,22.0,5,1,3.0,3,0,3,1,3,0,13.0,0.0,1.0,0.0,181.61,1
9.0,2,1,10.0,2,0,3.0,4,3,5,1,2,0,13.0,0.0,1.0,0.0,123.02000000000001,0
3.0,1,1,22.0,4,1,2.0,2,2,3,1,4,0,16.0,1.0,1.0,7.0,152.94,0
5.0,0,1,11.0,1,1,3.0,3,3,4,2,3,0,14.0,1.0,1.0,7.0,127.18,0
11.0,1,1,24.0,3,1,2.0,5,2,1,1,4,1,16.0,0.0,1.0,0.0,158.11,0
6.0,0,1,14.0,1,1,2.0,4,3,3,1,10,1,16.0,1.0,1.0,0.0,124.37,1
15.0,2,1,18.0,0,1,3.0,3,3,4,1,9,0,22.0,1.0,1.0,4.0,127.66,0
27.0,1,1,8.0,3,1,2.0,4,5,5,1,9,0,12.0,1.0,1.0,0.0,290.38,0
6.0,0,1,10.0,1,1,3.0,3,2,4,1,6,0,15.0,0.0,1.0,7.0,130.55,0
9.0,2,1,15.0,4,1,3.0,3,3,5,1,2,0,20.0,0.0,1.0,4.0,123.02000000000001,0
7.0,0,3,16.0,4,1,2.0,3,2,3,1,2,1,14.0,1.0,1.0,7.0,140.01,0
26.0,0,1,7.0,3,0,2.0,4,1,3,1,5,1,20.0,1.0,1.0,3.0,229.64999999999998,0
16.0,2,2,8.0,4,1,3.0,3,3,1,2,1,0,13.0,1.0,1.0,8.0,135.39,0
7.0,1,3,9.0,4,0,2.0,5,2,1,2,6,0,12.0,2.0,2.0,2.0,160.29,0
0.0,2,3,13.0,5,1,3.0,3,3,4,2,2,0,13.0,0.0,1.0,0.0,126.78999999999999,1
11.0,2,1,12.0,6,0,2.0,4,4,3,1,2,0,11.0,1.0,1.0,4.0,137.02,0
0.0,2,1,14.0,0,0,3.0,3,3,5,1,2,1,17.0,0.0,1.0,0.0,123.97999999999999,1
4.0,1,3,32.0,5,0,3.0,4,2,1,1,2,0,14.0,0.0,5.0,7.0,154.68,0
24.0,1,1,9.0,2,0,2.0,3,0,3,1,3,0,11.0,2.0,2.0,3.0,231.16000000000003,0
10.0,2,3,15.0,5,1,2.0,4,2,4,1,2,0,14.0,1.0,1.0,3.0,141.89,0
19.0,1,1,8.0,3,1,2.0,3,5,1,1,8,1,15.0,2.0,2.0,2.0,291.97,0
9.0,1,1,16.0,4,1,2.0,3,0,5,1,8,1,13.0,2.0,5.0,7.0,183.21,0
7.0,0,1,14.0,0,1,3.0,3,3,4,1,2,1,12.0,2.0,2.0,3.0,123.41999999999999,1
10.0,2,2,14.0,6,1,2.0,3,2,4,1,3,0,13.0,3.0,4.0,7.0,140.71,0
0.0,1,3,32.0,4,1,2.0,3,2,1,2,2,1,18.0,3.0,7.0,7.0,158.13,1
6.0,2,1,14.0,4,1,3.0,2,3,5,1,7,0,19.0,3.0,7.0,6.0,131.43,0
9.0,2,1,7.0,4,1,2.0,3,3,1,1,2,0,11.0,0.0,1.0,3.0,123.02000000000001,0
12.0,1,1,16.0,3,1,3.0,3,0,3,2,8,0,21.0,2.0,2.0,2.0,234.64,0
19.0,0,3,32.0,4,1,3.0,4,2,4,2,9,0,15.0,1.0,2.0,2.0,179.91,0
13.0,2,1,8.0,4,0,3.0,3,3,5,1,5,0,17.0,1.0,1.0,2.0,133.77,0
15.0,1,1,19.0,3,1,3.0,2,2,5,1,6,0,18.0,1.0,1.0,0.0,155.38,0
8.0,0,1,8.0,3,1,2.0,3,2,1,1,3,0,14.0,1.0,1.0,7.0,157.62,0
11.0,0,2,14.0,6,1,3.0,3,3,4,1,6,0,13.0,2.0,3.0,8.0,125.91999999999999,0
0.0,0,1,15.0,4,1,3.0,3,2,5,1,5,0,17.0,0.0,1.0,7.0,153.46,1
0.0,2,1,16.0,3,1,2.0,3,2,5,2,2,0,15.0,0.0,1.0,8.0,142.13,1
12.0,0,3,26.0,4,1,2.0,3,2,1,1,3,0,18.0,1.0,2.0,2.0,141.27,0
16.0,0,1,14.0,4,1,2.0,3,3,3,2,5,0,13.0,1.0,1.0,2.0,124.38,0
14.0,1,1,11.0,4,1,2.0,2,2,4,2,4,0,12.0,0.0,1.0,2.0,168.7,0
14.0,1,3,10.0,5,0,2.0,3,0,3,1,1,1,13.0,5.0,9.0,5.0,204.47,0
3.0,1,1,16.0,3,0,3.0,3,0,3,2,10,0,14.0,0.0,1.0,2.0,196.67,0
9.0,2,2,26.0,0,0,3.0,3,3,4,1,1,1,11.0,0.0,1.0,4.0,123.02000000000001,1
9.0,1,1,27.0,3,0,3.0,3,2,4,1,5,0,22.0,3.0,3.0,7.0,189.26,1
13.0,1,1,7.0,4,0,2.0,3,2,1,1,5,0,17.0,0.0,1.0,3.0,165.13,0
7.0,1,3,14.0,1,1,3.0,2,2,3,1,2,0,21.0,2.0,4.0,8.0,167.99,0
27.0,0,3,8.0,3,1,2.0,3,1,4,1,5,0,22.0,1.0,9.0,11.0,262.91,0
8.0,2,1,29.0,0,1,3.0,5,3,3,1,1,0,16.0,0.0,1.0,3.0,127.05000000000001,0
20.0,1,1,10.0,4,0,3.0,4,0,4,1,9,1,12.0,5.0,9.0,10.0,203.33,0
13.0,2,1,18.0,4,0,2.0,3,2,5,1,3,0,12.0,1.0,7.0,7.0,144.48,0
27.0,1,1,13.0,3,0,3.0,3,2,1,1,5,0,15.0,1.0,1.0,7.0,168.54,0
4.0,0,3,13.0,5,0,3.0,3,0,5,1,3,0,14.0,2.0,2.0,2.0,196.37,0
1.0,2,1,7.0,3,0,3.0,3,4,5,1,2,0,23.0,1.0,1.0,2.0,135.91,0
11.0,1,3,8.0,5,0,3.0,5,2,1,1,3,1,20.0,0.0,1.0,3.0,154.05,0
0.0,2,3,16.0,3,1,2.0,3,2,1,2,2,0,13.0,1.0,1.0,2.0,146.84,0
27.0,0,1,21.0,4,1,2.0,3,1,3,1,3,1,14.0,2.0,2.0,2.0,257.87,0
9.0,0,1,20.0,3,0,2.0,3,4,3,2,2,0,16.0,1.0,1.0,0.0,123.02000000000001,0
0.0,2,2,24.0,6,1,3.0,2,3,5,1,1,0,17.0,1.0,1.0,0.0,129.56,1
0.0,2,2,14.0,6,1,2.0,4,3,5,1,5,1,15.0,2.0,2.0,0.0,123.35,1
18.0,0,3,8.0,4,0,3.0,3,2,3,1,5,0,22.0,3.0,5.0,7.0,151.54,0
9.0,1,1,8.0,6,0,3.0,3,2,4,1,5,1,22.0,1.0,1.0,0.0,169.62,0
16.0,0,3,8.0,4,1,3.0,3,2,1,1,2,0,20.0,6.0,7.0,7.0,156.75,0
0.0,0,1,14.0,4,0,2.0,3,3,1,2,1,1,14.0,1.0,1.0,2.0,123.78999999999999,0
2.0,0,1,26.0,3,1,2.0,3,4,1,1,2,0,13.0,1.0,3.0,10.0,138.12,0
5.0,0,3,16.0,5,1,3.0,3,2,1,2,9,0,13.0,0.0,1.0,0.0,146.48,0
15.0,0,1,16.0,1,1,3.0,3,3,3,1,4,0,22.0,3.0,3.0,3.0,129.36,0
9.0,2,1,15.0,4,0,3.0,3,3,3,2,5,0,12.0,0.0,2.0,0.0,123.02000000000001,0
19.0,1,1,8.0,4,1,2.0,3,0,1,1,4,0,14.0,0.0,4.0,7.0,185.78,0
1.0,0,2,7.0,4,1,3.0,3,3,1,1,2,0,15.0,1.0,2.0,2.0,127.06,0
2.0,1,1,32.0,4,1,3.0,5,2,3,1,9,0,17.0,0.0,1.0,6.0,163.84,0
15.0,2,1,14.0,4,1,2.0,3,4,3,2,5,0,13.0,1.0,1.0,0.0,139.68,0
0.0,1,3,8.0,5,1,2.0,4,2,4,2,8,1,12.0,1.0,2.0,2.0,199.07,1
19.0,1,3,9.0,2,0,2.0,2,1,5,1,3,0,12.0,2.0,2.0,8.0,232.25,0
0.0,2,3,29.0,3,0,2.0,4,2,3,1,2,0,21.0,3.0,5.0,8.0,135.4,0
2.0,2,2,12.0,0,1,3.0,4,3,4,1,2,0,11.0,1.0,1.0,0.0,128.04,0
16.0,1,1,12.0,3,0,2.0,4,5,3,1,8,0,15.0,6.0,6.0,11.0,291.97,0
21.0,1,1,16.0,4,1,3.0,4,5,4,1,5,0,15.0,3.0,9.0,9.0,291.97,0
0.0,0,1,14.0,4,1,3.0,4,3,1,2,2,1,23.0,1.0,1.0,0.0,124.38999999999999,1
9.0,1,3,16.0,4,0,3.0,3,0,4,1,6,0,21.0,1.0,1.0,7.0,173.14,1
0.0,0,1,21.0,4,0,3.0,4,4,5,1,1,0,19.0,0.0,7.0,3.0,147.74,0
12.0,2,1,25.0,6,1,2.0,3,2,1,1,9,0,14.0,0.0,2.0,2.0,139.02,0
27.0,2,1,8.0,1,1,3.0,4,3,1,1,9,0,20.0,1.0,1.0,4.0,126.62,0
1.0,2,3,9.0,0,0,3.0,3,3,4,1,2,0,19.0,1.0,1.0,0.0,128.56,0
0.0,1,3,15.0,3,1,2.0,3,4,1,2,2,0,13.0,0.0,1.0,0.0,123.02000000000001,1
0.0,2,1,14.0,4,1,3.0,3,3,4,2,2,1,23.0,1.0,1.0,0.0,124.72,1
9.0,1,3,16.0,1,0,3.0,4,2,3,1,2,1,13.0,0.0,1.0,7.0,156.73,0
4.0,2,1,26.0,4,1,2.0,3,2,3,1,2,0,11.0,0.0,1.0,2.0,141.97,0
7.0,1,3,10.0,4,1,3.0,3,0,1,1,3,1,13.0,0.0,1.0,0.0,197.13,0
9.0,2,1,13.0,4,1,2.0,3,3,5,2,4,0,14.0,0.0,1.0,2.0,123.02000000000001,0
10.0,2,1,13.0,3,1,3.0,3,2,5,1,6,1,22.0,0.0,1.0,4.0,142.84,0
8.0,2,1,22.0,6,0,2.0,4,2,4,1,1,1,11.0,0.0,1.0,2.0,147.88,0
18.0,1,1,31.0,4,0,3.0,4,2,1,1,1,0,13.0,0.0,3.0,8.0,159.06,0
9.0,0,2,8.0,6,1,3.0,4,2,1,2,2,0,21.0,1.0,1.0,8.0,138.86,0
13.0,1,1,7.0,4,1,3.0,3,1,5,1,3,0,11.0,1.0,9.0,11.0,268.23,0
0.0,2,1,7.0,4,0,3.0,4,3,3,1,2,1,13.0,0.0,1.0,0.0,129.33,0
0.0,1,3,8.0,3,0,2.0,2,2,3,2,1,0,14.0,0.0,1.0,7.0,165.0,0
21.0,0,1,28.0,3,0,2.0,3,1,1,1,4,0,11.0,1.0,4.0,7.0,271.74,0
17.0,1,1,7.0,4,1,3.0,2,2,5,1,3,0,15.0,1.0,2.0,2.0,150.33,0
9.0,0,1,22.0,1,1,2.0,5,3,5,1,2,1,23.0,0.0,3.0,0.0,123.07,1
19.0,2,1,14.0,4,1,3.0,3,3,1,2,2,0,16.0,0.0,1.0,0.0,125.87,1
9.0,1,3,23.0,5,1,2.0,4,2,4,1,3,0,16.0,1.0,1.0,3.0,155.07,0
14.0,2,3,14.0,5,0,2.0,3,2,4,1,6,0,21.0,0.0,1.0,4.0,143.93,0
15.0,1,1,12.0,3,1,2.0,3,0,5,1,10,0,13.0,5.0,2.0,7.0,233.48000000000002,0
4.0,1,3,16.0,3,0,2.0,3,2,1,1,3,1,11.0,1.0,1.0,4.0,165.83,0
7.0,1,3,9.0,3,0,3.0,4,2,1,1,4,1,12.0,0.0,1.0,1.0,181.03,0
4.0,2,1,10.0,3,0,3.0,2,4,3,1,9,0,12.0,1.0,2.0,2.0,139.78,0
0.0,0,1,14.0,6,1,3.0,2,3,1,1,1,0,18.0,2.0,7.0,7.0,125.44,0
18.0,0,1,7.0,3,1,2.0,3,2,3,2,5,0,12.0,0.0,1.0,3.0,153.99,0
6.0,1,3,16.0,5,1,2.0,3,2,3,2,2,0,14.0,0.0,1.0,9.0,154.87,0
1.0,0,3,7.0,4,1,2.0,4,2,1,1,2,1,12.0,1.0,1.0,7.0,168.34,0
0.0,0,3,30.0,2,1,2.0,2,4,5,2,2,0,17.0,0.0,1.0,0.0,123.02000000000001,1
12.0,0,3,27.0,4,0,2.0,5,2,3,1,7,0,19.0,0.0,1.0,2.0,157.36,0
9.0,2,1,8.0,1,1,2.0,3,3,4,1,2,0,11.0,0.0,1.0,2.0,123.02000000000001,0
7.0,0,1,28.0,6,1,2.0,4,2,1,1,2,1,15.0,3.0,6.0,11.0,157.47,0
0.0,1,3,19.0,5,0,2.0,3,2,3,2,4,1,11.0,0.0,2.0,2.0,198.54,1
20.0,0,1,20.0,1,1,3.0,3,2,4,1,9,0,18.0,0.0,1.0,7.0,154.67,0
27.0,1,3,17.0,5,0,2.0,4,2,5,1,5,0,16.0,0.0,1.0,0.0,153.8,0
12.0,1,1,15.0,3,1,2.0,3,2,5,1,2,0,23.0,0.0,7.0,9.0,151.51,0
9.0,0,1,14.0,0,0,2.0,4,2,4,1,2,1,16.0,1.0,1.0,7.0,123.02000000000001,0
27.0,1,3,27.0,4,0,3.0,3,1,1,1,5,1,13.0,1.0,1.0,0.0,278.75,0
0.0,0,1,14.0,4,0,2.0,2,3,3,2,4,1,14.0,0.0,1.0,3.0,124.32,1
11.0,2,1,15.0,4,1,3.0,3,4,1,1,3,0,19.0,0.0,1.0,3.0,147.71,0
22.0,0,1,8.0,4,1,2.0,3,5,1,1,4,0,15.0,1.0,4.0,3.0,291.61,0
15.0,1,3,18.0,5,1,3.0,3,2,1,1,4,1,12.0,1.0,1.0,0.0,150.87,0
0.0,0,2,28.0,6,0,3.0,4,3,4,1,2,0,12.0,1.0,1.0,0.0,128.63,1
8.0,1,3,24.0,3,1,3.0,3,2,5,1,1,0,16.0,1.0,1.0,4.0,155.61,0
9.0,0,1,22.0,0,1,2.0,3,3,3,2,2,0,14.0,0.0,1.0,4.0,123.02000000000001,0
4.0,0,1,9.0,0,1,3.0,3,3,5,1,2,1,13.0,2.0,2.0,3.0,130.65,0
9.0,0,1,15.0,4,1,3.0,2,3,4,1,2,0,22.0,1.0,1.0,2.0,128.1,0
7.0,1,3,7.0,5,1,2.0,3,0,1,2,2,0,21.0,2.0,2.0,1.0,198.88,0
7.0,1,3,19.0,3,1,2.0,3,0,3,1,2,0,18.0,0.0,1.0,1.0,186.28,0
0.0,2,1,7.0,0,1,3.0,3,3,5,2,1,0,13.0,6.0,7.0,6.0,128.67,0
2.0,1,1,7.0,4,1,2.0,3,2,5,1,1,0,12.0,0.0,1.0,2.0,153.73,0
5.0,0,1,21.0,3,0,2.0,3,2,1,1,6,0,18.0,0.0,1.0,2.0,166.67,0
4.0,0,1,7.0,4,1,2.0,5,2,5,1,2,0,21.0,6.0,8.0,7.0,150.03,0
0.0,2,1,14.0,1,1,2.0,4,3,1,1,6,0,12.0,1.0,1.0,3.0,123.66999999999999,1
11.0,2,3,7.0,4,1,3.0,4,3,5,2,5,0,14.0,1.0,1.0,0.0,128.58,0
8.0,1,3,13.0,4,0,2.0,3,2,1,1,2,1,11.0,1.0,1.0,9.0,152.04,0
0.0,2,3,15.0,5,1,2.0,3,2,1,2,2,0,14.0,1.0,1.0,7.0,141.05,0
5.0,1,1,11.0,4,1,2.0,4,2,1,2,9,0,23.0,1.0,1.0,0.0,196.79,0
0.0,0,3,32.0,5,1,3.0,3,2,1,1,2,1,11.0,0.0,1.0,8.0,156.17,1
16.0,1,3,30.0,4,1,3.0,3,0,5,2,7,1,13.0,0.0,2.0,2.0,204.48,1
27.0,2,1,15.0,4,0,3.0,3,2,3,1,4,0,11.0,1.0,2.0,3.0,128.97,0
6.0,0,1,13.0,4,1,2.0,3,2,3,1,2,0,20.0,0.0,2.0,8.0,159.68,0
16.0,1,1,17.0,4,1,2.0,3,0,3,1,2,0,17.0,1.0,1.0,9.0,175.1,0
11.0,0,2,7.0,6,1,3.0,3,3,4,1,1,1,11.0,0.0,1.0,2.0,129.91,0
27.0,1,2,32.0,6,1,3.0,2,5,4,1,5,1,15.0,1.0,1.0,4.0,291.97,0
4.0,1,1,8.0,3,0,2.0,5,4,1,1,2,1,11.0,0.0,1.0,0.0,123.02000000000001,0
12.0,1,3,21.0,5,1,3.0,3,1,5,2,1,0,12.0,4.0,2.0,10.0,233.41000000000003,0
15.0,0,1,29.0,4,1,2.0,4,2,3,2,2,0,12.0,3.0,3.0,7.0,143.32,0
4.0,0,1,16.0,3,0,2.0,3,0,3,1,5,0,20.0,3.0,4.0,3.0,210.31,0
27.0,2,1,16.0,3,0,3.0,3,2,5,2,7,1,19.0,0.0,1.0,4.0,144.4,0
0.0,2,1,7.0,4,1,2.0,4,2,3,2,2,0,12.0,1.0,1.0,2.0,146.17,0
0.0,2,1,14.0,6,1,3.0,3,3,1,2,2,0,13.0,1.0,1.0,4.0,126.47,0
13.0,0,1,17.0,1,0,3.0,3,2,3,1,2,0,11.0,6.0,9.0,4.0,163.23,0
13.0,1,3,8.0,5,0,3.0,3,2,4,1,4,0,14.0,1.0,5.0,10.0,156.77,0
9.0,2,2,8.0,6,0,2.0,3,3,4,1,5,0,14.0,0.0,1.0,2.0,123.02000000000001,0
3.0,2,1,7.0,3,1,3.0,3,4,4,1,2,0,13.0,1.0,1.0,7.0,137.48,0
0.0,2,1,8.0,6,1,2.0,3,4,3,1,7,1,19.0,0.0,1.0,2.0,139.77,0
20.0,1,1,31.0,3,1,2.0,3,0,3,2,3,0,23.0,6.0,9.0,11.0,186.33,0
9.0,0,1,7.0,0,1,2.0,4,3,3,1,2,0,12.0,0.0,1.0,0.0,123.02000000000001,0
11.0,2,3,7.0,4,1,2.0,3,2,4,1,1,0,15.0,1.0,5.0,8.0,144.4,0
4.0,2,3,8.0,4,1,3.0,3,3,3,1,1,0,19.0,0.0,1.0,2.0,130.67,0
11.0,0,1,12.0,4,1,3.0,4,2,3,1,3,0,11.0,2.0,7.0,7.0,153.21,0
15.0,1,1,24.0,4,1,2.0,3,2,5,1,7,1,17.0,1.0,1.0,2.0,154.1,0
14.0,2,1,7.0,4,1,3.0,3,3,1,1,4,0,22.0,0.0,1.0,0.0,127.82,0
20.0,0,1,7.0,3,0,3.0,3,0,4,1,1,0,18.0,0.0,5.0,3.0,219.57,0
8.0,2,1,17.0,0,1,2.0,3,3,3,1,8,1,11.0,2.0,2.0,2.0,126.6,0
0.0,2,1,7.0,4,1,3.0,3,3,3,2,1,0,12.0,1.0,1.0,2.0,133.75,0
8.0,1,1,15.0,3,1,2.0,3,2,3,2,2,0,19.0,0.0,1.0,8.0,150.98,0
6.0,2,1,21.0,3,0,3.0,3,2,1,1,1,1,13.0,6.0,8.0,1.0,148.78,0
5.0,2,1,32.0,4,0,3.0,4,3,4,2,2,0,13.0,0.0,4.0,1.0,128.37,0
13.0,2,1,14.0,4,1,2.0,3,3,1,1,9,0,19.0,1.0,1.0,0.0,124.06,0
9.0,2,3,7.0,0,1,3.0,4,3,4,1,1,0,14.0,2.0,2.0,2.0,123.02000000000001,0
12.0,2,1,30.0,4,1,2.0,3,2,1,2,8,0,13.0,0.0,1.0,7.0,141.08,0
11.0,1,1,16.0,3,0,3.0,5,0,3,1,4,0,12.0,0.0,2.0,11.0,232.06,0
5.0,1,3,7.0,5,0,2.0,3,0,1,1,2,0,19.0,0.0,5.0,7.0,204.22,0
10.0,1,1,16.0,4,0,2.0,2,0,1,1,2,1,23.0,5.0,2.0,8.0,237.44,0
0.0,2,3,14.0,6,0,2.0,3,2,3,1,1,1,22.0,0.0,1.0,4.0,149.07,0
25.0,0,3,32.0,4,1,2.0,3,3,1,1,3,0,15.0,1.0,1.0,0.0,134.82,0
17.0,2,1,14.0,0,1,2.0,3,3,1,2,7,1,12.0,1.0,1.0,2.0,124.36000000000001,0
0.0,2,3,14.0,0,1,2.0,3,3,5,2,2,1,11.0,1.0,1.0,2.0,123.80000000000001,0
12.0,0,1,15.0,4,1,2.0,3,5,1,2,3,0,15.0,1.0,1.0,3.0,291.97,0
9.0,0,3,15.0,5,1,2.0,3,4,5,1,2,0,19.0,1.0,1.0,0.0,123.02000000000001,1
9.0,1,3,9.0,3,0,3.0,4,0,1,1,1,0,19.0,0.0,3.0,4.0,176.44,0
9.0,0,1,10.0,4,0,3.0,3,2,4,1,8,0,13.0,0.0,1.0,2.0,151.31,0
27.0,0,1,7.0,4,1,2.0,3,2,3,1,2,0,21.0,0.0,1.0,9.0,163.06,0
0.0,2,1,7.0,3,1,2.0,3,4,1,1,10,1,14.0,2.0,2.0,2.0,147.87,1
15.0,1,1,8.0,4,1,2.0,3,5,3,1,6,0,11.0,1.0,4.0,11.0,288.8,0
19.0,2,1,14.0,1,1,3.0,3,3,3,1,9,0,11.0,6.0,9.0,8.0,123.38999999999999,1
14.0,1,1,32.0,4,0,2.0,4,1,4,1,1,0,23.0,1.0,2.0,10.0,235.7,0
7.0,1,3,32.0,5,0,3.0,4,2,3,1,2,0,21.0,1.0,1.0,7.0,167.12,0
9.0,0,3,21.0,5,1,2.0,5,2,1,1,2,0,23.0,5.0,9.0,11.0,154.06,0
14.0,1,3,9.0,4,1,2.0,4,2,4,1,3,0,11.0,1.0,1.0,4.0,189.38,0
5.0,2,1,14.0,1,1,3.0,3,3,5,2,2,0,14.0,0.0,1.0,2.0,124.38999999999999,0
8.0,1,2,32.0,4,0,2.0,3,0,1,2,2,1,16.0,1.0,1.0,7.0,188.37,0
11.0,1,3,16.0,4,0,3.0,3,2,1,1,2,0,11.0,0.0,1.0,9.0,153.43,0
13.0,0,3,7.0,4,1,3.0,3,2,3,1,8,0,12.0,1.0,1.0,1.0,167.28,1
9.0,1,3,17.0,5,0,3.0,4,2,1,1,5,0,13.0,1.0,1.0,0.0,166.52,0
18.0,2,3,26.0,4,0,2.0,3,2,3,2,9,0,15.0,0.0,1.0,1.0,148.5,0
13.0,2,1,8.0,4,1,3.0,4,3,3,2,3,0,14.0,0.0,2.0,2.0,128.09,0
8.0,0,1,24.0,4,1,3.0,3,2,3,1,2,1,14.0,0.0,1.0,2.0,156.89,0
9.0,1,1,8.0,0,0,3.0,3,3,3,1,3,0,14.0,0.0,1.0,2.0,123.02000000000001,0
8.0,2,1,7.0,4,0,3.0,5,3,1,1,2,0,12.0,1.0,1.0,1.0,129.77,0
2.0,2,1,19.0,6,1,2.0,4,2,4,1,5,1,13.0,0.0,1.0,3.0,140.25,0
2.0,2,1,32.0,3,0,3.0,4,4,5,2,2,0,14.0,0.0,1.0,4.0,137.85,0
13.0,1,3,32.0,5,1,2.0,4,0,5,1,5,1,13.0,2.0,2.0,0.0,208.54000000000002,1
12.0,1,3,30.0,5,0,2.0,4,1,1,1,1,0,11.0,3.0,9.0,3.0,220.31,0
4.0,0,1,11.0,3,1,3.0,3,2,5,2,1,0,19.0,1.0,1.0,7.0,199.36,0
0.0,2,3,11.0,6,0,3.0,4,3,3,2,1,0,18.0,1.0,1.0,0.0,129.66,0
9.0,0,1,14.0,0,1,2.0,2,2,1,1,5,0,17.0,0.0,1.0,3.0,125.71000000000001,0
12.0,1,1,12.0,3,1,2.0,4,0,5,1,5,0,15.0,0.0,1.0,7.0,199.91,0
0.0,1,1,10.0,4,1,2.0,2,2,4,1,2,1,20.0,0.0,1.0,3.0,161.42,0
22.0,0,3,8.0,3,1,3.0,4,2,4,1,3,0,14.0,1.0,1.0,8.0,153.9,0
7.0,2,1,14.0,3,1,2.0,2,2,3,1,3,0,12.0,1.0,1.0,2.0,144.04,0
5.0,1,3,7.0,4,0,4.0,4,2,2,2,10,1,12.0,2.0,2.0,6.0,184.93,1
1.0,2,1,9.0,6,1,4.0,5,4,3,2,8,1,16.0,1.0,2.0,1.0,145.9,1
1.0,2,1,31.0,4,1,3.0,5,4,3,2,7,1,15.0,1.0,2.0,4.0,145.28,1
1.0,1,3,16.0,4,1,3.0,5,2,5,2,9,0,23.0,1.0,2.0,4.0,159.07,1
1.0,1,1,13.0,3,1,3.0,4,4,5,2,4,0,12.0,2.0,2.0,4.0,154.6,1
1.0,0,1,23.0,4,0,4.0,5,4,5,2,3,1,23.0,5.0,7.0,8.0,164.19,1
3.0,2,3,12.0,1,1,3.0,4,2,2,0,5,0,15.0,1.0,2.0,1.0,145.86,1
1.0,2,1,7.0,3,1,4.0,4,4,2,0,4,1,17.0,3.0,3.0,1.0,147.93,1
14.0,1,3,10.0,5,1,3.0,5,4,3,0,3,1,15.0,1.0,2.0,3.0,151.83,1
1.0,2,1,32.0,4,1,3.0,5,4,3,2,3,0,13.0,2.0,2.0,2.0,147.93,1
5.0,1,1,19.0,2,0,3.0,4,5,3,0,3,0,15.0,6.0,9.0,9.0,291.97,1
12.0,1,1,7.0,4,1,4.0,5,0,3,2,10,1,14.0,1.0,2.0,1.0,178.81,1
1.0,1,1,12.0,1,1,3.0,4,4,3,2,3,1,14.0,3.0,3.0,3.0,159.41,1
1.0,1,1,16.0,3,1,4.0,5,4,3,0,2,1,18.0,1.0,2.0,1.0,158.88,1
10.0,1,3,16.0,3,1,4.0,5,0,2,2,3,0,17.0,1.0,5.0,3.0,221.19,1
1.0,2,2,13.0,6,1,4.0,4,4,5,1,6,1,23.0,2.0,2.0,3.0,145.73,1
1.0,0,1,13.0,4,0,4.0,5,4,2,2,3,1,19.0,2.0,2.0,1.0,154.26,1
1.0,1,3,12.0,5,1,3.0,5,2,3,2,3,1,12.0,2.0,2.0,4.0,182.44,1
1.0,0,1,14.0,4,1,4.0,5,2,3,2,3,1,23.0,2.0,2.0,7.0,185.74,1
20.0,1,1,21.0,4,0,4.0,4,4,4,0,10,1,19.0,2.0,5.0,4.0,174.63,1
1.0,1,3,13.0,4,1,4.0,5,2,3,0,6,1,19.0,6.0,8.0,8.0,186.72,1
21.0,1,1,30.0,3,0,4.0,4,0,2,0,3,0,13.0,6.0,9.0,3.0,228.12,1
1.0,2,3,29.0,5,1,3.0,4,4,3,2,3,1,20.0,1.0,2.0,1.0,141.75,1
1.0,1,3,27.0,4,0,4.0,5,2,3,0,5,1,12.0,2.0,3.0,3.0,170.59,1
15.0,0,1,15.0,4,1,3.0,5,0,2,2,4,0,16.0,1.0,2.0,4.0,231.5,1
1.0,1,1,16.0,3,0,3.0,4,4,5,2,9,0,23.0,2.0,2.0,5.0,167.0,1
9.0,1,3,7.0,5,1,4.0,4,0,4,0,3,0,14.0,2.0,2.0,7.0,197.95,0
27.0,2,3,13.0,5,1,3.0,4,2,3,0,4,1,21.0,1.0,5.0,6.0,148.06,0
19.0,2,1,16.0,4,1,3.0,4,2,4,1,10,0,19.0,2.0,2.0,11.0,148.48,0
6.0,0,3,15.0,5,0,3.0,4,0,2,2,3,0,15.0,3.0,4.0,3.0,214.98,0
3.0,0,1,7.0,1,1,3.0,4,2,3,0,3,0,14.0,1.0,2.0,10.0,168.19,0
1.0,1,1,14.0,3,1,3.0,5,2,3,0,4,0,18.0,2.0,2.0,1.0,186.32,0
27.0,1,1,16.0,3,0,4.0,5,4,4,0,6,1,21.0,2.0,2.0,1.0,158.46,0
14.0,1,3,11.0,5,1,4.0,5,0,2,0,9,0,12.0,3.0,2.0,11.0,233.55,0
8.0,0,3,9.0,5,0,4.0,4,4,3,0,8,0,19.0,2.0,2.0,3.0,147.31,0
1.0,2,1,26.0,3,1,4.0,4,4,2,0,3,0,23.0,1.0,3.0,3.0,148.23,0
1.0,0,1,16.0,3,1,3.0,4,4,4,1,8,0,19.0,1.0,3.0,3.0,145.24,0
2.0,1,1,28.0,3,1,3.0,4,4,2,0,3,0,12.0,1.0,2.0,3.0,152.13,0
27.0,1,1,31.0,4,1,3.0,3,0,2,1,5,1,17.0,2.0,2.0,3.0,219.39,0
1.0,0,1,10.0,3,1,4.0,5,4,3,1,3,1,16.0,1.0,2.0,2.0,150.66,0
24.0,1,1,18.0,4,0,3.0,4,5,4,2,5,0,16.0,3.0,5.0,5.0,291.97,0
15.0,2,1,21.0,4,1,3.0,4,4,3,1,6,0,13.0,2.0,2.0,9.0,149.51,0
4.0,1,3,12.0,4,0,3.0,4,0,2,0,4,0,13.0,3.0,8.0,3.0,219.19,0
12.0,1,3,7.0,4,0,3.0,5,2,2,2,6,0,23.0,2.0,2.0,3.0,211.86,0
6.0,1,1,13.0,4,1,3.0,4,4,3,2,5,0,21.0,1.0,2.0,5.0,155.38,0
1.0,1,1,24.0,1,1,3.0,4,4,4,0,2,1,17.0,2.0,2.0,2.0,155.58,0
1.0,0,3,7.0,1,0,4.0,5,4,5,2,2,0,22.0,2.0,2.0,1.0,148.25,1
10.0,0,1,10.0,3,1,2.0,4,4,4,2,6,0,13.0,5.0,8.0,3.0,145.88,0
4.0,0,1,16.0,3,1,4.0,4,2,5,1,3,0,12.0,1.0,7.0,11.0,155.72,0
19.0,1,3,11.0,4,0,2.0,4,2,5,1,6,1,12.0,1.0,2.0,4.0,175.06,0
27.0,1,1,15.0,4,0,4.0,4,4,5,1,6,1,19.0,2.0,3.0,3.0,167.57,0
7.0,1,1,9.0,4,1,3.0,4,4,2,2,2,0,15.0,1.0,2.0,3.0,150.0,0
1.0,2,1,9.0,4,1,3.0,5,4,2,2,3,0,23.0,1.0,2.0,1.0,136.02,1
20.0,1,3,7.0,5,0,4.0,4,0,5,1,3,0,23.0,5.0,9.0,3.0,229.53,0
12.0,2,1,16.0,4,0,4.0,4,4,2,2,3,0,13.0,2.0,3.0,2.0,147.88,0
5.0,1,1,19.0,3,0,4.0,4,4,2,0,10,1,23.0,2.0,2.0,3.0,164.29,0
8.0,2,1,32.0,3,0,4.0,4,4,4,2,4,0,16.0,2.0,2.0,3.0,148.11,0
5.0,1,3,27.0,5,0,4.0,4,4,4,2,3,1,23.0,1.0,2.0,3.0,156.4,1
24.0,1,1,7.0,3,1,3.0,5,4,3,0,4,0,16.0,1.0,2.0,3.0,161.9,0
27.0,1,1,20.0,3,0,3.0,3,2,5,1,3,0,12.0,2.0,2.0,4.0,169.5,0
7.0,1,1,21.0,3,0,4.0,4,4,4,0,3,0,14.0,1.0,2.0,7.0,152.56,0
14.0,1,1,11.0,3,0,3.0,4,5,3,0,3,0,15.0,1.0,9.0,10.0,291.97,0
27.0,1,1,21.0,3,1,4.0,3,5,4,2,10,0,15.0,1.0,3.0,11.0,291.97,0
8.0,0,1,9.0,4,1,3.0,5,2,3,0,3,0,18.0,1.0,2.0,3.0,220.47,0
25.0,1,1,10.0,3,0,4.0,4,1,4,2,5,0,19.0,1.0,2.0,1.0,262.34,0
26.0,1,1,7.0,4,1,4.0,5,5,3,0,2,0,15.0,2.0,9.0,10.0,291.97,0
1.0,2,1,16.0,3,0,3.0,4,4,4,2,3,0,17.0,2.0,2.0,4.0,147.79,0
1.0,1,1,30.0,4,1,3.0,5,2,3,0,5,1,14.0,2.0,2.0,2.0,184.16,1
17.0,0,1,14.0,3,1,3.0,3,4,2,1,6,0,15.0,1.0,3.0,3.0,145.89,0
19.0,0,1,9.0,3,1,4.0,5,1,2,0,10,0,15.0,6.0,9.0,9.0,291.97,0
11.0,1,1,28.0,4,1,4.0,3,4,5,0,3,1,13.0,1.0,2.0,8.0,160.64,0
9.0,0,1,9.0,3,0,3.0,4,2,4,2,7,0,12.0,2.0,2.0,3.0,169.25,0
16.0,0,1,28.0,3,0,3.0,4,2,3,1,4,0,17.0,1.0,2.0,3.0,177.65,0
12.0,1,1,9.0,4,1,3.0,4,2,3,0,10,0,15.0,1.0,2.0,1.0,190.53,0
12.0,1,1,32.0,1,1,3.0,4,2,2,0,5,0,19.0,1.0,2.0,8.0,187.61,0
1.0,0,1,7.0,1,1,3.0,5,2,5,0,7,0,20.0,1.0,3.0,1.0,167.98,0
23.0,0,1,25.0,4,1,4.0,4,2,2,1,3,1,16.0,1.0,2.0,8.0,193.04,0
8.0,0,1,17.0,3,1,3.0,4,4,3,1,3,1,18.0,3.0,3.0,1.0,163.15,0
14.0,1,1,26.0,3,1,3.0,4,2,2,0,10,1,16.0,2.0,4.0,8.0,152.41,0
2.0,1,1,32.0,3,1,4.0,4,2,5,0,9,1,20.0,1.0,2.0,1.0,191.73,1
1.0,1,3,32.0,5,0,3.0,4,0,2,0,3,0,23.0,2.0,2.0,10.0,201.39,1
1.0,2,1,12.0,4,1,3.0,3,4,4,1,3,1,17.0,1.0,3.0,3.0,148.28,0
10.0,0,1,25.0,3,0,4.0,4,4,2,2,3,0,14.0,2.0,2.0,8.0,146.53,0
14.0,0,1,16.0,4,1,4.0,5,2,2,0,10,0,15.0,2.0,2.0,3.0,173.76,0
20.0,1,1,7.0,3,1,4.0,4,0,5,1,9,0,17.0,1.0,2.0,3.0,218.96,0
1.0,1,3,11.0,3,1,3.0,5,0,2,0,3,0,12.0,6.0,9.0,3.0,229.0,1
4.0,0,1,7.0,4,1,3.0,5,0,3,2,3,0,23.0,3.0,6.0,3.0,209.74,0
1.0,0,3,27.0,4,0,3.0,4,2,3,2,3,0,15.0,2.0,2.0,3.0,224.81,0
25.0,1,1,15.0,4,1,3.0,5,0,4,0,7,0,17.0,2.0,2.0,8.0,249.89999999999998,0
1.0,1,1,10.0,1,0,3.0,4,4,5,2,7,1,12.0,2.0,2.0,5.0,151.57,1
15.0,1,3,13.0,4,0,4.0,4,0,2,2,5,1,19.0,1.0,2.0,1.0,260.91,0
1.0,0,3,32.0,5,0,3.0,5,2,5,2,7,0,16.0,1.0,2.0,2.0,191.96,1
1.0,2,1,7.0,1,1,3.0,4,4,3,2,2,0,15.0,1.0,2.0,6.0,145.58,1
19.0,0,3,13.0,3,0,3.0,5,0,2,2,8,0,13.0,6.0,9.0,3.0,213.65,0
27.0,1,3,10.0,5,0,3.0,4,2,5,0,4,0,15.0,2.0,2.0,6.0,184.4,0
10.0,1,1,12.0,4,1,4.0,4,2,4,2,10,0,17.0,1.0,4.0,8.0,184.14,0
7.0,1,1,11.0,3,0,3.0,5,4,4,0,8,0,22.0,1.0,2.0,2.0,151.22,0
11.0,0,1,18.0,6,1,3.0,4,0,2,1,3,1,15.0,1.0,2.0,8.0,246.85000000000002,0
12.0,1,3,10.0,4,1,4.0,4,0,3,1,2,0,13.0,2.0,6.0,3.0,231.08999999999997,0
5.0,0,1,7.0,3,1,3.0,5,2,3,0,2,0,13.0,2.0,2.0,5.0,168.45,0
27.0,2,1,10.0,4,1,4.0,5,4,2,0,5,0,18.0,1.0,2.0,1.0,146.77,0
11.0,0,3,11.0,5,1,3.0,4,4,2,1,6,0,18.0,2.0,6.0,9.0,123.02000000000001,0
3.0,0,3,7.0,3,0,3.0,4,0,2,0,3,0,15.0,5.0,5.0,2.0,204.18,0
9.0,0,3,7.0,5,0,4.0,4,0,3,2,3,0,15.0,2.0,2.0,3.0,212.89,0
1.0,2,1,25.0,3,1,3.0,5,4,2,2,3,1,14.0,1.0,2.0,2.0,148.89,1
26.0,1,1,9.0,4,0,3.0,5,4,2,2,9,0,16.0,1.0,3.0,3.0,157.12,0
16.0,1,1,11.0,2,1,3.0,4,5,2,0,3,0,15.0,1.0,9.0,11.0,291.97,0
27.0,2,2,13.0,3,1,3.0,4,4,3,0,10,0,18.0,3.0,3.0,3.0,147.67,0
24.0,1,3,7.0,3,0,4.0,4,5,2,1,5,0,15.0,2.0,2.0,7.0,291.97,0
1.0,2,1,21.0,3,1,3.0,4,4,2,0,7,1,14.0,1.0,2.0,5.0,149.36,1
17.0,1,3,23.0,5,0,4.0,4,1,2,0,7,1,23.0,1.0,2.0,10.0,285.64,0
1.0,1,1,9.0,4,0,3.0,4,4,5,0,9,0,21.0,2.0,2.0,8.0,152.07,1
26.0,0,3,9.0,4,1,4.0,5,5,3,2,3,1,15.0,6.0,9.0,11.0,291.97,0
6.0,1,3,11.0,4,0,3.0,4,4,4,0,4,0,12.0,2.0,2.0,3.0,164.31,0
1.0,1,1,7.0,4,1,4.0,5,4,3,2,2,1,15.0,2.0,2.0,3.0,162.3,1
13.0,2,1,7.0,3,0,4.0,4,4,3,1,9,0,15.0,1.0,2.0,3.0,147.32,0
6.0,0,3,32.0,5,1,4.0,4,2,2,0,2,0,19.0,2.0,3.0,3.0,169.65,0
15.0,1,1,26.0,4,1,3.0,4,2,5,1,4,0,17.0,2.0,2.0,1.0,155.72,0
14.0,1,1,31.0,1,1,4.0,4,2,2,1,3,0,18.0,3.0,5.0,8.0,158.19,0
19.0,1,1,7.0,6,1,4.0,3,5,2,0,2,0,15.0,2.0,2.0,8.0,291.97,0
5.0,0,1,10.0,3,1,4.0,4,0,3,1,10,0,13.0,1.0,3.0,3.0,261.75,0
7.0,1,1,12.0,4,0,4.0,5,4,2,0,3,0,14.0,1.0,2.0,3.0,154.11,0
8.0,1,1,9.0,4,1,3.0,5,2,5,0,8,0,14.0,1.0,6.0,10.0,184.57,0
11.0,1,1,7.0,3,0,3.0,5,4,5,0,4,0,15.0,2.0,2.0,3.0,164.2,0
19.0,0,1,14.0,4,1,4.0,3,2,3,0,6,0,18.0,1.0,2.0,3.0,189.34,0
1.0,0,1,17.0,3,1,4.0,4,0,3,1,8,0,12.0,2.0,2.0,3.0,225.48,1
13.0,0,1,9.0,2,0,4.0,4,0,3,2,2,0,23.0,6.0,2.0,9.0,234.38,0
3.0,2,1,22.0,4,1,3.0,4,4,2,2,3,0,20.0,1.0,2.0,6.0,148.4,0
16.0,1,1,24.0,4,0,3.0,3,2,5,2,5,1,14.0,1.0,2.0,3.0,190.45,0
3.0,1,3,27.0,5,1,3.0,4,2,2,1,4,0,15.0,2.0,2.0,3.0,194.31,0
1.0,1,1,7.0,4,0,4.0,4,2,3,0,2,0,13.0,2.0,2.0,3.0,173.98,0
16.0,1,1,9.0,3,0,3.0,5,4,5,1,2,1,12.0,5.0,8.0,9.0,150.93,0
14.0,1,1,9.0,3,1,3.0,4,5,3,1,2,0,15.0,1.0,4.0,10.0,291.97,0
25.0,1,1,7.0,4,1,4.0,4,4,2,0,3,0,12.0,2.0,2.0,1.0,152.23,0
1.0,0,1,32.0,3,1,4.0,5,4,4,2,2,0,12.0,2.0,2.0,5.0,159.79,1
6.0,0,1,14.0,4,1,4.0,3,4,4,0,3,0,21.0,1.0,2.0,4.0,152.94,0
12.0,0,3,9.0,4,1,3.0,5,2,2,0,5,0,19.0,6.0,8.0,6.0,177.49,0
6.0,2,1,9.0,1,1,3.0,5,2,5,2,6,0,14.0,1.0,2.0,5.0,146.76,0
20.0,1,3,9.0,2,0,4.0,5,1,4,0,5,1,15.0,6.0,8.0,8.0,291.97,0
1.0,1,1,9.0,4,1,4.0,4,4,3,2,4,0,12.0,2.0,2.0,1.0,159.85,1
3.0,1,3,9.0,3,1,4.0,5,2,4,0,4,0,20.0,1.0,2.0,1.0,191.44,0
5.0,1,1,30.0,3,1,4.0,5,2,2,0,2,0,22.0,2.0,8.0,9.0,180.82,0
1.0,0,1,12.0,4,1,3.0,3,2,5,1,3,0,13.0,2.0,2.0,6.0,165.0,0
19.0,1,1,27.0,3,1,4.0,4,1,2,0,2,1,15.0,1.0,2.0,11.0,259.96,0
10.0,1,1,13.0,4,1,3.0,4,4,2,0,2,0,12.0,5.0,9.0,11.0,157.1,0
27.0,1,1,7.0,3,1,3.0,4,5,5,2,2,1,15.0,5.0,5.0,11.0,291.97,0
11.0,0,1,32.0,4,1,3.0,4,0,4,0,3,1,13.0,6.0,2.0,10.0,243.49,1
2.0,2,1,16.0,3,1,4.0,4,4,2,0,3,0,23.0,2.0,2.0,5.0,145.7,0
11.0,1,3,13.0,3,1,4.0,4,2,2,0,6,0,15.0,1.0,2.0,2.0,190.02,0
1.0,1,1,10.0,3,1,4.0,5,4,3,2,3,0,18.0,2.0,2.0,1.0,157.3,0
11.0,0,1,7.0,3,0,2.0,4,0,2,1,4,1,19.0,1.0,2.0,3.0,261.03,0
3.0,1,1,29.0,4,0,4.0,3,0,4,1,9,0,19.0,6.0,2.0,3.0,244.95999999999998,0
12.0,1,3,14.0,3,0,3.0,3,2,5,1,3,1,23.0,1.0,8.0,8.0,181.05,0
1.0,0,1,7.0,4,0,3.0,4,2,4,1,3,0,21.0,1.0,2.0,5.0,188.97,0
24.0,1,1,11.0,4,1,4.0,4,5,4,1,5,0,15.0,2.0,2.0,7.0,291.97,0
27.0,1,1,10.0,3,1,3.0,4,1,3,0,5,1,15.0,1.0,2.0,4.0,291.97,0
16.0,1,3,7.0,4,1,3.0,4,2,3,0,3,0,23.0,5.0,9.0,7.0,174.07,0
3.0,0,3,9.0,4,1,3.0,4,2,2,2,3,0,19.0,1.0,2.0,10.0,170.54,0
27.0,1,1,27.0,1,1,3.0,4,2,2,0,5,1,20.0,2.0,2.0,9.0,179.15,0
1.0,0,1,18.0,3,1,3.0,4,2,5,0,3,1,14.0,3.0,4.0,4.0,172.41,0
11.0,2,1,7.0,4,0,3.0,4,4,2,2,3,0,13.0,2.0,6.0,8.0,146.15,0
8.0,0,1,31.0,4,1,3.0,4,4,3,1,5,1,23.0,1.0,2.0,1.0,156.61,1
12.0,1,1,30.0,4,1,3.0,4,2,2,1,10,0,15.0,1.0,2.0,3.0,182.45,0
1.0,2,1,23.0,3,1,3.0,4,4,4,1,4,1,14.0,2.0,2.0,3.0,148.73,1
2.0,1,1,15.0,4,0,4.0,4,4,2,2,3,0,22.0,1.0,2.0,3.0,158.1,0
23.0,0,1,17.0,4,0,3.0,4,5,5,2,10,1,15.0,1.0,2.0,3.0,291.97,0
10.0,1,1,10.0,1,1,2.0,4,2,4,2,6,0,13.0,6.0,8.0,8.0,169.85,0
5.0,0,3,12.0,5,0,3.0,4,4,4,1,3,0,12.0,1.0,3.0,3.0,152.89,0
1.0,1,3,11.0,5,1,3.0,5,2,2,2,3,1,13.0,6.0,8.0,5.0,183.28,1
11.0,0,1,16.0,3,1,3.0,4,4,2,0,3,1,13.0,1.0,2.0,3.0,148.26,0
16.0,0,3,32.0,5,0,4.0,4,1,4,0,7,0,15.0,3.0,2.0,9.0,260.25,0
1.0,2,1,10.0,4,1,3.0,4,4,3,2,3,0,14.0,1.0,2.0,1.0,139.2,1
9.0,1,3,23.0,5,1,4.0,4,0,4,0,2,0,16.0,4.0,7.0,10.0,205.2,0
10.0,0,1,25.0,4,1,3.0,3,4,2,0,6,0,19.0,1.0,2.0,1.0,161.88,0
25.0,1,1,9.0,3,1,3.0,5,2,4,1,7,0,19.0,1.0,2.0,3.0,179.82,0
15.0,1,3,9.0,4,1,3.0,4,1,4,2,3,0,20.0,1.0,2.0,5.0,285.15,0
1.0,2,3,17.0,3,0,4.0,5,4,3,2,3,0,13.0,2.0,2.0,1.0,137.0,0
2.0,1,1,23.0,3,1,4.0,3,2,5,2,2,0,20.0,1.0,2.0,8.0,181.61,0
5.0,1,3,14.0,2,1,4.0,3,2,2,0,6,0,12.0,4.0,8.0,8.0,194.29,0
13.0,1,1,7.0,3,1,3.0,3,0,2,1,2,0,18.0,4.0,4.0,3.0,221.13,0
10.0,0,1,31.0,4,0,3.0,4,2,4,0,9,0,16.0,1.0,2.0,9.0,181.74,0
6.0,1,3,14.0,4,1,4.0,5,2,3,0,3,0,15.0,2.0,5.0,9.0,179.84,0
12.0,1,1,32.0,4,0,3.0,5,0,4,0,5,0,18.0,2.0,2.0,2.0,245.61,0
27.0,0,1,7.0,4,1,3.0,5,2,3,1,4,1,14.0,2.0,2.0,3.0,181.6,0
5.0,1,1,12.0,1,1,3.0,4,4,2,0,2,1,13.0,1.0,2.0,4.0,173.21,0
5.0,1,2,9.0,6,1,4.0,5,2,5,0,5,0,13.0,1.0,2.0,1.0,189.1,0
19.0,0,1,14.0,4,1,4.0,4,0,5,1,3,0,19.0,6.0,9.0,11.0,177.1,0
5.0,1,1,9.0,4,1,3.0,4,4,2,1,2,1,19.0,2.0,3.0,3.0,151.95,0
7.0,0,1,12.0,4,0,4.0,4,0,4,0,8,0,12.0,3.0,2.0,9.0,243.77999999999997,0
13.0,1,1,17.0,3,1,3.0,4,1,5,0,3,1,15.0,6.0,9.0,11.0,291.97,0
17.0,0,1,17.0,4,0,3.0,4,4,2,2,2,0,20.0,1.0,2.0,8.0,149.55,0
23.0,1,1,7.0,2,0,3.0,5,1,3,2,9,1,13.0,1.0,2.0,8.0,264.64,0
16.0,1,1,15.0,3,1,3.0,5,2,4,0,4,0,16.0,6.0,8.0,8.0,174.41,1
1.0,1,1,12.0,4,0,3.0,4,4,4,2,3,1,13.0,1.0,2.0,3.0,149.78,0
6.0,1,3,15.0,1,0,4.0,5,2,4,0,3,1,12.0,6.0,9.0,10.0,177.28,0
1.0,1,3,9.0,4,1,4.0,4,2,3,2,3,1,12.0,2.0,2.0,5.0,169.78,0
5.0,1,3,14.0,5,1,4.0,4,2,2,1,6,0,13.0,1.0,2.0,8.0,200.47,0
6.0,1,1,9.0,3,0,4.0,3,2,2,2,9,0,17.0,2.0,2.0,8.0,175.55,0
1.0,1,1,9.0,3,1,3.0,5,4,2,0,7,1,14.0,3.0,3.0,3.0,159.64,1
4.0,1,1,32.0,3,0,4.0,4,2,2,0,3,0,14.0,1.0,2.0,10.0,182.75,0
5.0,0,1,14.0,4,0,3.0,5,0,3,0,3,0,23.0,4.0,9.0,3.0,214.43,0
13.0,0,1,6.0,3,1,3.0,5,5,2,0,3,0,15.0,6.0,9.0,4.0,291.97,0
3.0,1,3,10.0,3,0,3.0,4,2,3,0,6,1,19.0,2.0,2.0,1.0,177.38,1
7.0,0,3,17.0,5,1,3.0,5,2,2,2,5,0,15.0,2.0,2.0,2.0,171.82,0
21.0,1,1,12.0,4,1,3.0,4,5,3,0,6,0,15.0,1.0,2.0,2.0,291.97,0
17.0,0,1,17.0,4,0,3.0,5,2,3,1,3,0,12.0,1.0,2.0,1.0,177.57,0
1.0,0,3,7.0,5,1,4.0,4,2,4,0,2,1,14.0,1.0,2.0,5.0,188.49,0
27.0,0,1,27.0,4,0,3.0,4,2,3,2,5,0,13.0,2.0,2.0,4.0,173.69,0
17.0,1,1,14.0,4,0,3.0,4,0,5,0,10,0,17.0,2.0,2.0,3.0,224.85,0
19.0,1,1,15.0,6,1,4.0,4,2,2,0,10,0,15.0,6.0,9.0,9.0,161.97,0
14.0,1,3,7.0,3,1,3.0,5,2,2,0,4,1,23.0,2.0,2.0,3.0,199.57,0
1.0,2,1,15.0,6,1,4.0,5,4,5,0,3,1,12.0,2.0,2.0,8.0,146.19,1
3.0,1,1,16.0,6,1,2.0,5,4,2,2,2,0,18.0,3.0,3.0,3.0,164.83,0
4.0,1,3,12.0,5,0,2.0,5,2,3,1,3,0,14.0,1.0,2.0,3.0,186.18,0
1.0,1,3,15.0,5,0,3.0,4,2,4,0,3,0,19.0,1.0,2.0,8.0,187.14,0
11.0,1,1,12.0,3,1,4.0,4,2,2,1,9,0,17.0,1.0,2.0,5.0,188.47,0
12.0,1,1,22.0,4,1,4.0,5,0,2,1,2,1,15.0,2.0,2.0,10.0,240.10000000000002,0
5.0,1,1,14.0,3,0,3.0,4,0,2,2,3,1,15.0,3.0,5.0,11.0,196.43,0
3.0,1,3,17.0,5,0,3.0,5,2,4,1,3,1,15.0,1.0,2.0,8.0,207.68,0
9.0,1,1,12.0,2,1,4.0,4,0,4,2,2,0,14.0,1.0,2.0,11.0,205.95,0
1.0,1,1,32.0,4,1,3.0,4,4,2,1,3,0,13.0,2.0,2.0,3.0,154.04,0
15.0,1,1,13.0,3,1,4.0,5,2,4,2,8,1,16.0,2.0,2.0,3.0,185.32,0
21.0,0,3,11.0,3,1,3.0,4,2,3,2,5,0,20.0,1.0,2.0,1.0,154.76,0
16.0,1,1,30.0,4,0,3.0,4,1,2,2,4,0,15.0,1.0,2.0,1.0,284.92,0
3.0,0,3,9.0,4,1,4.0,4,2,3,0,3,0,15.0,2.0,2.0,3.0,171.49,0
16.0,1,2,9.0,1,1,3.0,4,4,3,1,2,1,12.0,2.0,2.0,1.0,151.96,0
6.0,2,1,9.0,3,0,4.0,4,4,4,0,3,0,14.0,1.0,2.0,8.0,148.7,0
22.0,1,3,32.0,3,0,4.0,4,0,3,0,5,0,22.0,1.0,2.0,1.0,250.04000000000002,0
11.0,1,1,13.0,3,1,3.0,3,2,5,1,6,1,14.0,3.0,7.0,8.0,184.74,0
4.0,0,3,32.0,1,0,3.0,4,2,3,0,9,1,13.0,2.0,3.0,3.0,172.36,0
1.0,1,3,7.0,4,1,3.0,4,2,3,0,3,0,18.0,3.0,8.0,8.0,177.96,0
16.0,1,1,9.0,6,1,4.0,5,2,2,2,5,0,23.0,1.0,2.0,1.0,192.81,0
1.0,0,3,7.0,1,0,3.0,5,4,4,2,3,1,12.0,2.0,2.0,3.0,146.74,1
10.0,0,3,7.0,3,0,3.0,4,2,2,2,6,0,16.0,2.0,2.0,1.0,191.53,0
10.0,0,3,10.0,3,1,3.0,5,0,2,0,6,0,12.0,1.0,2.0,3.0,221.99,0
27.0,1,1,7.0,3,1,3.0,4,2,3,0,4,0,12.0,2.0,2.0,3.0,192.55,0
14.0,2,1,17.0,4,0,3.0,3,4,3,0,5,1,14.0,1.0,2.0,8.0,147.13,0
1.0,0,3,16.0,3,1,3.0,4,4,2,2,3,0,23.0,1.0,3.0,3.0,151.1,0
1.0,1,3,12.0,5,0,3.0,4,4,3,2,3,1,14.0,2.0,2.0,1.0,153.51,1
11.0,1,1,17.0,3,0,4.0,4,4,5,0,8,0,21.0,2.0,2.0,4.0,159.52,0
20.0,0,1,14.0,3,0,2.0,4,2,3,0,4,0,15.0,1.0,2.0,1.0,177.58,0
5.0,0,3,11.0,5,1,3.0,4,2,4,2,3,0,19.0,6.0,8.0,3.0,218.55,1
24.0,1,1,17.0,2,1,4.0,5,0,2,2,8,0,16.0,1.0,2.0,3.0,229.96,0
4.0,1,3,29.0,5,1,4.0,5,2,3,0,4,1,13.0,2.0,2.0,1.0,188.8,1
5.0,1,1,16.0,4,1,3.0,5,4,4,2,2,1,17.0,2.0,3.0,3.0,151.57,0
1.0,1,3,19.0,4,0,3.0,3,4,4,2,3,0,16.0,1.0,2.0,1.0,152.16,1
3.0,2,1,30.0,4,1,3.0,4,4,2,2,10,0,17.0,2.0,2.0,3.0,147.01,0
9.0,1,1,16.0,4,1,4.0,5,2,4,2,10,0,20.0,2.0,2.0,1.0,190.4,0
1.0,1,1,7.0,3,1,3.0,4,4,4,1,3,0,12.0,1.0,2.0,5.0,163.16,0
2.0,1,3,16.0,4,1,4.0,4,2,2,2,3,0,17.0,2.0,2.0,8.0,177.53,0
23.0,1,1,14.0,6,1,3.0,5,0,3,2,10,0,23.0,2.0,2.0,1.0,170.0,0
25.0,1,3,21.0,4,0,3.0,4,2,2,0,6,0,12.0,1.0,2.0,8.0,174.36,0
10.0,1,1,9.0,4,0,4.0,4,4,3,0,6,0,14.0,2.0,3.0,3.0,150.43,0
1.0,0,3,26.0,5,1,4.0,3,2,2,2,10,1,14.0,2.0,2.0,5.0,178.04,1
27.0,1,1,9.0,4,0,4.0,4,1,2,2,4,1,14.0,1.0,2.0,3.0,291.59,0
1.0,1,3,17.0,5,0,4.0,4,2,3,1,3,1,13.0,1.0,2.0,4.0,167.6,0
4.0,1,3,9.0,1,1,4.0,4,4,4,0,3,0,19.0,2.0,2.0,1.0,149.76,0
1.0,0,1,10.0,1,1,4.0,4,4,5,2,2,0,23.0,1.0,2.0,5.0,156.02,1
1.0,2,1,18.0,3,0,3.0,4,4,4,0,3,0,14.0,2.0,2.0,3.0,147.44,0
10.0,1,3,9.0,3,1,4.0,5,0,3,0,3,0,14.0,6.0,9.0,1.0,200.96,0
1.0,0,1,11.0,1,1,3.0,4,4,2,2,10,1,23.0,2.0,2.0,1.0,147.85,1
11.0,1,1,21.0,4,0,4.0,4,4,5,1,3,0,13.0,4.0,9.0,11.0,155.34,0
14.0,1,3,9.0,5,0,3.0,4,2,4,1,9,0,13.0,1.0,2.0,4.0,182.15,0
16.0,1,1,7.0,4,0,4.0,4,4,5,1,5,0,17.0,2.0,2.0,3.0,150.76,0
11.0,1,1,17.0,4,1,3.0,4,2,4,2,4,1,13.0,1.0,2.0,2.0,166.97,0
17.0,1,1,19.0,4,1,3.0,5,1,4,1,3,0,12.0,1.0,4.0,10.0,268.36,0
14.0,1,1,9.0,3,0,4.0,5,2,3,0,8,0,23.0,2.0,2.0,1.0,159.48,0
27.0,1,1,12.0,3,1,3.0,4,5,5,0,6,0,15.0,2.0,2.0,3.0,291.97,0
8.0,0,3,11.0,5,0,4.0,4,2,3,0,10,0,16.0,2.0,2.0,3.0,190.38,0
5.0,1,1,14.0,3,0,3.0,4,2,5,0,3,0,13.0,4.0,4.0,11.0,168.06,0
17.0,0,1,28.0,3,1,4.0,4,4,2,0,9,0,21.0,1.0,2.0,3.0,147.58,0
17.0,1,1,15.0,6,0,4.0,4,2,3,1,6,1,15.0,1.0,2.0,3.0,170.22,0
1.0,1,3,11.0,4,0,3.0,5,2,2,2,3,1,12.0,1.0,2.0,4.0,169.87,0
11.0,0,1,32.0,3,0,4.0,4,2,3,0,5,1,16.0,4.0,9.0,8.0,169.49,0
5.0,2,1,7.0,4,1,4.0,5,4,5,0,3,0,13.0,1.0,4.0,3.0,147.18,0
13.0,0,1,7.0,4,1,3.0,4,5,3,1,3,1,15.0,1.0,2.0,7.0,291.97,0
27.0,0,3,13.0,4,0,3.0,3,1,5,0,10,0,12.0,3.0,2.0,8.0,257.12,0
4.0,1,3,19.0,1,0,3.0,4,2,3,2,2,0,12.0,4.0,5.0,5.0,190.77,0
15.0,1,3,7.0,5,1,3.0,3,0,5,0,3,0,17.0,2.0,2.0,8.0,208.92,0
2.0,1,1,24.0,3,1,4.0,4,2,5,1,3,0,13.0,1.0,2.0,9.0,170.58,0
1.0,1,1,10.0,3,1,4.0,4,4,5,0,7,0,14.0,2.0,2.0,3.0,165.31,1
26.0,1,1,10.0,3,1,3.0,5,0,3,0,4,1,15.0,1.0,2.0,5.0,204.69,0
19.0,1,1,17.0,4,1,4.0,4,4,2,0,5,0,22.0,2.0,2.0,3.0,151.54,0
26.0,1,1,11.0,4,0,2.0,4,1,2,0,4,0,14.0,1.0,2.0,5.0,290.55,0
16.0,0,1,32.0,4,0,4.0,4,2,3,1,4,0,12.0,2.0,2.0,3.0,170.56,0
4.0,1,1,9.0,4,0,3.0,5,2,2,2,4,0,21.0,1.0,2.0,3.0,185.91,0
27.0,1,1,14.0,4,0,3.0,4,5,5,0,7,0,15.0,1.0,9.0,11.0,291.97,0
20.0,1,1,25.0,3,0,3.0,4,2,3,1,4,0,15.0,1.0,2.0,9.0,173.1,0
16.0,0,1,32.0,1,0,3.0,5,2,2,0,2,0,12.0,1.0,2.0,5.0,170.23,0
1.0,1,3,7.0,1,0,4.0,4,4,4,2,3,1,17.0,2.0,2.0,5.0,157.02,1
1.0,0,3,13.0,5,0,3.0,5,4,3,1,2,0,17.0,2.0,2.0,1.0,148.51,1
12.0,0,1,9.0,4,1,3.0,4,4,2,0,3,1,23.0,2.0,2.0,1.0,142.02,0
14.0,1,3,9.0,4,0,4.0,4,5,3,0,2,0,15.0,1.0,2.0,11.0,291.97,0
1.0,1,1,30.0,4,0,3.0,4,4,2,1,3,0,23.0,2.0,2.0,3.0,153.86,0
4.0,0,1,10.0,4,1,3.0,4,4,2,0,6,0,16.0,1.0,2.0,5.0,145.97,0
3.0,1,1,10.0,3,1,4.0,5,0,3,0,3,0,19.0,2.0,2.0,8.0,244.35000000000002,0
1.0,1,1,32.0,1,0,4.0,5,4,4,0,7,0,17.0,1.0,2.0,2.0,150.46,1
1.0,1,2,9.0,1,1,3.0,5,4,2,2,3,0,13.0,2.0,2.0,1.0,150.64,1
4.0,0,3,29.0,6,0,4.0,4,0,5,0,2,0,12.0,3.0,8.0,9.0,209.12,0
27.0,1,3,32.0,5,1,3.0,5,1,2,1,5,0,13.0,1.0,2.0,1.0,266.18,0
24.0,1,1,32.0,4,1,3.0,5,1,3,0,2,0,15.0,6.0,9.0,8.0,291.97,0
4.0,0,1,9.0,3,0,3.0,4,4,2,2,2,0,15.0,6.0,7.0,8.0,150.64,0
27.0,0,3,32.0,5,0,4.0,5,0,5,0,6,0,20.0,6.0,9.0,3.0,227.66,0
21.0,1,1,9.0,3,0,4.0,4,2,2,1,7,0,14.0,1.0,2.0,5.0,175.7,0
20.0,1,1,9.0,4,1,3.0,4,1,3,0,8,0,15.0,1.0,2.0,2.0,291.97,0
9.0,1,1,29.0,4,1,3.0,5,4,3,2,2,0,16.0,3.0,5.0,4.0,167.3,0
27.0,1,1,15.0,4,0,3.0,4,2,3,2,9,0,12.0,2.0,2.0,1.0,162.8,0
8.0,1,1,9.0,4,1,4.0,5,4,3,1,5,0,13.0,6.0,6.0,8.0,152.68,0
20.0,1,3,17.0,5,0,4.0,5,0,2,0,4,1,20.0,2.0,2.0,3.0,215.71,0
5.0,1,1,16.0,4,1,3.0,4,0,4,1,3,0,23.0,2.0,2.0,9.0,231.48000000000002,0
1.0,1,1,22.0,3,1,3.0,4,0,3,0,9,1,13.0,1.0,8.0,8.0,261.1,1
1.0,1,1,17.0,3,1,3.0,5,4,2,1,9,0,14.0,1.0,2.0,4.0,159.08,1
4.0,1,3,14.0,5,1,3.0,4,4,4,2,2,0,15.0,2.0,2.0,3.0,154.83,0
9.0,1,1,23.0,4,1,4.0,4,0,3,0,6,1,13.0,1.0,2.0,1.0,201.32,0
1.0,0,1,27.0,4,1,4.0,4,0,3,0,5,0,13.0,2.0,2.0,3.0,223.24,1
1.0,0,2,30.0,6,0,3.0,4,0,5,1,10,1,16.0,2.0,2.0,3.0,224.5,1
16.0,0,1,12.0,6,1,4.0,4,4,3,0,6,0,18.0,3.0,3.0,1.0,145.93,0
10.0,0,3,17.0,3,1,3.0,4,0,2,2,3,0,15.0,2.0,9.0,3.0,224.8,0
1.0,0,1,11.0,1,1,3.0,5,4,3,2,7,0,17.0,2.0,2.0,3.0,163.94,1
22.0,1,3,9.0,5,0,3.0,4,2,2,0,4,0,15.0,5.0,7.0,8.0,165.51,0
27.0,1,3,25.0,4,0,3.0,4,1,4,2,5,0,15.0,1.0,8.0,8.0,291.97,0
15.0,0,3,17.0,4,1,3.0,4,2,2,2,9,0,15.0,1.0,2.0,11.0,187.3,0
9.0,1,3,7.0,5,1,3.0,4,2,3,0,10,0,12.0,4.0,7.0,10.0,172.17,0
14.0,1,1,13.0,4,0,4.0,4,1,3,2,9,0,16.0,5.0,2.0,11.0,257.37,0
13.0,0,1,15.0,4,0,3.0,4,4,3,0,3,0,12.0,1.0,2.0,8.0,162.55,0
5.0,1,3,9.0,4,1,4.0,4,2,2,2,6,1,14.0,2.0,2.0,6.0,190.82,0
16.0,1,1,31.0,3,1,3.0,4,0,5,0,3,1,22.0,5.0,6.0,9.0,199.06,0
19.0,1,3,9.0,6,1,4.0,4,2,4,0,2,0,20.0,4.0,4.0,8.0,173.05,0
1.0,0,2,24.0,4,0,3.0,4,4,3,1,2,1,12.0,1.0,2.0,1.0,152.41,1
3.0,1,1,26.0,1,1,3.0,4,2,2,1,6,0,13.0,1.0,2.0,3.0,167.62,0
7.0,1,1,7.0,3,0,4.0,3,1,3,1,6,0,20.0,1.0,2.0,6.0,286.84,0
1.0,1,3,14.0,4,1,3.0,5,0,2,1,10,0,22.0,2.0,2.0,2.0,240.57,0
1.0,0,3,12.0,5,1,4.0,4,4,4,2,3,1,15.0,2.0,2.0,1.0,143.78,1
14.0,0,3,32.0,6,1,3.0,5,0,5,1,5,0,16.0,2.0,2.0,2.0,234.32,0
15.0,0,1,9.0,6,0,4.0,5,2,3,2,4,1,18.0,1.0,2.0,8.0,193.11,0
1.0,1,3,32.0,3,1,3.0,4,2,3,1,7,0,13.0,2.0,2.0,1.0,168.06,0
9.0,1,3,7.0,3,0,4.0,4,2,3,2,3,0,17.0,1.0,2.0,4.0,173.59,0
8.0,1,3,28.0,4,1,4.0,3,2,2,2,3,0,13.0,6.0,6.0,8.0,178.37,0
1.0,2,1,31.0,1,1,4.0,5,4,2,2,3,1,19.0,2.0,2.0,1.0,148.4,1
11.0,1,1,7.0,2,0,3.0,4,0,2,2,6,0,18.0,2.0,2.0,3.0,199.91,0
20.0,0,1,25.0,3,0,3.0,4,0,3,0,7,0,12.0,2.0,2.0,3.0,230.27,0
15.0,1,3,9.0,4,0,4.0,4,1,5,0,9,0,17.0,1.0,9.0,9.0,290.95,0
11.0,0,3,16.0,3,1,4.0,4,0,4,1,3,0,14.0,6.0,8.0,3.0,213.34,0
26.0,1,1,13.0,1,1,4.0,4,2,5,1,5,1,13.0,3.0,7.0,10.0,180.77,0
1.0,0,3,18.0,6,1,3.0,3,2,3,0,10,0,13.0,2.0,2.0,3.0,172.07,1
1.0,0,3,31.0,3,1,3.0,4,4,2,0,2,0,14.0,1.0,3.0,2.0,149.0,0
12.0,1,1,17.0,3,0,4.0,4,2,3,0,5,0,20.0,2.0,2.0,3.0,223.24,0
11.0,1,1,7.0,4,0,4.0,4,2,4,0,8,0,13.0,4.0,5.0,4.0,189.47,0
23.0,1,1,25.0,4,1,3.0,5,5,3,1,3,1,15.0,1.0,2.0,10.0,291.97,0
1.0,1,1,30.0,3,1,3.0,3,4,2,0,3,1,12.0,1.0,2.0,5.0,152.25,0
1.0,1,3,32.0,5,1,4.0,4,2,4,0,3,0,21.0,2.0,2.0,5.0,187.72,0
1.0,2,1,24.0,6,1,4.0,5,4,4,0,3,0,22.0,2.0,2.0,1.0,146.27,0
24.0,0,2,10.0,3,1,3.0,4,5,4,0,3,0,15.0,6.0,9.0,8.0,291.97,0
1.0,2,3,20.0,3,1,3.0,4,4,3,0,3,0,12.0,2.0,2.0,7.0,145.96,0
1.0,0,1,14.0,4,0,3.0,4,4,3,0,3,1,17.0,1.0,2.0,3.0,153.86,1
1.0,0,3,19.0,4,1,4.0,5,4,5,0,3,0,19.0,2.0,2.0,1.0,145.33,1
8.0,1,1,7.0,4,1,3.0,5,4,2,0,3,1,14.0,1.0,2.0,4.0,161.22,0
1.0,1,3,20.0,3,1,3.0,4,2,5,1,4,0,18.0,1.0,2.0,3.0,167.33,1
9.0,1,1,32.0,6,1,3.0,5,2,2,2,6,0,15.0,1.0,2.0,3.0,161.81,0
5.0,1,3,13.0,3,1,4.0,3,2,2,1,6,0,23.0,4.0,6.0,8.0,179.6,0
1.0,2,1,13.0,3,0,4.0,5,4,3,1,2,0,13.0,2.0,2.0,4.0,146.87,0
11.0,1,3,9.0,5,1,4.0,4,2,3,0,6,1,12.0,1.0,2.0,3.0,221.02,0
1.0,1,1,7.0,4,0,3.0,5,4,4,2,3,0,14.0,2.0,2.0,1.0,153.36,0
16.0,1,1,9.0,4,0,3.0,4,2,2,0,3,0,14.0,3.0,3.0,3.0,165.89,0
17.0,1,1,13.0,6,1,3.0,5,1,2,1,6,1,15.0,1.0,2.0,1.0,291.27,0
12.0,1,1,7.0,4,0,3.0,4,4,5,2,5,0,18.0,2.0,2.0,1.0,151.19,0
17.0,0,1,16.0,3,1,4.0,4,2,3,1,5,1,14.0,3.0,5.0,8.0,181.79,0
22.0,1,1,7.0,4,0,3.0,5,1,5,0,9,0,12.0,1.0,2.0,3.0,279.02,0
18.0,1,2,7.0,4,0,3.0,5,2,3,2,6,0,12.0,2.0,2.0,3.0,184.85,0
8.0,1,3,21.0,1,0,3.0,4,4,3,1,3,1,19.0,2.0,2.0,7.0,150.79,0
1.0,1,3,9.0,5,1,3.0,4,4,5,1,2,0,12.0,1.0,2.0,3.0,155.41,1
1.0,1,3,29.0,1,1,3.0,4,4,3,2,3,0,12.0,2.0,2.0,3.0,159.47,0
18.0,1,1,10.0,6,1,3.0,4,5,2,0,6,1,15.0,2.0,2.0,2.0,291.97,0
1.0,1,1,13.0,3,1,4.0,4,4,3,0,2,0,21.0,3.0,3.0,3.0,152.73,0
7.0,1,3,15.0,5,1,3.0,4,2,3,1,2,0,13.0,2.0,2.0,3.0,196.04,0
6.0,1,1,16.0,4,0,4.0,4,2,2,0,3,1,13.0,2.0,2.0,6.0,188.22,0
4.0,0,1,10.0,3,0,4.0,4,4,3,1,3,0,21.0,2.0,2.0,1.0,145.83,0
27.0,1,3,7.0,3,0,3.0,4,2,5,2,9,0,21.0,6.0,9.0,11.0,208.81,0
8.0,1,1,7.0,4,1,3.0,4,4,2,0,3,0,13.0,6.0,9.0,9.0,151.91,0
9.0,0,3,32.0,4,0,4.0,4,2,5,0,4,0,15.0,1.0,2.0,1.0,167.86,1
1.0,1,1,13.0,4,0,4.0,4,4,2,0,3,1,14.0,1.0,2.0,3.0,151.59,0
11.0,1,1,10.0,6,1,3.0,4,0,3,0,3,0,16.0,6.0,8.0,3.0,219.34,0
3.0,1,3,10.0,3,0,4.0,4,2,3,0,3,0,15.0,1.0,2.0,3.0,180.61,0
9.0,1,1,13.0,4,1,3.0,5,2,2,2,3,0,14.0,6.0,9.0,9.0,191.46,0
7.0,0,1,13.0,4,1,2.0,4,2,2,1,5,0,23.0,5.0,5.0,8.0,202.25,0
27.0,1,2,26.0,3,1,3.0,4,0,4,0,4,0,16.0,4.0,2.0,2.0,232.25,0
10.0,1,1,16.0,3,1,3.0,5,2,4,1,4,1,12.0,2.0,2.0,3.0,213.47,0
1.0,2,1,10.0,3,1,3.0,5,4,2,2,2,0,14.0,1.0,2.0,2.0,145.45,0
1.0,2,1,17.0,3,1,3.0,4,3,3,2,3,1,12.0,1.0,2.0,2.0,135.09,1
1.0,0,1,10.0,4,1,4.0,4,4,5,2,3,1,12.0,6.0,9.0,8.0,158.48,1
9.0,0,1,10.0,4,1,3.0,5,4,3,0,3,0,19.0,2.0,2.0,1.0,137.81,0
1.0,1,1,11.0,3,1,3.0,3,4,5,0,4,0,17.0,1.0,2.0,3.0,153.19,0
1.0,1,3,15.0,4,1,3.0,3,2,4,0,2,0,23.0,1.0,2.0,3.0,173.51,0
12.0,1,3,14.0,5,0,3.0,5,2,2,2,2,0,21.0,2.0,2.0,6.0,165.28,0
3.0,0,1,7.0,4,1,4.0,5,4,2,1,3,0,19.0,3.0,3.0,9.0,152.2,0
22.0,1,3,9.0,5,1,3.0,3,2,4,0,5,0,13.0,3.0,3.0,3.0,206.2,0
1.0,0,3,10.0,3,0,4.0,3,2,2,1,3,1,21.0,2.0,2.0,5.0,171.47,0
11.0,1,1,17.0,4,1,4.0,3,4,2,2,5,0,18.0,2.0,2.0,1.0,171.8,0
24.0,1,1,32.0,3,1,4.0,3,4,3,0,3,1,12.0,4.0,4.0,9.0,157.21,0
8.0,1,1,16.0,3,0,3.0,5,0,4,2,3,0,15.0,5.0,8.0,3.0,211.21,0
1.0,1,3,10.0,4,0,4.0,4,2,3,2,10,0,15.0,2.0,3.0,1.0,170.77,1
13.0,1,1,9.0,1,0,4.0,5,2,3,2,3,0,12.0,3.0,9.0,11.0,170.53,0
6.0,1,3,17.0,5,1,3.0,4,2,2,2,3,0,13.0,1.0,2.0,9.0,178.96,0
14.0,0,3,15.0,1,1,3.0,4,2,3,0,5,1,15.0,2.0,2.0,4.0,192.96,1
12.0,1,1,7.0,4,0,3.0,3,2,2,2,2,0,14.0,2.0,2.0,9.0,201.25,0
1.0,1,1,7.0,4,0,4.0,4,0,5,0,3,0,12.0,2.0,2.0,8.0,199.12,0
6.0,1,1,10.0,4,0,3.0,4,0,2,2,5,0,16.0,4.0,2.0,8.0,236.58999999999997,0
21.0,1,3,21.0,5,1,3.0,4,2,5,2,4,0,13.0,1.0,2.0,8.0,174.6,0
14.0,0,3,12.0,4,1,3.0,5,0,5,0,7,1,22.0,1.0,2.0,3.0,229.75,0
27.0,1,1,14.0,4,1,3.0,3,1,3,0,5,0,20.0,1.0,2.0,4.0,273.14,0
15.0,1,2,17.0,6,1,4.0,5,5,2,1,5,0,15.0,6.0,9.0,7.0,291.97,0
27.0,1,3,23.0,5,1,3.0,4,2,5,2,10,0,15.0,2.0,3.0,3.0,179.05,0
1.0,0,1,17.0,4,1,3.0,4,0,5,1,3,0,22.0,2.0,2.0,3.0,212.93,0
15.0,1,2,7.0,6,1,3.0,5,5,3,0,3,0,15.0,3.0,3.0,11.0,291.97,0
24.0,1,3,15.0,5,1,3.0,4,4,4,0,9,0,16.0,2.0,3.0,3.0,163.75,0
1.0,2,1,7.0,4,0,4.0,5,4,4,2,9,1,14.0,2.0,4.0,8.0,147.16,1
10.0,0,1,15.0,4,0,4.0,3,0,5,0,10,0,15.0,1.0,2.0,6.0,242.13,0
12.0,1,1,7.0,4,0,3.0,4,0,3,2,6,1,15.0,1.0,2.0,1.0,203.61,0
18.0,0,1,31.0,3,1,3.0,5,4,3,2,4,0,15.0,1.0,2.0,5.0,162.08,0
21.0,0,3,10.0,3,0,3.0,4,1,3,1,10,1,13.0,1.0,9.0,11.0,262.7,0
4.0,1,3,32.0,5,1,3.0,4,2,2,1,9,0,23.0,5.0,8.0,8.0,178.04,0
3.0,1,3,17.0,4,1,3.0,4,4,3,2,3,0,12.0,1.0,2.0,1.0,151.42,0
6.0,0,1,26.0,3,1,3.0,3,4,3,1,8,1,13.0,3.0,3.0,3.0,152.59,1
17.0,0,3,22.0,4,1,3.0,5,2,2,0,5,0,19.0,1.0,3.0,3.0,193.04,0
8.0,1,1,15.0,3,0,4.0,4,2,3,2,5,0,12.0,2.0,5.0,4.0,186.42,0
1.0,1,1,16.0,3,1,3.0,4,4,5,0,3,0,15.0,1.0,2.0,3.0,150.0,0
13.0,1,2,10.0,6,0,3.0,3,2,4,0,10,0,16.0,4.0,4.0,7.0,188.89,0
27.0,1,1,16.0,3,1,3.0,4,1,2,0,9,0,12.0,1.0,2.0,2.0,236.02999999999997,0
14.0,2,1,9.0,3,0,3.0,5,4,2,2,2,1,21.0,3.0,3.0,4.0,148.42,0
1.0,1,1,14.0,3,0,3.0,5,2,5,2,10,0,20.0,2.0,2.0,8.0,193.11,0
3.0,2,3,17.0,5,1,3.0,4,4,4,1,3,0,15.0,1.0,3.0,3.0,147.97,0
27.0,2,1,13.0,4,1,3.0,4,2,2,2,4,0,18.0,2.0,3.0,3.0,149.5,0
9.0,0,1,9.0,4,0,4.0,4,2,5,1,4,0,12.0,1.0,2.0,1.0,175.93,0
6.0,0,1,31.0,4,1,4.0,4,2,2,0,3,0,16.0,3.0,5.0,8.0,178.09,0
12.0,1,1,9.0,3,1,4.0,4,4,3,0,8,1,14.0,1.0,2.0,2.0,155.57,0
8.0,1,1,15.0,4,0,3.0,4,2,5,1,5,0,15.0,2.0,2.0,1.0,176.21,0
26.0,1,3,10.0,5,1,3.0,5,1,5,0,3,0,15.0,2.0,2.0,11.0,291.97,0
1.0,1,1,7.0,6,1,4.0,4,4,2,2,3,1,14.0,6.0,8.0,9.0,151.86,1
1.0,1,3,32.0,3,0,3.0,4,2,2,2,3,0,23.0,1.0,2.0,5.0,186.8,0
19.0,1,3,9.0,1,1,3.0,5,2,3,2,2,0,14.0,1.0,4.0,2.0,191.32,0
1.0,1,1,17.0,3,1,4.0,3,4,3,2,3,0,19.0,2.0,2.0,3.0,160.05,0
11.0,0,3,32.0,4,0,4.0,2,2,3,2,6,1,13.0,2.0,2.0,4.0,188.97,1
8.0,1,3,9.0,6,1,3.0,4,2,2,2,3,0,23.0,1.0,2.0,5.0,187.74,0
19.0,1,1,9.0,3,1,4.0,4,5,5,0,7,1,14.0,2.0,2.0,5.0,291.97,1
10.0,0,3,15.0,4,1,4.0,5,0,5,2,3,0,16.0,1.0,2.0,10.0,200.87,0
26.0,0,1,26.0,3,1,3.0,4,4,2,0,2,0,19.0,2.0,2.0,3.0,167.58,0
1.0,0,1,7.0,4,0,4.0,5,4,2,1,5,0,15.0,3.0,3.0,1.0,168.64,0
3.0,1,1,32.0,3,0,4.0,4,2,3,0,6,0,13.0,2.0,2.0,2.0,168.35,0
1.0,1,3,15.0,1,1,3.0,5,2,5,2,8,0,18.0,2.0,2.0,3.0,178.26,1
8.0,1,1,7.0,4,0,4.0,2,4,2,2,4,0,17.0,1.0,2.0,4.0,157.8,0
27.0,1,1,26.0,3,0,4.0,4,2,5,1,10,1,12.0,1.0,2.0,5.0,179.85,0
3.0,0,3,6.0,5,1,3.0,4,2,2,0,2,0,20.0,1.0,2.0,2.0,168.42,0
11.0,1,1,17.0,4,0,3.0,4,4,5,1,2,1,14.0,4.0,5.0,4.0,152.82,0
12.0,0,1,9.0,4,0,4.0,2,2,5,2,8,1,13.0,5.0,5.0,11.0,184.8,0
8.0,1,1,9.0,3,0,3.0,5,4,5,2,3,0,12.0,2.0,2.0,4.0,168.81,0
9.0,1,3,15.0,4,0,4.0,4,4,2,0,3,0,17.0,1.0,2.0,3.0,150.72,0
4.0,1,1,7.0,4,1,3.0,5,4,3,0,5,0,22.0,2.0,2.0,3.0,163.33,0
14.0,0,1,9.0,3,0,3.0,2,2,4,0,3,0,23.0,1.0,4.0,8.0,167.44,0
8.0,1,3,15.0,4,0,4.0,4,2,5,0,7,0,18.0,2.0,2.0,3.0,190.0,0
16.0,0,1,15.0,4,1,4.0,4,5,2,1,3,0,15.0,1.0,9.0,10.0,291.97,0
1.0,2,1,13.0,4,1,4.0,2,4,5,0,3,1,22.0,2.0,2.0,1.0,141.01,1
1.0,0,1,16.0,4,1,3.0,5,4,4,1,3,0,12.0,2.0,2.0,1.0,151.94,0
26.0,1,1,18.0,4,0,3.0,4,2,3,0,10,0,21.0,2.0,2.0,5.0,156.49,0
24.0,1,1,9.0,3,1,4.0,4,1,3,0,7,0,15.0,1.0,2.0,4.0,291.97,0
1.0,2,1,7.0,4,0,3.0,5,4,5,0,3,1,12.0,1.0,2.0,1.0,148.19,1
7.0,1,1,14.0,3,1,3.0,4,0,3,0,2,0,12.0,1.0,2.0,8.0,241.91000000000003,0
1.0,1,3,23.0,5,0,4.0,4,2,5,2,7,0,16.0,2.0,2.0,3.0,178.24,1
21.0,1,1,9.0,6,0,3.0,4,1,2,0,3,1,15.0,4.0,4.0,1.0,291.97,0
10.0,1,1,7.0,6,0,3.0,4,2,4,0,2,0,16.0,1.0,2.0,6.0,177.28,0
3.0,1,1,30.0,4,1,3.0,2,4,3,0,3,0,23.0,2.0,2.0,8.0,152.0,0
21.0,1,1,9.0,4,1,3.0,4,5,4,2,9,1,15.0,6.0,9.0,9.0,291.97,1
9.0,1,1,7.0,4,0,3.0,2,4,3,2,5,0,14.0,1.0,3.0,3.0,150.06,0
16.0,1,1,7.0,4,0,3.0,5,2,2,0,10,1,14.0,1.0,2.0,3.0,185.62,0
1.0,1,1,9.0,3,1,3.0,4,4,3,2,8,0,18.0,1.0,3.0,2.0,168.82,1
10.0,2,2,20.0,6,1,3.0,4,4,4,0,5,0,14.0,2.0,2.0,5.0,146.43,0
6.0,1,1,11.0,4,0,4.0,5,2,3,0,3,0,13.0,2.0,7.0,9.0,186.62,0
14.0,0,1,23.0,3,1,3.0,5,2,3,2,8,0,15.0,2.0,2.0,1.0,175.94,0
4.0,1,1,9.0,3,0,3.0,5,2,2,2,7,1,23.0,2.0,2.0,1.0,193.77,0
19.0,2,1,9.0,4,0,4.0,5,4,3,2,3,0,15.0,2.0,2.0,1.0,147.74,0
16.0,1,1,32.0,4,1,4.0,4,2,4,0,3,0,14.0,3.0,8.0,9.0,169.34,0
12.0,0,1,19.0,4,1,3.0,5,2,5,1,4,0,16.0,2.0,2.0,3.0,187.88,0
8.0,0,1,23.0,4,0,4.0,5,4,2,2,3,0,17.0,2.0,2.0,4.0,150.53,0
13.0,1,3,18.0,5,0,3.0,4,0,2,0,3,0,19.0,1.0,8.0,8.0,201.54,1
19.0,1,3,9.0,3,1,3.0,4,2,2,2,6,0,17.0,1.0,8.0,4.0,176.6,1
17.0,1,1,21.0,4,1,4.0,4,1,5,0,8,0,15.0,2.0,2.0,1.0,291.97,0
1.0,1,1,12.0,2,1,3.0,5,0,2,1,3,1,17.0,1.0,2.0,9.0,253.07999999999998,0
9.0,1,1,14.0,6,1,3.0,4,0,3,2,5,0,22.0,1.0,2.0,3.0,227.21,0
2.0,1,3,9.0,5,0,3.0,4,2,4,0,3,1,21.0,6.0,8.0,6.0,172.79,0
8.0,1,2,10.0,6,1,3.0,4,4,2,0,2,0,20.0,2.0,2.0,3.0,162.37,0
1.0,0,1,12.0,3,0,3.0,5,4,3,0,3,1,15.0,1.0,2.0,8.0,148.66,1
1.0,0,1,10.0,3,1,3.0,4,4,2,0,3,0,12.0,2.0,2.0,1.0,142.06,0
25.0,1,3,32.0,5,0,4.0,4,1,3,0,4,0,15.0,1.0,5.0,11.0,288.07,0
18.0,1,1,11.0,3,1,3.0,4,2,4,2,10,0,13.0,2.0,3.0,4.0,184.33,0
1.0,1,1,9.0,3,1,4.0,2,4,5,2,9,0,14.0,2.0,2.0,2.0,159.24,0
7.0,1,3,7.0,3,1,3.0,2,2,5,1,3,0,23.0,1.0,2.0,9.0,165.37,0
9.0,1,1,32.0,3,0,3.0,5,4,5,2,3,0,12.0,2.0,2.0,2.0,150.59,0
10.0,1,3,7.0,4,1,3.0,4,2,2,0,3,1,15.0,3.0,5.0,11.0,187.01,0
6.0,1,3,20.0,4,1,4.0,4,2,2,1,4,0,12.0,1.0,2.0,4.0,169.03,0
4.0,0,1,12.0,4,1,4.0,5,4,2,1,10,0,13.0,1.0,2.0,4.0,162.61,0
27.0,1,3,14.0,5,0,4.0,5,0,2,0,9,1,19.0,1.0,2.0,5.0,234.33999999999997,0
19.0,1,3,16.0,5,1,4.0,4,0,5,1,6,1,13.0,2.0,2.0,3.0,232.61,0
6.0,1,1,15.0,3,0,4.0,2,2,3,0,7,0,13.0,2.0,2.0,4.0,176.75,0
26.0,0,1,32.0,3,0,3.0,5,1,2,0,5,0,23.0,1.0,2.0,1.0,263.26,0
11.0,1,3,23.0,5,1,4.0,5,2,3,1,6,0,20.0,2.0,2.0,1.0,188.34,0
2.0,1,2,15.0,3,1,4.0,5,4,2,1,3,0,14.0,1.0,2.0,5.0,174.36,0
1.0,1,1,7.0,4,1,3.0,5,2,2,0,8,0,23.0,3.0,3.0,3.0,172.75,0
18.0,1,1,15.0,4,1,4.0,2,4,2,0,4,1,23.0,2.0,2.0,3.0,153.18,0
16.0,0,1,9.0,3,1,3.0,4,4,2,2,7,1,15.0,1.0,3.0,3.0,150.15,0
10.0,2,2,15.0,4,1,4.0,5,4,5,0,2,0,22.0,2.0,2.0,4.0,148.42,0
1.0,1,3,10.0,6,1,4.0,4,2,5,0,3,1,19.0,2.0,2.0,4.0,166.94,0
9.0,1,1,16.0,4,0,4.0,5,0,3,0,3,1,21.0,3.0,2.0,11.0,231.85000000000002,0
1.0,0,1,32.0,4,0,4.0,4,4,4,1,3,1,20.0,1.0,8.0,9.0,145.22,1
6.0,0,1,7.0,4,1,4.0,4,4,2,1,2,0,13.0,1.0,2.0,3.0,148.14,0
1.0,1,3,11.0,5,1,3.0,5,2,5,0,3,0,13.0,2.0,2.0,4.0,167.56,0
23.0,1,1,7.0,1,0,3.0,4,4,5,0,4,0,17.0,2.0,2.0,3.0,160.8,0
1.0,0,1,11.0,4,1,3.0,5,4,2,0,2,0,18.0,1.0,4.0,5.0,156.62,0
6.0,0,3,12.0,4,1,3.0,4,2,4,0,3,0,15.0,3.0,6.0,4.0,190.24,0
12.0,1,3,16.0,5,1,4.0,5,4,4,0,2,0,20.0,1.0,2.0,3.0,153.99,0
16.0,1,1,10.0,4,0,4.0,2,2,2,0,4,1,14.0,1.0,2.0,4.0,177.31,0
5.0,2,1,18.0,4,1,3.0,4,4,2,0,5,1,20.0,2.0,2.0,3.0,148.56,0
1.0,1,3,7.0,3,0,3.0,5,4,3,1,8,1,20.0,1.0,2.0,3.0,153.0,1
27.0,1,3,15.0,5,1,4.0,4,1,2,0,7,0,15.0,1.0,2.0,3.0,243.36,0
9.0,1,1,32.0,2,1,4.0,5,0,4,0,5,0,17.0,4.0,2.0,9.0,234.02999999999997,0
11.0,0,3,28.0,3,0,3.0,4,4,2,0,7,0,16.0,2.0,2.0,1.0,154.73,0
27.0,1,1,30.0,4,0,4.0,4,1,2,2,8,0,19.0,1.0,4.0,9.0,267.75,0
17.0,0,1,7.0,4,0,3.0,4,2,2,0,6,0,14.0,2.0,3.0,3.0,180.62,0
21.0,1,3,9.0,5,0,3.0,4,2,2,0,2,1,23.0,6.0,8.0,8.0,170.37,0
11.0,0,3,26.0,3,1,3.0,4,0,4,2,3,1,14.0,1.0,2.0,10.0,201.42,0
24.0,0,1,9.0,4,1,4.0,4,1,5,1,3,0,15.0,6.0,9.0,8.0,291.97,0
13.0,1,2,9.0,4,0,3.0,5,2,2,0,10,0,12.0,1.0,2.0,5.0,177.04,0
7.0,2,2,10.0,6,1,3.0,4,4,4,1,5,1,12.0,1.0,2.0,4.0,147.77,0
1.0,1,1,32.0,4,1,3.0,4,4,2,2,3,1,23.0,2.0,2.0,2.0,152.95,1
3.0,1,1,14.0,3,0,4.0,5,4,2,1,8,0,15.0,2.0,2.0,4.0,150.32,0
18.0,1,1,16.0,4,1,4.0,4,4,5,0,3,1,14.0,3.0,8.0,2.0,150.59,0
2.0,1,3,12.0,3,1,4.0,4,2,2,2,3,0,15.0,2.0,2.0,3.0,174.08,0
21.0,0,1,9.0,4,1,3.0,5,4,2,1,10,1,15.0,1.0,2.0,1.0,148.8,1
17.0,1,1,15.0,4,0,3.0,4,2,4,1,6,0,22.0,2.0,2.0,1.0,172.65,0
1.0,2,3,9.0,3,0,3.0,5,4,3,2,3,0,14.0,1.0,2.0,3.0,145.44,1
1.0,1,1,25.0,6,0,4.0,4,4,2,2,3,0,20.0,2.0,2.0,1.0,151.93,1
10.0,1,1,21.0,4,1,4.0,4,2,2,0,2,1,18.0,5.0,5.0,11.0,190.86,0
21.0,1,3,9.0,4,0,4.0,5,4,2,2,3,1,19.0,2.0,2.0,3.0,157.94,0
1.0,1,1,10.0,4,0,3.0,4,2,3,0,2,1,20.0,2.0,2.0,3.0,166.71,1
5.0,1,1,9.0,4,0,3.0,5,4,2,1,6,1,14.0,1.0,2.0,1.0,152.78,1
2.0,2,1,16.0,3,0,4.0,4,4,3,1,7,0,19.0,3.0,3.0,3.0,148.77,0
3.0,2,1,13.0,3,1,4.0,4,4,5,0,9,1,22.0,2.0,3.0,3.0,149.04,1
1.0,2,1,11.0,4,0,4.0,4,4,3,2,3,0,20.0,2.0,2.0,1.0,148.18,0
8.0,2,1,17.0,4,1,3.0,4,4,4,1,3,0,15.0,2.0,2.0,1.0,145.08,0
16.0,1,3,21.0,3,0,4.0,5,2,3,2,9,0,18.0,1.0,2.0,4.0,187.44,0
7.0,1,1,7.0,6,1,4.0,5,4,5,2,5,1,12.0,1.0,2.0,3.0,152.99,0
27.0,1,1,12.0,2,0,3.0,5,0,4,1,4,1,14.0,2.0,2.0,3.0,230.52,0
5.0,2,3,14.0,4,1,3.0,5,4,3,0,5,0,16.0,4.0,6.0,3.0,148.29,0
9.0,1,1,28.0,4,0,3.0,4,2,2,0,3,1,23.0,1.0,2.0,8.0,165.14,0
23.0,1,1,15.0,6,0,3.0,4,0,4,0,6,0,12.0,1.0,2.0,8.0,199.03,0
22.0,2,1,27.0,3,1,3.0,4,4,3,0,6,0,18.0,1.0,2.0,1.0,147.59,0
5.0,0,3,27.0,5,0,3.0,4,2,3,0,3,0,14.0,2.0,2.0,1.0,194.32,0
10.0,1,1,14.0,6,1,4.0,4,4,2,2,4,0,19.0,1.0,2.0,2.0,171.78,0
12.0,1,1,7.0,2,0,4.0,4,0,5,0,3,0,14.0,4.0,6.0,11.0,260.82,0
6.0,0,1,7.0,4,0,4.0,5,4,4,0,8,0,21.0,2.0,2.0,3.0,148.32,0
1.0,2,3,26.0,5,1,3.0,5,4,4,0,3,1,19.0,1.0,2.0,1.0,149.13,1
14.0,1,3,17.0,5,1,4.0,5,0,4,1,4,0,13.0,2.0,2.0,3.0,222.05,0
1.0,0,3,7.0,3,1,3.0,5,2,5,2,3,0,13.0,2.0,2.0,8.0,167.94,0
15.0,1,1,13.0,3,1,3.0,4,4,5,2,4,1,14.0,2.0,3.0,11.0,172.21,0
10.0,1,1,9.0,3,1,4.0,4,4,3,2,6,0,22.0,3.0,4.0,10.0,150.19,0
1.0,2,3,28.0,6,1,3.0,5,4,4,2,3,1,14.0,1.0,2.0,1.0,146.21,1
1.0,1,1,11.0,1,1,3.0,4,4,5,2,3,0,20.0,2.0,2.0,1.0,154.73,1
5.0,1,1,19.0,3,0,3.0,4,2,2,0,2,1,12.0,1.0,9.0,6.0,183.55,0
14.0,0,1,16.0,3,1,3.0,4,4,4,1,10,1,15.0,1.0,2.0,1.0,161.17,0
6.0,1,1,10.0,3,0,4.0,4,2,5,0,3,0,13.0,6.0,7.0,4.0,192.25,0
1.0,1,3,10.0,4,1,3.0,5,0,2,0,3,1,12.0,4.0,4.0,3.0,228.25,1
7.0,1,1,7.0,4,0,3.0,5,2,2,2,2,0,15.0,1.0,2.0,5.0,194.49,0
1.0,1,3,7.0,4,1,3.0,5,0,3,0,7,0,12.0,2.0,9.0,3.0,231.08999999999997,1
19.0,0,1,11.0,4,1,3.0,4,2,4,0,3,0,13.0,2.0,2.0,9.0,169.47,0
3.0,0,3,27.0,1,0,3.0,4,4,2,0,3,0,16.0,1.0,2.0,3.0,146.57,0
9.0,1,3,25.0,3,0,3.0,4,2,3,0,3,0,17.0,2.0,2.0,1.0,171.01,0
26.0,1,1,7.0,4,1,4.0,4,1,2,0,4,0,15.0,6.0,8.0,9.0,291.97,0
21.0,1,1,9.0,1,1,3.0,4,4,3,2,6,0,23.0,2.0,2.0,1.0,149.79,1
27.0,1,3,9.0,3,1,3.0,4,1,3,1,8,0,14.0,1.0,9.0,3.0,273.52,0
4.0,1,3,15.0,6,1,4.0,4,0,3,1,7,0,12.0,5.0,8.0,8.0,197.64,0
12.0,0,3,17.0,1,0,3.0,4,2,2,2,3,1,14.0,1.0,2.0,4.0,181.66,0
9.0,1,3,10.0,4,1,4.0,4,0,2,1,8,0,14.0,1.0,2.0,9.0,203.23,0
13.0,1,3,9.0,4,1,3.0,2,0,3,2,2,0,19.0,2.0,2.0,8.0,203.8,0
4.0,0,3,31.0,4,0,4.0,2,1,4,2,6,1,17.0,2.0,2.0,1.0,256.94,1
21.0,0,1,23.0,3,1,4.0,2,2,3,1,3,1,20.0,1.0,3.0,8.0,175.67,0
10.0,0,3,15.0,1,1,3.0,4,2,2,1,6,0,14.0,2.0,2.0,8.0,175.79,0
1.0,0,1,16.0,3,1,3.0,5,4,5,2,2,1,23.0,2.0,2.0,3.0,148.21,1
7.0,0,3,24.0,4,1,3.0,4,1,3,2,3,0,15.0,6.0,7.0,1.0,291.97,0
1.0,2,1,17.0,4,0,4.0,5,4,5,2,8,1,21.0,2.0,2.0,1.0,149.04,1
7.0,1,1,20.0,4,0,3.0,4,4,2,2,5,0,19.0,2.0,2.0,3.0,159.52,0
19.0,2,1,7.0,3,0,4.0,4,4,2,1,5,0,15.0,1.0,2.0,3.0,147.7,0
24.0,1,1,7.0,3,1,4.0,4,1,2,1,10,0,15.0,1.0,2.0,4.0,291.97,0
7.0,0,1,7.0,6,0,3.0,2,2,4,0,3,1,14.0,1.0,2.0,3.0,179.88,0
15.0,0,1,16.0,3,1,4.0,4,5,3,1,4,0,15.0,2.0,2.0,11.0,291.97,0
1.0,1,1,23.0,1,0,3.0,4,4,4,0,10,0,15.0,3.0,3.0,3.0,153.11,0
19.0,0,1,30.0,4,1,3.0,4,2,5,0,3,1,16.0,2.0,2.0,9.0,161.33,0
21.0,1,3,11.0,4,0,3.0,4,2,2,2,3,1,18.0,2.0,2.0,8.0,166.63,0
1.0,2,1,29.0,4,0,3.0,4,4,3,0,6,1,12.0,1.0,2.0,2.0,146.32,1
24.0,1,1,31.0,4,1,4.0,4,1,3,0,5,1,19.0,1.0,2.0,6.0,264.73,0
12.0,0,1,17.0,3,1,4.0,4,4,3,0,2,0,18.0,1.0,2.0,3.0,151.84,0
20.0,1,1,14.0,3,1,4.0,4,0,3,1,8,0,14.0,1.0,2.0,8.0,233.45,0
1.0,1,1,24.0,3,0,3.0,5,2,3,1,3,0,16.0,3.0,4.0,3.0,168.77,0
1.0,1,1,21.0,6,1,3.0,5,4,4,1,3,1,23.0,2.0,2.0,3.0,162.43,1
5.0,0,1,7.0,4,0,4.0,4,2,5,0,3,0,13.0,2.0,2.0,4.0,166.48,0
1.0,0,1,12.0,4,1,4.0,4,3,2,2,3,0,16.0,2.0,2.0,1.0,135.51,0
27.0,1,1,24.0,2,0,3.0,4,0,3,0,10,0,12.0,2.0,2.0,9.0,232.39,0
9.0,1,1,32.0,3,0,3.0,4,0,3,1,3,1,12.0,3.0,9.0,3.0,228.88,0
4.0,1,1,15.0,4,0,4.0,2,0,5,0,2,1,13.0,1.0,2.0,8.0,239.16000000000003,0
1.0,1,1,18.0,3,0,4.0,5,4,5,2,3,1,16.0,1.0,2.0,1.0,151.0,1
1.0,0,1,12.0,3,0,3.0,4,4,4,2,2,0,18.0,1.0,2.0,3.0,149.22,1
1.0,1,1,9.0,3,1,3.0,2,2,2,0,3,0,13.0,2.0,2.0,4.0,179.72,0
1.0,2,1,15.0,4,1,4.0,5,4,5,0,3,0,16.0,2.0,2.0,2.0,149.51,0
22.0,1,1,13.0,4,1,4.0,5,2,3,2,4,0,14.0,1.0,3.0,3.0,167.4,0
22.0,1,1,11.0,4,1,4.0,5,0,3,2,9,0,15.0,2.0,2.0,9.0,234.99,0
15.0,1,1,14.0,3,0,3.0,4,2,3,2,8,0,15.0,2.0,3.0,2.0,175.03,0
13.0,1,1,7.0,4,0,4.0,5,1,2,0,3,0,17.0,1.0,2.0,9.0,252.42000000000002,0
1.0,1,1,9.0,4,0,3.0,4,2,2,0,2,0,19.0,1.0,3.0,3.0,167.27,0
9.0,1,1,17.0,6,1,3.0,4,4,2,1,3,0,21.0,2.0,2.0,3.0,164.17,0
16.0,1,3,12.0,5,1,3.0,4,5,3,0,8,0,15.0,1.0,2.0,1.0,291.97,0
24.0,2,1,16.0,4,1,4.0,4,4,2,0,6,0,19.0,2.0,2.0,1.0,148.8,0
27.0,1,1,9.0,4,0,4.0,5,1,2,2,5,1,14.0,1.0,5.0,4.0,262.26,0
1.0,1,1,18.0,3,0,4.0,5,2,4,0,7,0,16.0,2.0,2.0,1.0,172.77,1
27.0,0,1,25.0,3,1,4.0,4,2,4,0,5,1,15.0,6.0,7.0,8.0,188.85,0
15.0,0,1,14.0,4,0,3.0,5,5,3,1,3,0,23.0,2.0,6.0,11.0,291.97,0
12.0,1,3,10.0,4,1,3.0,4,2,2,2,10,1,13.0,2.0,2.0,1.0,193.61,0
1.0,0,3,32.0,3,1,4.0,5,2,5,2,10,0,19.0,1.0,3.0,3.0,174.69,1
16.0,1,3,9.0,5,0,3.0,5,5,2,0,3,0,16.0,6.0,7.0,10.0,291.97,1
18.0,1,3,32.0,3,0,3.0,2,1,2,0,5,1,19.0,2.0,2.0,11.0,258.2,0
24.0,0,3,7.0,4,0,4.0,4,2,3,0,2,0,13.0,2.0,2.0,11.0,188.47,0
1.0,1,1,23.0,4,0,3.0,2,4,5,2,3,0,17.0,6.0,9.0,11.0,152.43,1
13.0,0,1,29.0,3,0,3.0,4,0,5,2,3,1,14.0,2.0,2.0,9.0,233.8,0
7.0,0,3,15.0,4,0,3.0,5,4,2,2,2,0,20.0,3.0,3.0,3.0,148.42,0
19.0,1,3,18.0,4,0,3.0,4,1,2,0,5,0,15.0,2.0,2.0,2.0,291.97,0
6.0,0,1,32.0,3,0,4.0,4,4,3,2,10,0,13.0,6.0,8.0,8.0,165.25,0
8.0,1,3,7.0,5,1,4.0,2,2,2,1,2,0,12.0,2.0,2.0,3.0,222.25,0
27.0,1,3,7.0,2,1,4.0,4,0,2,0,5,1,15.0,1.0,2.0,5.0,244.04000000000002,0
19.0,2,2,31.0,3,1,3.0,4,4,4,2,3,0,17.0,1.0,2.0,5.0,146.77,0
27.0,0,3,9.0,5,0,3.0,5,0,4,0,4,0,13.0,1.0,7.0,11.0,200.25,0
1.0,1,1,22.0,6,1,3.0,4,2,3,1,9,0,15.0,1.0,2.0,1.0,173.34,1
1.0,0,1,9.0,4,1,3.0,4,4,5,0,8,1,15.0,2.0,2.0,3.0,145.42,1
8.0,2,3,17.0,4,0,3.0,4,4,3,0,3,1,20.0,1.0,2.0,1.0,147.2,0
2.0,2,3,17.0,3,1,4.0,4,4,4,0,3,0,23.0,2.0,2.0,1.0,135.52,0
12.0,0,1,10.0,6,1,3.0,4,4,3,0,5,0,17.0,3.0,3.0,3.0,153.21,0
24.0,1,1,9.0,3,1,4.0,4,5,3,0,4,1,15.0,6.0,8.0,8.0,291.97,0
11.0,1,1,10.0,6,0,3.0,4,2,4,2,5,0,16.0,2.0,2.0,2.0,166.07,0
14.0,1,3,32.0,5,1,4.0,4,2,5,0,3,0,15.0,6.0,8.0,6.0,208.96,0
1.0,0,1,7.0,3,0,4.0,5,4,3,1,3,0,14.0,2.0,2.0,4.0,145.07,0
20.0,1,1,7.0,3,1,3.0,4,5,2,1,10,0,15.0,2.0,3.0,3.0,291.97,0
27.0,1,3,9.0,4,0,3.0,5,0,3,0,8,0,12.0,6.0,2.0,1.0,231.86,0
27.0,0,1,16.0,3,0,4.0,4,4,3,0,4,0,20.0,1.0,2.0,4.0,154.42,0
10.0,1,1,19.0,3,0,3.0,5,0,2,2,2,0,12.0,6.0,8.0,3.0,213.58,0
27.0,0,1,9.0,3,1,3.0,5,1,5,2,9,0,15.0,4.0,7.0,3.0,291.97,0
17.0,1,3,32.0,3,1,4.0,5,0,2,1,7,0,14.0,2.0,2.0,1.0,259.0,0
1.0,0,3,16.0,5,0,3.0,4,4,2,2,3,1,15.0,1.0,2.0,3.0,148.23,1
1.0,2,1,17.0,4,0,3.0,5,4,5,2,3,0,14.0,2.0,2.0,1.0,139.16,1
20.0,1,1,15.0,4,0,4.0,5,2,5,1,10,1,23.0,2.0,2.0,8.0,171.15,0
15.0,1,1,11.0,4,1,3.0,4,4,3,0,10,1,13.0,2.0,3.0,8.0,149.61,1
1.0,0,1,31.0,2,1,4.0,5,0,5,2,3,0,13.0,1.0,2.0,3.0,212.22,1
1.0,1,1,7.0,3,1,3.0,5,4,5,0,3,0,17.0,1.0,2.0,4.0,164.55,0
4.0,1,1,27.0,6,1,3.0,4,2,5,0,2,0,16.0,2.0,2.0,3.0,224.57,0
15.0,1,1,14.0,1,0,3.0,2,4,3,0,3,0,14.0,2.0,2.0,9.0,158.76,0
12.0,1,1,24.0,4,0,4.0,5,0,3,0,2,0,19.0,1.0,2.0,3.0,213.23,0
14.0,1,1,27.0,2,1,4.0,4,0,2,0,6,0,21.0,5.0,9.0,3.0,228.22,0
1.0,0,1,15.0,4,1,3.0,5,4,3,0,3,0,20.0,2.0,2.0,3.0,171.21,0
27.0,0,1,9.0,4,1,4.0,4,0,4,0,5,0,19.0,2.0,2.0,3.0,234.76,0
2.0,1,1,17.0,6,0,3.0,4,2,3,2,5,0,14.0,2.0,2.0,8.0,161.6,0
8.0,1,2,7.0,3,1,4.0,5,0,5,0,10,0,15.0,3.0,4.0,3.0,229.82,1
7.0,1,1,12.0,4,1,3.0,5,0,2,1,6,0,16.0,1.0,2.0,3.0,196.19,0
1.0,1,3,11.0,2,1,3.0,4,0,5,2,2,1,23.0,4.0,5.0,3.0,220.82,1
1.0,0,1,32.0,3,0,3.0,5,2,3,2,3,0,23.0,4.0,4.0,9.0,170.08,1
2.0,2,1,22.0,4,1,3.0,4,4,3,1,3,0,17.0,3.0,3.0,3.0,147.07,0
8.0,0,1,10.0,4,1,3.0,4,2,2,2,2,0,18.0,2.0,2.0,5.0,202.56,0
11.0,1,3,17.0,4,0,3.0,5,2,2,1,4,1,15.0,1.0,2.0,1.0,191.94,0
1.0,1,1,11.0,1,1,3.0,4,4,2,0,3,1,16.0,6.0,6.0,7.0,161.91,1
1.0,2,1,28.0,3,1,3.0,4,4,3,1,3,0,21.0,2.0,2.0,1.0,148.77,1
1.0,2,1,32.0,3,1,3.0,5,4,4,2,6,1,21.0,1.0,3.0,3.0,148.13,1
16.0,1,1,9.0,3,1,3.0,4,1,5,0,2,0,15.0,6.0,9.0,8.0,291.97,0
1.0,0,1,6.0,3,1,3.0,5,4,4,1,3,0,16.0,1.0,2.0,1.0,150.96,1
14.0,0,3,7.0,6,1,3.0,4,2,3,2,5,1,15.0,1.0,2.0,1.0,172.28,1
7.0,0,3,14.0,4,0,2.0,4,2,4,0,2,0,18.0,2.0,2.0,3.0,168.02,0
8.0,0,1,10.0,4,1,3.0,5,4,2,0,5,0,18.0,2.0,2.0,1.0,154.79,0
22.0,0,1,7.0,3,1,3.0,2,1,2,2,4,0,15.0,1.0,3.0,2.0,291.97,0
19.0,0,3,16.0,4,0,4.0,5,2,3,0,3,0,14.0,1.0,5.0,11.0,180.93,0
26.0,1,1,14.0,4,1,3.0,4,0,4,2,9,0,20.0,4.0,5.0,3.0,229.45,0
12.0,1,3,17.0,5,1,4.0,5,0,3,1,2,1,15.0,3.0,3.0,3.0,212.4,0
3.0,1,1,32.0,4,0,4.0,4,4,2,1,6,0,23.0,1.0,2.0,8.0,150.14,0
2.0,1,1,10.0,3,0,4.0,4,0,4,1,2,0,18.0,1.0,2.0,8.0,201.55,0
20.0,1,3,10.0,5,1,3.0,4,1,3,0,5,0,15.0,2.0,5.0,10.0,291.97,0
12.0,1,3,9.0,5,1,3.0,4,0,4,2,9,0,17.0,2.0,2.0,1.0,198.51,0
17.0,0,1,32.0,4,0,3.0,4,0,5,0,10,0,12.0,1.0,2.0,2.0,233.2,0
3.0,0,1,9.0,4,1,3.0,4,1,2,1,9,0,12.0,6.0,2.0,6.0,246.69,1
14.0,1,1,21.0,3,1,3.0,5,5,3,2,3,0,15.0,5.0,5.0,10.0,291.97,0
1.0,2,1,7.0,1,0,4.0,5,4,4,2,3,1,12.0,1.0,3.0,3.0,145.7,0
13.0,0,1,16.0,4,1,4.0,4,2,4,2,10,0,16.0,2.0,2.0,4.0,192.82,0
10.0,0,1,25.0,4,1,4.0,4,2,2,2,4,0,21.0,2.0,2.0,10.0,202.79,0
5.0,0,3,27.0,4,1,4.0,2,4,2,0,2,0,13.0,2.0,3.0,3.0,152.91,0
2.0,1,1,9.0,4,1,4.0,5,4,4,0,2,0,18.0,1.0,2.0,5.0,157.01,0
9.0,0,3,18.0,5,1,3.0,4,2,2,1,3,0,12.0,1.0,2.0,3.0,174.68,0
23.0,1,3,15.0,2,1,3.0,5,1,4,0,8,0,18.0,2.0,2.0,4.0,256.2,0
8.0,0,1,9.0,4,1,4.0,4,2,3,2,4,0,12.0,2.0,2.0,3.0,165.33,0
3.0,0,1,17.0,4,0,4.0,4,4,4,1,2,0,15.0,2.0,2.0,2.0,157.91,0
16.0,1,1,32.0,3,1,3.0,5,2,2,2,6,0,20.0,2.0,2.0,1.0,167.72,0
3.0,1,1,15.0,3,1,4.0,5,2,2,0,3,1,14.0,1.0,2.0,3.0,175.56,0
12.0,1,2,7.0,6,1,3.0,2,4,3,0,3,0,14.0,2.0,6.0,1.0,153.44,0
5.0,0,1,13.0,4,1,3.0,5,4,3,1,3,1,15.0,2.0,2.0,3.0,152.03,0
1.0,0,1,15.0,3,1,4.0,4,4,3,2,3,0,13.0,1.0,2.0,1.0,144.04,1
1.0,1,3,16.0,5,0,4.0,4,2,5,2,2,1,18.0,1.0,2.0,4.0,207.24,1
15.0,1,1,19.0,4,1,3.0,4,4,2,0,5,1,12.0,2.0,2.0,1.0,172.66,0
1.0,0,1,22.0,3,1,4.0,4,4,3,0,3,0,13.0,3.0,3.0,3.0,151.1,1
11.0,1,1,32.0,3,0,3.0,5,2,2,1,9,0,14.0,1.0,2.0,4.0,182.31,0
1.0,1,1,13.0,4,1,3.0,5,4,3,0,3,0,14.0,3.0,3.0,3.0,150.39,0
8.0,1,3,16.0,4,0,4.0,4,2,3,0,3,0,21.0,2.0,2.0,4.0,182.14,0
9.0,1,2,15.0,1,1,4.0,4,4,3,2,3,0,18.0,1.0,2.0,5.0,168.23,0
1.0,1,3,30.0,4,0,3.0,5,0,5,0,3,0,14.0,1.0,4.0,11.0,198.36,1
14.0,0,1,16.0,3,0,3.0,4,0,3,2,10,0,18.0,1.0,2.0,11.0,259.99,0
6.0,0,3,19.0,4,1,3.0,4,1,5,2,2,1,13.0,1.0,9.0,11.0,262.58,1
16.0,1,3,11.0,5,1,3.0,4,2,5,2,9,0,14.0,2.0,2.0,6.0,176.55,0
9.0,2,1,7.0,3,1,3.0,5,4,3,0,8,0,13.0,2.0,2.0,8.0,147.58,0
1.0,1,1,31.0,3,1,3.0,4,4,4,2,10,0,23.0,2.0,2.0,3.0,160.97,0
1.0,1,1,19.0,4,0,4.0,4,4,2,0,3,1,12.0,2.0,2.0,1.0,150.15,1
1.0,1,1,10.0,3,1,3.0,2,4,2,0,3,0,23.0,2.0,2.0,8.0,169.2,0
4.0,1,3,17.0,5,1,4.0,5,2,3,0,3,0,19.0,2.0,2.0,5.0,190.78,0
14.0,0,1,32.0,3,0,4.0,5,2,2,0,5,1,14.0,2.0,2.0,1.0,169.22,0
9.0,1,1,9.0,4,1,3.0,5,0,4,1,4,0,19.0,6.0,7.0,3.0,227.74,0
8.0,0,1,7.0,3,1,4.0,5,2,5,2,2,0,21.0,2.0,5.0,10.0,178.43,0
9.0,0,1,11.0,6,1,3.0,5,4,2,0,3,0,14.0,3.0,3.0,3.0,148.76,0
7.0,1,3,16.0,5,0,3.0,5,2,3,2,10,0,14.0,2.0,2.0,4.0,178.46,1
6.0,0,3,9.0,4,0,4.0,4,4,5,1,3,0,13.0,1.0,2.0,1.0,153.27,0
27.0,1,1,11.0,2,0,4.0,4,5,5,1,6,0,14.0,1.0,5.0,3.0,291.97,0
3.0,1,1,13.0,3,0,3.0,4,4,2,0,3,0,14.0,1.0,2.0,9.0,156.31,0
1.0,1,1,16.0,4,1,3.0,4,4,5,2,3,0,23.0,1.0,2.0,1.0,150.52,0
19.0,1,1,14.0,3,0,3.0,4,4,3,0,6,1,20.0,2.0,2.0,3.0,169.77,0
11.0,1,1,7.0,4,0,3.0,5,2,2,0,3,0,14.0,4.0,4.0,11.0,189.74,0
1.0,1,1,10.0,4,1,3.0,5,4,3,2,3,0,13.0,1.0,2.0,3.0,155.33,0
8.0,1,1,17.0,4,1,4.0,4,4,3,2,3,1,12.0,2.0,2.0,3.0,154.36,1
27.0,1,1,14.0,3,0,3.0,4,5,3,1,5,0,15.0,5.0,5.0,8.0,291.97,0
3.0,2,1,22.0,4,0,4.0,5,4,2,0,2,1,19.0,2.0,2.0,4.0,146.68,0
1.0,0,1,10.0,4,1,3.0,5,4,2,0,2,1,12.0,1.0,2.0,1.0,153.53,1
20.0,1,3,9.0,5,0,4.0,4,1,5,0,10,0,15.0,6.0,9.0,10.0,291.97,0
18.0,0,1,24.0,4,1,4.0,5,4,3,2,4,0,14.0,2.0,2.0,1.0,147.9,0
7.0,1,2,9.0,6,1,3.0,4,4,3,0,3,0,14.0,1.0,2.0,5.0,161.0,0
5.0,0,1,12.0,4,1,4.0,5,4,5,1,8,0,18.0,2.0,2.0,1.0,146.07,1
4.0,1,3,32.0,4,1,4.0,4,2,5,1,10,0,20.0,2.0,2.0,4.0,166.15,0
14.0,0,3,9.0,3,1,4.0,4,2,4,0,7,0,13.0,2.0,2.0,1.0,168.27,0
24.0,0,1,9.0,3,0,2.0,4,1,5,0,4,0,15.0,3.0,3.0,3.0,291.97,0
2.0,1,1,26.0,3,1,4.0,5,4,5,0,3,0,13.0,2.0,4.0,4.0,156.96,0
20.0,1,1,22.0,4,1,3.0,4,5,4,0,7,0,15.0,2.0,2.0,4.0,291.97,0
9.0,1,3,24.0,4,1,4.0,4,2,5,0,5,1,16.0,2.0,2.0,3.0,214.66,0
1.0,2,1,24.0,4,0,4.0,4,4,4,0,3,0,14.0,1.0,2.0,1.0,147.1,1
7.0,0,3,32.0,3,0,3.0,4,2,3,0,3,0,13.0,1.0,2.0,2.0,170.39,0
10.0,1,1,13.0,4,1,3.0,5,4,3,1,3,0,15.0,1.0,2.0,8.0,152.41,0
4.0,1,1,14.0,4,1,3.0,4,2,3,1,3,0,14.0,6.0,9.0,10.0,159.91,0
18.0,1,1,32.0,6,1,3.0,4,2,2,2,3,0,23.0,2.0,2.0,11.0,170.41,0
1.0,1,3,28.0,5,1,3.0,2,4,2,2,3,0,18.0,1.0,3.0,3.0,151.78,0
20.0,1,1,9.0,2,1,3.0,4,2,2,1,4,0,12.0,2.0,2.0,5.0,198.79,0
16.0,0,2,9.0,3,1,4.0,2,2,5,0,9,0,17.0,1.0,2.0,4.0,187.72,0
27.0,1,3,14.0,5,1,3.0,2,2,2,1,2,1,19.0,1.0,2.0,10.0,177.2,0
6.0,0,1,20.0,6,0,4.0,5,4,4,0,3,0,21.0,1.0,3.0,3.0,152.43,0
6.0,0,1,9.0,4,0,3.0,4,2,3,2,6,1,15.0,2.0,2.0,8.0,174.98,0
10.0,1,1,7.0,2,0,4.0,5,0,5,1,4,1,22.0,6.0,8.0,3.0,227.52,0
7.0,1,1,16.0,3,1,3.0,4,4,2,0,2,0,14.0,2.0,5.0,11.0,152.81,0
14.0,1,3,17.0,2,0,3.0,5,2,4,1,9,0,13.0,2.0,2.0,4.0,193.52,0
1.0,1,3,17.0,4,1,3.0,4,2,2,2,2,0,15.0,1.0,2.0,2.0,174.5,0
4.0,1,1,7.0,3,1,4.0,4,4,4,0,2,1,22.0,2.0,6.0,8.0,160.79,0
16.0,0,1,32.0,3,0,3.0,4,0,5,0,5,1,18.0,1.0,2.0,1.0,256.91,0
9.0,0,3,15.0,5,0,4.0,5,0,2,0,6,1,12.0,3.0,5.0,3.0,228.77,0
1.0,2,1,21.0,4,1,3.0,4,4,5,0,3,1,15.0,3.0,7.0,9.0,147.35,0
27.0,0,1,7.0,4,0,3.0,4,0,3,1,9,0,18.0,2.0,2.0,3.0,230.02,0
18.0,2,1,9.0,4,0,4.0,2,4,2,0,3,0,14.0,6.0,8.0,8.0,145.11,0
1.0,0,1,17.0,3,0,4.0,5,4,4,2,3,1,23.0,2.0,2.0,1.0,143.59,1
3.0,1,1,7.0,4,0,4.0,4,4,2,1,3,0,16.0,1.0,2.0,3.0,162.6,0
27.0,1,1,10.0,4,1,3.0,4,1,2,0,5,0,15.0,2.0,2.0,10.0,291.97,0
5.0,1,1,18.0,3,1,4.0,4,2,5,0,3,1,13.0,1.0,2.0,2.0,193.33,0
5.0,1,1,31.0,3,0,4.0,5,2,5,2,3,0,20.0,1.0,2.0,9.0,193.12,0
27.0,1,3,10.0,4,0,3.0,5,2,2,2,7,0,18.0,1.0,2.0,6.0,176.71,0
17.0,1,1,10.0,4,1,4.0,5,5,2,0,5,0,15.0,2.0,2.0,8.0,291.97,0
23.0,1,1,11.0,3,1,3.0,5,5,3,0,4,0,15.0,1.0,2.0,1.0,291.97,0
10.0,0,1,10.0,1,1,3.0,4,4,4,0,3,0,13.0,2.0,2.0,8.0,161.92,0
22.0,1,1,9.0,1,1,4.0,2,4,4,2,7,0,12.0,1.0,2.0,1.0,150.59,0
1.0,1,1,11.0,4,1,4.0,4,4,3,1,3,0,12.0,2.0,2.0,4.0,150.17,0
3.0,1,1,14.0,4,1,3.0,4,2,2,1,3,1,12.0,1.0,2.0,1.0,191.23,0
22.0,1,1,7.0,4,1,4.0,5,5,2,2,8,0,15.0,2.0,2.0,1.0,291.97,0
3.0,1,1,7.0,4,0,3.0,5,1,2,1,5,0,15.0,1.0,2.0,8.0,286.24,0
8.0,1,1,27.0,1,0,3.0,2,4,3,0,2,0,18.0,2.0,2.0,1.0,150.85,0
18.0,1,3,12.0,5,1,3.0,4,5,4,0,9,0,15.0,2.0,4.0,11.0,291.97,0
7.0,1,3,17.0,5,1,3.0,2,0,3,1,2,1,15.0,2.0,2.0,9.0,208.8,0
1.0,1,1,32.0,4,0,3.0,2,4,2,2,3,1,13.0,2.0,2.0,2.0,154.94,0
1.0,2,1,7.0,4,1,3.0,4,4,3,0,3,0,23.0,1.0,2.0,2.0,137.23,0
1.0,0,3,31.0,4,1,4.0,5,4,2,2,3,1,15.0,2.0,2.0,1.0,136.18,1
1.0,1,1,11.0,4,1,3.0,4,4,2,2,3,1,21.0,1.0,3.0,3.0,153.75,0
9.0,1,3,9.0,5,0,4.0,5,5,4,2,4,1,15.0,1.0,2.0,11.0,291.97,1
27.0,0,1,15.0,3,1,3.0,5,1,4,1,3,1,16.0,4.0,9.0,1.0,260.77,0
1.0,0,1,17.0,4,0,3.0,5,4,3,2,3,0,21.0,3.0,3.0,3.0,151.25,1
20.0,1,3,11.0,5,0,3.0,5,5,4,0,4,0,15.0,2.0,2.0,9.0,291.97,0
8.0,1,3,9.0,5,0,3.0,4,2,5,2,2,1,13.0,2.0,2.0,3.0,170.38,0
25.0,0,3,16.0,4,1,3.0,4,5,4,1,6,1,23.0,3.0,9.0,11.0,291.97,0
27.0,1,1,25.0,3,1,4.0,4,0,2,2,8,0,13.0,2.0,6.0,3.0,230.12,0
8.0,0,1,26.0,3,0,3.0,4,2,4,1,6,0,14.0,4.0,6.0,11.0,169.44,0
2.0,0,1,7.0,3,1,3.0,4,4,3,2,2,1,12.0,1.0,2.0,3.0,146.54,0
18.0,1,1,11.0,4,1,4.0,2,5,5,1,3,0,15.0,2.0,9.0,11.0,291.97,0
8.0,0,2,18.0,4,1,3.0,5,2,4,0,6,0,12.0,1.0,2.0,9.0,169.9,0
9.0,1,1,13.0,4,1,4.0,4,4,3,0,2,1,15.0,2.0,3.0,3.0,160.06,0
16.0,2,1,14.0,3,0,4.0,2,2,4,0,8,1,17.0,1.0,2.0,1.0,148.72,0
17.0,1,3,11.0,5,0,3.0,5,0,2,2,5,0,15.0,6.0,9.0,3.0,227.31,0
10.0,1,1,9.0,4,0,3.0,4,2,4,2,10,1,12.0,5.0,6.0,11.0,179.1,0
8.0,1,1,22.0,3,0,4.0,4,0,2,0,3,0,12.0,1.0,2.0,6.0,204.78,1
2.0,0,1,9.0,4,1,3.0,5,4,2,0,3,1,13.0,3.0,3.0,3.0,163.67,0
25.0,0,1,13.0,3,0,3.0,5,4,3,2,2,0,15.0,6.0,8.0,8.0,153.38,0
4.0,0,1,16.0,3,0,4.0,4,2,3,2,9,1,19.0,2.0,2.0,8.0,171.95,0
1.0,1,1,14.0,1,0,3.0,4,4,3,1,5,1,14.0,2.0,8.0,8.0,158.39,1
2.0,2,1,7.0,1,1,3.0,4,4,5,2,4,0,12.0,1.0,2.0,3.0,145.8,0
1.0,2,1,7.0,3,0,3.0,4,4,4,2,3,0,19.0,2.0,3.0,2.0,145.96,0
6.0,1,3,15.0,3,1,3.0,2,2,2,0,3,0,16.0,1.0,2.0,9.0,187.09,0
19.0,0,1,32.0,3,0,3.0,4,5,4,2,5,0,15.0,2.0,2.0,1.0,291.97,0
13.0,1,1,20.0,3,0,4.0,5,1,4,1,8,1,15.0,6.0,9.0,3.0,291.97,0
27.0,2,1,30.0,4,1,3.0,4,4,3,1,3,0,13.0,3.0,3.0,3.0,148.72,0
1.0,1,1,14.0,4,1,4.0,4,2,3,0,3,0,19.0,2.0,2.0,2.0,173.83,1
3.0,1,1,30.0,3,1,4.0,4,4,5,2,2,0,14.0,1.0,2.0,4.0,164.04,1
4.0,1,1,13.0,1,0,3.0,5,2,2,0,2,0,13.0,6.0,7.0,8.0,171.27,0
10.0,1,1,17.0,2,0,4.0,4,0,3,0,5,0,13.0,1.0,2.0,8.0,195.94,0
20.0,1,2,7.0,4,0,3.0,4,4,5,2,8,0,13.0,4.0,6.0,8.0,159.23,0
2.0,0,1,7.0,4,0,3.0,5,2,2,0,2,0,12.0,6.0,8.0,6.0,191.74,0
24.0,1,1,32.0,4,0,3.0,4,1,5,0,6,1,15.0,1.0,2.0,3.0,291.97,0
4.0,1,3,32.0,5,1,3.0,5,0,4,2,4,1,13.0,1.0,2.0,3.0,215.94,1
16.0,1,3,12.0,4,1,4.0,4,0,4,2,10,1,20.0,6.0,8.0,3.0,209.46,1
4.0,1,1,24.0,3,0,4.0,4,0,5,0,3,1,23.0,1.0,2.0,9.0,244.16000000000003,0
13.0,1,1,25.0,4,1,3.0,4,2,3,2,2,0,12.0,1.0,2.0,8.0,170.34,0
5.0,0,3,9.0,4,0,3.0,4,0,3,1,3,1,20.0,4.0,9.0,3.0,223.52,0
15.0,0,3,17.0,3,1,3.0,5,2,4,2,3,0,14.0,4.0,9.0,10.0,186.51,0
1.0,0,3,7.0,4,0,3.0,4,4,4,2,3,1,12.0,2.0,3.0,3.0,148.02,1
8.0,2,1,10.0,4,1,3.0,4,4,5,0,6,0,13.0,2.0,2.0,3.0,148.62,1
16.0,0,1,9.0,4,1,3.0,4,1,3,0,2,1,15.0,1.0,3.0,11.0,291.97,0
27.0,1,1,9.0,3,0,3.0,5,5,3,0,6,0,15.0,6.0,9.0,11.0,291.97,0
27.0,1,2,15.0,4,1,3.0,4,5,4,2,8,0,15.0,2.0,8.0,8.0,291.97,0
14.0,0,1,23.0,4,1,4.0,4,4,3,1,10,0,17.0,2.0,2.0,1.0,160.44,0
8.0,1,1,16.0,4,1,3.0,4,0,2,1,2,0,12.0,2.0,2.0,3.0,210.0,0
14.0,1,1,9.0,4,1,4.0,4,2,2,2,3,0,14.0,4.0,9.0,9.0,171.61,0
15.0,0,3,7.0,5,0,4.0,4,2,5,1,2,0,18.0,1.0,2.0,8.0,166.03,0
9.0,0,1,11.0,4,1,3.0,4,2,3,2,3,1,12.0,2.0,2.0,2.0,167.49,0
25.0,1,2,12.0,4,1,3.0,4,1,4,1,3,1,12.0,1.0,2.0,11.0,265.26,0
12.0,1,3,9.0,4,0,3.0,4,2,5,1,5,0,16.0,1.0,2.0,8.0,193.93,0
8.0,1,3,22.0,3,0,4.0,4,2,5,2,3,0,13.0,2.0,9.0,7.0,186.25,0
1.0,1,1,26.0,3,1,4.0,4,4,2,0,5,0,12.0,2.0,2.0,3.0,161.69,0
21.0,1,1,14.0,3,0,3.0,5,0,5,0,9,1,15.0,5.0,6.0,3.0,225.08,1
14.0,2,1,7.0,4,1,3.0,4,4,4,0,5,0,23.0,2.0,2.0,4.0,148.87,0
10.0,0,3,14.0,5,0,3.0,2,2,5,0,4,0,17.0,6.0,7.0,11.0,171.39,0
22.0,1,1,11.0,4,1,3.0,4,0,2,2,3,0,12.0,2.0,2.0,9.0,203.98,0
1.0,1,3,18.0,3,0,4.0,2,4,2,0,10,0,15.0,2.0,2.0,1.0,150.34,0
25.0,1,1,18.0,2,0,3.0,5,1,4,2,5,0,17.0,1.0,2.0,4.0,256.42,0
1.0,0,1,7.0,4,0,4.0,4,4,2,2,3,0,16.0,2.0,2.0,1.0,141.11,0
9.0,1,1,7.0,3,0,3.0,5,2,2,0,2,0,13.0,2.0,2.0,1.0,178.63,0
1.0,0,3,9.0,4,1,3.0,5,2,2,2,5,0,21.0,2.0,2.0,1.0,175.71,0
19.0,1,3,20.0,5,1,3.0,2,1,3,2,8,1,18.0,1.0,4.0,9.0,261.95,1
27.0,1,1,30.0,4,1,4.0,4,1,4,0,6,1,13.0,6.0,2.0,10.0,259.02,0
8.0,0,1,32.0,1,0,4.0,5,4,3,1,3,0,21.0,2.0,2.0,1.0,145.29,0
14.0,1,1,9.0,3,0,3.0,2,2,3,1,7,0,21.0,6.0,9.0,9.0,188.77,0
8.0,1,1,32.0,3,1,3.0,4,2,3,0,6,0,14.0,1.0,8.0,8.0,179.29,0
1.0,0,3,9.0,4,0,3.0,5,4,2,2,9,0,15.0,1.0,2.0,1.0,152.85,1
1.0,0,3,25.0,5,0,4.0,4,2,3,0,2,1,19.0,4.0,4.0,3.0,171.14,1
12.0,0,1,14.0,4,1,3.0,2,4,3,1,3,0,12.0,1.0,2.0,4.0,151.1,0
8.0,1,1,9.0,1,0,4.0,4,2,2,2,3,0,12.0,2.0,5.0,11.0,191.87,0
2.0,1,3,32.0,4,1,3.0,5,2,5,0,3,0,12.0,2.0,2.0,5.0,172.24,0
1.0,1,1,29.0,3,1,4.0,4,2,3,0,3,1,16.0,4.0,7.0,8.0,186.79,1
13.0,1,3,28.0,4,1,3.0,5,2,2,0,5,1,13.0,1.0,2.0,5.0,186.2,0
25.0,0,3,9.0,5,1,3.0,4,0,4,0,4,0,12.0,1.0,4.0,3.0,230.96,0
15.0,0,1,29.0,4,0,4.0,4,2,2,1,5,1,15.0,1.0,4.0,4.0,179.67,0
11.0,1,1,11.0,4,1,3.0,4,4,3,0,9,1,16.0,2.0,2.0,4.0,154.96,0
7.0,0,3,12.0,4,1,4.0,4,2,2,0,8,0,14.0,2.0,2.0,3.0,224.98,0
6.0,1,3,9.0,5,1,3.0,4,2,4,0,2,1,14.0,1.0,2.0,3.0,165.78,0
13.0,0,1,32.0,4,1,4.0,4,0,3,0,5,0,22.0,1.0,2.0,6.0,234.2,0
1.0,1,3,25.0,4,1,4.0,2,2,3,0,4,0,12.0,1.0,2.0,3.0,187.32,0
26.0,0,1,32.0,3,0,3.0,2,1,3,0,4,1,12.0,1.0,2.0,3.0,257.47,0
17.0,1,1,13.0,3,0,4.0,5,2,3,2,3,1,15.0,2.0,2.0,9.0,165.81,0
1.0,1,3,17.0,5,0,4.0,5,2,2,0,3,1,12.0,3.0,5.0,5.0,182.69,0
1.0,2,1,24.0,4,0,3.0,4,4,3,2,3,1,14.0,4.0,8.0,8.0,148.94,1
1.0,1,1,9.0,3,1,3.0,5,4,2,2,2,0,13.0,1.0,2.0,2.0,164.04,0
16.0,1,2,17.0,6,0,3.0,4,1,5,0,2,0,15.0,1.0,2.0,10.0,291.97,0
26.0,1,1,15.0,6,0,3.0,4,4,5,0,10,0,14.0,2.0,2.0,5.0,154.5,0
11.0,1,1,18.0,3,0,4.0,4,4,3,2,6,0,19.0,1.0,2.0,3.0,161.29,0
9.0,0,1,25.0,4,1,3.0,4,0,2,2,4,0,12.0,1.0,3.0,3.0,218.62,0
1.0,1,1,7.0,1,1,3.0,4,4,2,0,6,0,12.0,2.0,2.0,3.0,157.29,0
1.0,1,1,14.0,6,1,4.0,2,4,5,2,2,0,13.0,2.0,2.0,8.0,160.78,0
3.0,1,2,24.0,6,1,3.0,5,0,5,2,3,0,14.0,1.0,2.0,10.0,204.88,0
1.0,0,1,32.0,4,1,4.0,5,2,5,2,5,0,21.0,1.0,2.0,4.0,167.84,1
1.0,0,1,21.0,6,0,3.0,4,0,2,2,2,1,13.0,3.0,8.0,8.0,200.53,1
27.0,1,1,7.0,3,0,3.0,4,1,2,2,8,0,15.0,6.0,9.0,8.0,291.97,0
27.0,1,1,7.0,3,0,4.0,4,5,5,0,5,1,15.0,2.0,2.0,6.0,291.97,0
27.0,1,1,7.0,3,1,3.0,2,1,2,1,4,0,14.0,1.0,2.0,1.0,272.32,0
10.0,1,3,10.0,5,0,3.0,4,2,4,2,5,1,17.0,1.0,2.0,3.0,217.78,0
1.0,0,3,7.0,4,0,3.0,5,4,3,2,3,0,13.0,2.0,2.0,1.0,138.59,1
4.0,1,3,14.0,5,0,4.0,4,2,5,1,9,0,15.0,2.0,2.0,3.0,172.79,0
5.0,1,1,15.0,4,0,4.0,4,1,4,2,5,0,12.0,1.0,2.0,1.0,289.22,0
8.0,0,1,7.0,6,1,4.0,4,4,5,1,7,0,15.0,2.0,2.0,4.0,154.96,0
1.0,2,1,15.0,4,0,3.0,5,4,4,2,3,0,13.0,1.0,2.0,1.0,137.61,1
1.0,2,1,18.0,4,1,4.0,4,4,5,0,2,0,15.0,2.0,2.0,5.0,145.99,0
10.0,1,1,11.0,4,1,3.0,5,2,2,2,3,0,17.0,2.0,2.0,9.0,183.1,0
10.0,1,3,23.0,5,0,4.0,5,2,5,0,6,0,14.0,2.0,2.0,3.0,181.47,0
21.0,1,1,7.0,1,1,4.0,4,4,2,0,9,0,13.0,2.0,2.0,3.0,159.2,0
1.0,1,3,16.0,4,1,4.0,5,4,5,0,5,0,13.0,2.0,3.0,3.0,169.0,1
11.0,0,1,12.0,1,1,3.0,2,4,3,2,2,0,15.0,2.0,2.0,4.0,160.0,0
27.0,2,1,7.0,4,0,3.0,4,4,5,0,4,0,23.0,2.0,2.0,1.0,145.66,0
21.0,1,1,9.0,3,0,3.0,4,1,3,0,5,0,15.0,4.0,6.0,7.0,291.97,0
1.0,1,3,11.0,3,0,3.0,4,2,3,0,3,1,13.0,2.0,2.0,4.0,166.62,0
6.0,1,3,14.0,5,1,4.0,4,2,2,0,6,0,13.0,2.0,2.0,3.0,217.04,0
8.0,1,1,7.0,4,0,3.0,5,4,4,0,7,0,18.0,2.0,2.0,3.0,157.94,0
15.0,2,1,12.0,3,1,3.0,2,4,3,0,4,1,13.0,2.0,2.0,4.0,146.27,0
14.0,0,1,16.0,6,1,3.0,4,2,3,1,5,0,12.0,2.0,2.0,8.0,164.75,0
5.0,1,3,15.0,4,1,3.0,4,0,2,1,3,0,19.0,3.0,2.0,10.0,232.93,0
10.0,1,3,16.0,5,1,3.0,4,0,1,1,6,0,12.0,1.0,5.0,3.0,225.96,1
3.0,0,1,9.0,4,0,3.0,5,4,5,2,4,1,23.0,1.0,2.0,1.0,161.46,1
1.0,0,1,7.0,4,0,4.0,2,0,4,2,3,0,12.0,4.0,5.0,8.0,199.46,1
19.0,1,1,27.0,3,1,4.0,5,0,5,1,4,1,19.0,1.0,2.0,8.0,233.51,0
5.0,2,2,15.0,3,0,4.0,2,4,4,2,10,0,19.0,1.0,2.0,3.0,146.09,0
1.0,0,1,9.0,4,1,4.0,4,4,1,0,8,1,14.0,3.0,3.0,3.0,162.22,1
19.0,1,1,32.0,2,1,3.0,4,0,1,0,6,1,19.0,2.0,2.0,3.0,218.8,0
22.0,1,3,14.0,5,1,4.0,4,2,5,1,6,0,12.0,2.0,3.0,3.0,179.86,0
1.0,1,2,16.0,1,0,3.0,4,4,3,0,3,0,16.0,2.0,3.0,3.0,152.42,1
14.0,0,1,15.0,3,1,3.0,5,0,4,1,4,0,12.0,1.0,5.0,9.0,262.57,0
2.0,1,3,12.0,3,1,3.0,4,2,5,2,2,0,19.0,2.0,2.0,3.0,209.63,0
18.0,0,1,12.0,4,1,3.0,5,4,3,2,5,0,15.0,1.0,2.0,4.0,156.62,0
27.0,1,1,9.0,3,1,3.0,2,1,4,2,6,0,13.0,1.0,9.0,9.0,290.98,0
23.0,1,1,12.0,1,1,4.0,4,2,3,0,4,0,15.0,1.0,2.0,3.0,191.51,0
14.0,2,1,9.0,3,1,4.0,4,4,3,1,4,0,15.0,1.0,2.0,3.0,148.45,0
18.0,1,1,27.0,4,1,3.0,4,4,4,2,3,0,14.0,2.0,2.0,4.0,159.2,0
7.0,0,3,14.0,3,1,3.0,4,2,5,0,2,0,15.0,1.0,2.0,4.0,168.73,0
8.0,1,3,10.0,6,1,3.0,5,2,5,2,5,0,19.0,3.0,4.0,11.0,172.59,0
4.0,1,3,23.0,4,1,4.0,4,2,3,0,10,0,16.0,1.0,3.0,3.0,178.01,0
16.0,0,1,16.0,3,0,4.0,4,4,1,2,3,0,14.0,5.0,6.0,9.0,161.73,0
18.0,0,3,7.0,5,0,4.0,4,2,3,0,9,0,13.0,2.0,2.0,1.0,172.68,0
4.0,0,1,14.0,1,1,4.0,4,4,3,1,3,0,14.0,1.0,2.0,1.0,137.74,0
27.0,1,1,7.0,4,1,4.0,2,2,3,0,2,0,23.0,2.0,3.0,9.0,174.0,0
23.0,1,1,14.0,4,1,3.0,4,0,4,1,5,0,15.0,1.0,2.0,3.0,229.66,0
8.0,0,1,22.0,3,1,4.0,4,1,5,1,9,0,15.0,3.0,7.0,10.0,291.97,0
1.0,0,3,7.0,1,1,4.0,4,4,3,0,5,0,16.0,2.0,2.0,3.0,154.09,1
1.0,0,3,20.0,1,0,3.0,4,2,4,2,7,0,12.0,1.0,2.0,1.0,182.65,1
1.0,1,3,31.0,3,0,3.0,5,2,4,2,2,1,23.0,3.0,9.0,11.0,170.99,1
9.0,2,3,14.0,4,1,4.0,4,4,3,0,3,0,14.0,2.0,2.0,1.0,149.04,0
1.0,0,1,16.0,3,1,3.0,4,4,5,2,4,1,12.0,1.0,2.0,1.0,156.72,1
1.0,0,3,20.0,4,0,4.0,4,4,4,0,3,0,14.0,1.0,2.0,1.0,145.33,0
18.0,0,1,9.0,3,1,3.0,4,0,3,2,7,1,19.0,1.0,3.0,3.0,227.09,0
3.0,1,3,26.0,4,1,4.0,5,2,3,1,3,0,15.0,2.0,2.0,3.0,211.2,0
4.0,2,2,7.0,4,1,3.0,4,4,3,1,2,0,22.0,1.0,2.0,4.0,145.64,0
27.0,1,1,11.0,4,1,2.0,4,2,3,0,2,1,17.0,1.0,2.0,3.0,165.35,0
7.0,1,1,11.0,3,0,3.0,5,4,4,0,10,0,12.0,1.0,2.0,3.0,163.38,0
21.0,1,3,21.0,3,0,4.0,4,2,3,0,5,1,18.0,2.0,2.0,3.0,170.91,0
1.0,0,1,9.0,3,1,3.0,5,4,5,2,9,0,12.0,1.0,2.0,1.0,150.61,1
2.0,2,1,7.0,4,1,4.0,5,4,3,1,3,0,15.0,1.0,2.0,1.0,140.63,0
2.0,0,3,14.0,4,1,3.0,4,2,5,2,2,0,15.0,2.0,2.0,4.0,173.98,0
23.0,1,1,10.0,3,0,3.0,5,2,5,0,6,0,23.0,2.0,2.0,3.0,172.89,0
3.0,0,1,9.0,4,0,4.0,4,4,4,0,2,0,14.0,1.0,2.0,3.0,156.8,0
2.0,1,1,32.0,4,1,4.0,5,2,4,0,3,0,15.0,2.0,2.0,8.0,190.49,0
7.0,1,1,15.0,4,1,4.0,4,2,3,2,4,1,18.0,1.0,2.0,1.0,188.88,0
6.0,1,1,17.0,3,1,2.0,4,0,1,2,4,0,23.0,1.0,2.0,1.0,237.44,0
27.0,0,1,18.0,3,0,3.0,4,1,1,1,5,0,21.0,1.0,2.0,11.0,285.32,0
1.0,2,1,7.0,1,1,4.0,5,4,5,2,8,0,14.0,1.0,2.0,8.0,148.62,1
18.0,1,1,32.0,4,1,3.0,4,1,5,0,5,0,14.0,1.0,9.0,11.0,288.28,0
13.0,1,1,13.0,4,0,3.0,4,0,4,2,6,0,19.0,1.0,3.0,3.0,208.76,0
20.0,1,3,10.0,4,0,3.0,4,1,4,0,10,0,13.0,1.0,6.0,2.0,291.06,0
9.0,1,1,23.0,4,0,4.0,5,0,4,2,3,0,20.0,2.0,4.0,3.0,211.06,0
1.0,2,1,27.0,4,1,4.0,4,2,3,2,2,0,15.0,2.0,2.0,3.0,147.72,0
4.0,2,1,16.0,4,1,3.0,4,4,5,2,5,0,15.0,2.0,2.0,1.0,145.18,1
8.0,1,3,7.0,2,1,4.0,5,0,3,0,3,1,15.0,6.0,9.0,7.0,195.83,0
1.0,0,1,10.0,4,0,3.0,4,4,3,2,3,0,13.0,6.0,8.0,8.0,165.84,1
24.0,0,1,29.0,3,1,3.0,5,1,1,2,3,1,14.0,1.0,9.0,10.0,269.11,0
8.0,2,3,14.0,1,1,3.0,4,4,3,1,2,1,23.0,1.0,6.0,8.0,148.08,0
16.0,1,1,9.0,3,1,4.0,5,4,4,1,6,0,15.0,2.0,2.0,1.0,173.41,0
11.0,1,1,20.0,3,1,3.0,4,2,1,1,3,0,18.0,1.0,4.0,8.0,167.85,0
3.0,1,1,15.0,6,0,3.0,5,2,5,1,5,0,14.0,1.0,2.0,3.0,222.15,0
7.0,1,1,32.0,4,1,3.0,5,2,4,2,3,0,14.0,1.0,2.0,3.0,168.2,0
19.0,2,1,32.0,1,1,4.0,4,4,1,1,6,0,21.0,2.0,2.0,4.0,146.32,0
16.0,0,1,9.0,4,1,3.0,4,0,1,1,4,1,15.0,6.0,9.0,3.0,226.24,0
14.0,1,3,16.0,3,1,3.0,4,2,5,1,2,0,13.0,3.0,8.0,2.0,179.73,0
7.0,1,1,32.0,4,1,4.0,4,2,3,1,3,1,13.0,2.0,6.0,8.0,177.07,0
14.0,1,2,13.0,3,1,3.0,4,1,1,2,3,1,22.0,1.0,8.0,8.0,289.37,0
1.0,2,1,28.0,1,1,3.0,5,4,5,1,2,0,15.0,1.0,2.0,1.0,147.96,0
14.0,0,1,15.0,4,1,4.0,4,2,1,1,5,1,19.0,3.0,3.0,3.0,165.69,0
19.0,1,1,7.0,2,1,4.0,4,0,4,1,3,0,13.0,6.0,8.0,8.0,199.41,0
9.0,2,3,7.0,4,0,4.0,5,4,3,1,2,0,23.0,3.0,5.0,3.0,149.3,0
6.0,1,1,12.0,4,0,4.0,5,2,4,1,5,0,13.0,2.0,3.0,6.0,183.78,0
10.0,1,3,9.0,4,1,4.0,4,4,1,2,5,1,22.0,1.0,2.0,3.0,151.44,0
22.0,1,3,23.0,4,0,4.0,4,2,3,1,10,0,15.0,2.0,8.0,8.0,189.39,0
3.0,1,1,16.0,4,1,4.0,2,4,3,1,8,0,19.0,2.0,2.0,1.0,149.51,0
7.0,1,3,15.0,4,1,3.0,4,2,5,1,4,0,14.0,3.0,3.0,3.0,188.92,0
1.0,1,3,7.0,4,1,4.0,5,2,5,1,3,0,12.0,4.0,7.0,3.0,222.14,1
12.0,0,2,17.0,6,1,4.0,4,2,3,1,5,0,12.0,1.0,2.0,3.0,185.77,0
9.0,2,1,7.0,3,1,4.0,5,4,5,2,3,0,20.0,1.0,2.0,3.0,149.5,0
4.0,1,3,32.0,2,1,3.0,4,0,4,1,5,0,13.0,1.0,2.0,3.0,217.5,0
1.0,2,1,9.0,4,0,4.0,4,4,5,1,3,1,13.0,2.0,2.0,1.0,145.74,1
17.0,1,1,9.0,2,0,4.0,5,0,1,1,2,0,17.0,2.0,2.0,3.0,226.69,1
2.0,1,1,9.0,3,1,3.0,4,2,4,1,6,0,12.0,1.0,2.0,5.0,173.55,1
6.0,0,1,7.0,1,1,4.0,4,2,5,1,6,0,15.0,2.0,2.0,3.0,165.87,0
22.0,2,1,22.0,6,0,4.0,4,4,5,1,10,0,13.0,6.0,8.0,7.0,148.67,0
8.0,1,1,14.0,3,1,3.0,4,4,1,2,3,0,14.0,1.0,2.0,1.0,154.72,0
27.0,1,3,32.0,5,1,3.0,5,5,1,1,3,0,15.0,3.0,3.0,11.0,291.97,0
8.0,1,1,7.0,4,1,3.0,4,2,1,1,10,0,18.0,2.0,3.0,2.0,179.84,0
1.0,2,1,10.0,4,0,3.0,4,4,1,1,3,0,22.0,2.0,2.0,1.0,145.61,0
12.0,1,3,21.0,4,1,4.0,4,2,4,1,2,0,12.0,6.0,8.0,3.0,224.24,0
12.0,1,3,23.0,4,0,3.0,4,2,4,2,4,0,13.0,1.0,2.0,3.0,166.98,0
10.0,1,3,7.0,4,0,4.0,4,2,3,2,8,0,14.0,2.0,2.0,1.0,193.15,0
3.0,1,1,10.0,3,1,3.0,4,4,5,2,3,1,19.0,1.0,2.0,6.0,172.23,0
9.0,1,1,17.0,3,0,3.0,4,2,3,2,5,1,17.0,2.0,2.0,5.0,186.42,0
13.0,1,3,13.0,3,1,3.0,2,0,3,1,4,0,12.0,5.0,8.0,7.0,207.37,0
3.0,0,1,9.0,4,1,3.0,4,2,1,1,3,0,20.0,1.0,2.0,3.0,213.53,0
24.0,1,3,6.0,5,1,3.0,4,5,3,1,6,1,15.0,1.0,2.0,1.0,291.97,0
1.0,2,1,17.0,1,1,3.0,2,4,3,1,4,0,17.0,3.0,3.0,3.0,145.73,0
10.0,0,1,13.0,4,1,4.0,2,2,5,1,5,1,14.0,2.0,2.0,3.0,180.62,0
16.0,1,1,16.0,6,1,4.0,5,5,1,2,10,0,15.0,2.0,2.0,2.0,291.97,0
9.0,1,1,32.0,4,1,3.0,2,2,3,1,3,0,18.0,6.0,7.0,9.0,159.07,0
8.0,0,1,17.0,1,1,4.0,5,2,3,1,3,0,15.0,3.0,8.0,8.0,175.63,0
14.0,1,3,21.0,4,0,3.0,4,2,5,1,3,0,16.0,1.0,2.0,3.0,171.39,0
17.0,1,1,32.0,1,1,3.0,2,4,4,1,7,0,13.0,2.0,2.0,3.0,173.76,0
9.0,1,1,14.0,4,1,4.0,5,4,1,1,3,0,19.0,2.0,2.0,2.0,151.9,0
20.0,1,3,7.0,4,1,3.0,2,1,5,2,3,0,15.0,2.0,2.0,11.0,291.97,0
1.0,2,1,31.0,3,1,3.0,4,4,4,1,3,1,18.0,1.0,2.0,1.0,149.08,1
1.0,0,1,32.0,6,0,3.0,5,4,3,1,3,1,15.0,1.0,2.0,4.0,153.14,0
24.0,0,1,27.0,3,1,3.0,4,1,3,1,4,1,16.0,4.0,2.0,11.0,237.45,0
6.0,1,1,12.0,6,0,3.0,2,4,1,1,5,0,18.0,2.0,2.0,3.0,158.12,0
18.0,1,1,14.0,3,0,3.0,4,5,1,1,2,1,15.0,2.0,2.0,11.0,291.97,0
4.0,2,1,14.0,3,1,3.0,5,4,4,1,3,0,13.0,1.0,2.0,2.0,146.41,0
19.0,1,1,12.0,3,0,3.0,5,2,5,2,3,1,15.0,2.0,2.0,5.0,182.69,0
19.0,0,3,32.0,5,1,3.0,5,2,5,1,3,0,16.0,1.0,5.0,6.0,168.85,0
5.0,0,3,9.0,6,1,3.0,4,2,5,2,9,0,14.0,1.0,2.0,4.0,178.32,0
10.0,1,1,19.0,4,0,4.0,4,2,3,1,10,1,13.0,1.0,2.0,2.0,171.63,0
8.0,0,1,17.0,4,1,3.0,2,2,1,1,3,0,14.0,6.0,8.0,3.0,172.24,0
23.0,1,1,32.0,4,0,3.0,4,4,5,1,3,0,15.0,1.0,2.0,5.0,157.11,0
13.0,1,1,17.0,3,1,4.0,4,2,5,1,4,0,14.0,5.0,8.0,8.0,178.77,0
1.0,1,1,26.0,6,1,4.0,5,4,5,1,3,0,12.0,1.0,2.0,8.0,165.66,0
9.0,1,1,25.0,4,1,3.0,2,2,5,1,3,0,12.0,1.0,2.0,11.0,177.08,0
2.0,1,1,32.0,3,0,3.0,5,2,5,1,2,0,22.0,2.0,2.0,1.0,123.02000000000001,0
1.0,1,1,12.0,3,1,4.0,4,4,1,2,3,0,19.0,2.0,3.0,3.0,156.17,0
1.0,0,3,10.0,3,0,4.0,4,4,1,2,3,1,13.0,1.0,2.0,1.0,140.69,1
21.0,1,2,32.0,4,0,4.0,4,5,3,1,5,0,15.0,2.0,2.0,1.0,291.97,0
13.0,1,1,10.0,3,1,4.0,5,2,3,1,2,0,16.0,1.0,2.0,8.0,155.69,0
14.0,1,1,22.0,4,0,4.0,5,0,3,1,3,0,14.0,2.0,9.0,3.0,229.35,0
9.0,0,1,15.0,4,0,3.0,4,2,3,1,3,0,13.0,3.0,3.0,10.0,166.48,0
11.0,1,1,26.0,4,1,3.0,4,2,3,1,5,0,18.0,1.0,2.0,3.0,182.68,0
13.0,0,1,11.0,3,0,3.0,4,2,3,2,2,0,14.0,4.0,4.0,9.0,175.42,0
19.0,1,1,9.0,6,0,3.0,5,2,1,1,3,0,20.0,3.0,4.0,10.0,182.7,0
12.0,1,1,9.0,3,0,3.0,5,0,3,1,5,1,20.0,2.0,2.0,3.0,202.56,0
1.0,1,3,17.0,3,1,3.0,5,0,5,1,10,0,18.0,5.0,7.0,3.0,228.06,1
11.0,1,1,17.0,3,0,4.0,4,4,4,1,3,0,12.0,2.0,8.0,8.0,164.36,0
14.0,1,1,23.0,4,0,3.0,4,0,1,2,8,1,16.0,2.0,4.0,4.0,204.45,0
18.0,0,2,7.0,6,1,3.0,4,2,1,1,6,1,12.0,2.0,2.0,3.0,182.43,0
22.0,0,1,11.0,3,1,3.0,5,1,1,1,4,0,23.0,1.0,3.0,3.0,277.02,0
1.0,1,3,22.0,3,1,3.0,5,2,1,1,8,1,15.0,2.0,3.0,3.0,179.4,1
1.0,0,1,9.0,1,0,3.0,4,4,1,2,3,1,14.0,2.0,2.0,4.0,162.6,0
1.0,1,1,15.0,3,0,3.0,2,4,3,1,9,0,18.0,1.0,2.0,3.0,160.17,0
1.0,0,1,9.0,3,1,3.0,4,4,1,2,4,0,14.0,1.0,2.0,3.0,150.8,0
4.0,2,1,14.0,4,1,4.0,4,4,5,2,5,1,15.0,1.0,2.0,4.0,146.66,1
3.0,1,3,17.0,3,1,3.0,5,2,3,2,10,0,12.0,2.0,2.0,5.0,183.69,0
10.0,1,1,12.0,4,0,3.0,4,0,5,1,6,0,13.0,2.0,2.0,3.0,205.08,0
1.0,0,1,9.0,4,1,4.0,2,2,3,1,3,0,18.0,1.0,2.0,8.0,177.06,0
13.0,1,1,19.0,3,1,4.0,4,2,4,1,6,0,22.0,2.0,2.0,1.0,177.95,0
23.0,1,1,29.0,6,0,4.0,4,1,4,1,5,0,17.0,1.0,2.0,3.0,289.13,0
24.0,1,1,24.0,4,0,3.0,5,0,5,1,7,0,16.0,2.0,2.0,11.0,257.69,0
1.0,1,3,9.0,3,0,3.0,4,4,3,2,3,0,20.0,1.0,3.0,3.0,152.83,0
8.0,1,1,10.0,4,0,4.0,4,2,4,1,3,0,13.0,6.0,8.0,10.0,179.33,0
10.0,2,1,14.0,4,1,4.0,4,4,4,2,4,0,12.0,1.0,2.0,4.0,145.13,0
23.0,1,1,13.0,4,0,3.0,5,1,3,1,4,1,20.0,1.0,3.0,11.0,264.66,0
10.0,0,1,7.0,3,0,3.0,5,2,3,1,2,0,16.0,2.0,2.0,3.0,168.74,0
10.0,1,1,10.0,4,1,4.0,2,2,5,1,8,0,21.0,2.0,2.0,5.0,193.42,0
27.0,1,1,29.0,3,0,4.0,4,1,3,1,5,0,15.0,3.0,5.0,8.0,291.97,0
17.0,1,1,22.0,4,1,4.0,5,1,3,1,3,0,15.0,5.0,7.0,11.0,291.97,0
1.0,0,3,19.0,6,1,3.0,4,2,1,2,5,1,23.0,4.0,7.0,8.0,170.81,1
12.0,0,1,7.0,4,1,3.0,4,2,1,1,9,0,16.0,3.0,3.0,10.0,172.35,0
3.0,1,3,12.0,3,1,3.0,5,2,4,1,3,1,14.0,1.0,2.0,10.0,166.87,0
7.0,1,3,9.0,3,1,4.0,4,2,1,1,3,0,15.0,2.0,2.0,5.0,180.05,0
6.0,1,1,9.0,3,1,3.0,4,2,4,1,2,0,14.0,1.0,2.0,7.0,179.7,0
5.0,1,3,12.0,4,0,4.0,4,2,1,1,3,0,12.0,1.0,2.0,3.0,179.76,0
23.0,1,1,23.0,3,0,4.0,4,4,5,1,6,1,17.0,2.0,3.0,3.0,150.87,0
12.0,0,1,9.0,3,0,3.0,5,4,4,2,3,0,23.0,2.0,4.0,4.0,149.4,0
21.0,1,3,9.0,4,0,3.0,2,1,4,1,8,0,15.0,1.0,2.0,3.0,284.72,0
23.0,1,1,7.0,4,1,3.0,4,1,3,2,6,0,15.0,1.0,2.0,1.0,278.79,0
15.0,1,3,30.0,4,1,4.0,4,0,3,2,5,1,17.0,1.0,2.0,3.0,195.82,0
1.0,1,3,16.0,4,1,3.0,4,4,5,2,3,0,12.0,1.0,2.0,3.0,152.28,0
7.0,0,3,23.0,4,0,3.0,4,2,1,1,3,1,23.0,1.0,2.0,3.0,178.68,0
10.0,1,1,32.0,4,1,4.0,4,2,3,1,8,0,15.0,2.0,2.0,3.0,178.47,0
18.0,1,2,7.0,4,0,3.0,4,4,1,1,6,1,19.0,3.0,3.0,3.0,156.95,0
1.0,1,1,15.0,3,1,4.0,5,4,3,2,3,1,12.0,2.0,2.0,3.0,164.89,1
12.0,1,1,11.0,3,0,3.0,4,4,3,1,9,0,20.0,1.0,2.0,1.0,158.06,0
27.0,1,1,31.0,3,1,3.0,2,0,1,1,5,0,16.0,1.0,2.0,3.0,195.05,0
12.0,0,3,14.0,3,0,4.0,4,4,3,1,4,1,12.0,5.0,8.0,8.0,151.55,1
1.0,2,1,9.0,4,1,4.0,4,4,4,2,3,0,13.0,2.0,2.0,1.0,138.93,1
1.0,0,1,14.0,3,1,4.0,4,4,1,2,3,0,21.0,6.0,6.0,8.0,150.7,0
27.0,1,1,29.0,1,1,4.0,5,4,4,1,7,0,13.0,2.0,2.0,3.0,160.37,0
8.0,1,1,12.0,3,1,3.0,5,2,1,1,3,0,15.0,5.0,5.0,11.0,164.86,0
27.0,1,1,7.0,3,1,4.0,5,0,1,1,5,0,21.0,1.0,2.0,1.0,233.82999999999998,0
7.0,2,1,28.0,3,1,4.0,2,4,4,1,3,0,19.0,3.0,3.0,11.0,145.28,0
11.0,0,3,7.0,3,1,3.0,5,2,1,1,3,0,15.0,1.0,2.0,3.0,220.25,0
8.0,1,1,26.0,4,0,3.0,5,4,1,1,3,0,13.0,4.0,9.0,8.0,154.29,0
1.0,2,3,14.0,4,1,3.0,4,4,1,1,3,1,22.0,2.0,2.0,3.0,147.75,1
18.0,1,1,9.0,4,0,4.0,2,0,1,1,3,1,20.0,6.0,7.0,8.0,203.79,0
9.0,0,1,9.0,3,1,4.0,5,4,1,2,2,1,15.0,2.0,2.0,5.0,174.3,0
17.0,1,3,9.0,3,1,4.0,4,2,1,1,3,1,18.0,1.0,9.0,9.0,203.47,0
1.0,1,1,16.0,3,1,4.0,2,4,3,1,3,0,17.0,1.0,2.0,5.0,169.01,0
15.0,1,3,13.0,5,1,3.0,4,0,3,2,3,0,13.0,6.0,9.0,3.0,217.41,0
3.0,1,1,16.0,3,0,3.0,4,4,3,1,10,0,18.0,2.0,2.0,3.0,154.74,0
10.0,1,3,9.0,4,0,3.0,4,2,1,2,5,0,16.0,4.0,7.0,8.0,170.02,0
19.0,0,1,7.0,4,1,4.0,5,0,3,1,5,0,23.0,4.0,2.0,5.0,232.48000000000002,0
1.0,2,2,29.0,6,1,3.0,5,4,3,1,3,0,12.0,1.0,2.0,1.0,140.55,1
11.0,0,3,16.0,4,1,3.0,5,1,3,1,9,0,12.0,2.0,2.0,11.0,254.36,1
1.0,2,1,24.0,3,1,4.0,5,4,3,1,3,0,16.0,1.0,2.0,3.0,148.05,0
19.0,1,1,32.0,2,0,3.0,5,1,4,2,3,0,15.0,4.0,9.0,7.0,291.97,0
6.0,0,1,17.0,4,1,3.0,4,4,3,1,8,0,14.0,1.0,2.0,4.0,159.33,0
5.0,1,1,9.0,4,1,4.0,4,4,3,1,3,0,15.0,1.0,2.0,4.0,159.77,0
15.0,0,2,11.0,6,1,3.0,5,2,4,1,8,0,20.0,1.0,2.0,3.0,189.3,0
14.0,1,1,15.0,4,0,4.0,4,2,5,1,4,1,17.0,1.0,2.0,1.0,190.16,0
1.0,1,1,32.0,3,1,4.0,4,4,5,1,3,0,14.0,2.0,2.0,3.0,164.07,0
20.0,1,1,20.0,4,1,3.0,4,2,4,2,8,0,15.0,2.0,2.0,10.0,180.62,0
9.0,1,1,32.0,4,1,3.0,4,2,3,1,4,0,17.0,1.0,2.0,8.0,193.83,0
4.0,1,1,23.0,4,1,3.0,4,4,1,1,3,0,13.0,1.0,2.0,9.0,153.62,0
21.0,0,3,9.0,5,1,3.0,4,2,4,1,9,0,12.0,1.0,2.0,1.0,174.78,0
20.0,1,3,9.0,4,1,4.0,4,0,1,1,6,1,13.0,1.0,2.0,3.0,228.68,0
1.0,1,3,20.0,5,1,4.0,5,2,5,1,7,1,14.0,3.0,3.0,3.0,186.34,1
1.0,1,3,7.0,4,1,3.0,5,2,4,2,8,0,16.0,1.0,2.0,1.0,192.35,1
1.0,1,1,11.0,3,0,3.0,4,4,4,2,3,0,14.0,2.0,2.0,3.0,157.95,0
5.0,0,1,31.0,1,0,2.0,4,2,1,2,4,0,21.0,2.0,2.0,5.0,177.38,0
13.0,0,1,7.0,4,1,4.0,4,2,1,1,3,1,16.0,4.0,6.0,9.0,189.72,0
6.0,1,3,26.0,4,1,4.0,5,0,3,1,5,0,14.0,2.0,2.0,3.0,221.1,0
14.0,1,3,14.0,3,1,3.0,4,5,4,2,3,0,15.0,2.0,9.0,9.0,291.97,0
19.0,1,2,11.0,4,0,3.0,5,0,3,1,6,0,22.0,2.0,2.0,3.0,222.56,0
4.0,0,1,9.0,1,0,4.0,5,4,5,2,2,0,17.0,1.0,2.0,8.0,174.68,0
1.0,0,2,17.0,3,1,3.0,4,4,1,1,2,0,15.0,2.0,3.0,2.0,146.45,0
1.0,0,2,15.0,6,0,4.0,5,4,1,1,8,0,12.0,2.0,2.0,3.0,146.8,1
5.0,1,3,12.0,2,1,3.0,4,2,3,1,3,0,20.0,1.0,2.0,3.0,208.46,0
1.0,1,1,15.0,3,0,4.0,4,4,1,2,3,0,12.0,2.0,2.0,5.0,159.45,0
1.0,1,3,16.0,5,0,3.0,5,4,4,2,3,0,14.0,2.0,3.0,3.0,152.6,1
3.0,0,1,7.0,4,1,4.0,2,2,3,2,10,1,13.0,1.0,2.0,3.0,187.94,0
4.0,1,3,22.0,5,1,4.0,5,0,5,1,4,0,12.0,1.0,2.0,8.0,196.4,0
8.0,1,1,9.0,3,1,4.0,2,4,1,1,2,1,15.0,1.0,2.0,3.0,154.32,0
7.0,0,3,9.0,5,0,4.0,4,2,4,2,10,0,16.0,1.0,2.0,8.0,176.47,0
23.0,1,3,18.0,5,0,4.0,4,2,1,2,5,0,13.0,1.0,2.0,5.0,170.07,0
1.0,1,3,23.0,4,0,4.0,4,0,5,2,4,1,21.0,1.0,2.0,3.0,210.64,1
12.0,0,1,9.0,3,0,4.0,5,4,4,1,6,0,15.0,1.0,2.0,6.0,149.68,0
1.0,1,3,23.0,5,1,4.0,4,0,3,1,4,0,14.0,2.0,2.0,1.0,206.61,1
3.0,2,1,11.0,1,0,4.0,5,4,5,1,3,0,14.0,1.0,2.0,1.0,146.09,0
1.0,1,1,23.0,4,1,3.0,2,2,3,1,5,0,17.0,2.0,2.0,8.0,177.94,0
6.0,0,1,12.0,1,1,4.0,4,4,4,2,4,0,15.0,2.0,2.0,8.0,152.18,0
12.0,1,1,25.0,3,1,3.0,5,2,1,1,5,1,17.0,1.0,2.0,1.0,183.11,0
7.0,0,1,24.0,1,1,3.0,5,4,3,1,10,1,17.0,2.0,2.0,1.0,149.37,1
16.0,1,1,19.0,3,1,3.0,4,4,4,1,10,0,23.0,2.0,2.0,5.0,152.66,0
27.0,1,1,9.0,3,1,3.0,5,5,5,1,10,0,15.0,1.0,2.0,1.0,291.97,0
7.0,0,1,11.0,1,1,3.0,4,2,4,1,7,0,16.0,1.0,2.0,8.0,155.55,0
15.0,2,1,16.0,4,1,4.0,4,4,5,1,3,0,21.0,2.0,2.0,5.0,147.89,0
8.0,0,3,17.0,4,1,3.0,4,2,3,1,3,1,15.0,2.0,2.0,8.0,165.01,0
27.0,0,1,7.0,3,0,3.0,5,1,3,1,6,1,21.0,1.0,2.0,3.0,254.64999999999998,0
17.0,1,2,9.0,4,1,4.0,4,4,1,2,2,0,14.0,1.0,2.0,9.0,160.39,0
8.0,1,3,10.0,4,0,3.0,5,2,1,2,7,0,13.0,2.0,3.0,3.0,185.29,0
1.0,1,3,14.0,5,1,3.0,4,4,4,2,3,0,14.0,2.0,2.0,1.0,151.79,1
12.0,1,1,13.0,6,0,3.0,5,4,3,1,3,0,12.0,1.0,2.0,5.0,162.02,0
1.0,2,1,15.0,3,0,4.0,4,4,5,1,3,1,18.0,1.0,2.0,1.0,148.98,1
5.0,1,3,32.0,5,0,4.0,5,2,1,1,3,0,15.0,3.0,6.0,8.0,179.68,0
25.0,1,1,10.0,2,0,3.0,4,0,3,1,4,0,12.0,3.0,2.0,3.0,256.16,0
11.0,1,3,16.0,5,1,3.0,5,2,4,1,3,0,15.0,1.0,2.0,4.0,166.89,0
20.0,1,1,9.0,3,1,3.0,4,5,1,1,9,1,15.0,2.0,3.0,3.0,291.97,0
10.0,1,1,17.0,4,1,3.0,4,0,5,1,9,1,14.0,2.0,6.0,8.0,208.21,0
8.0,0,1,7.0,3,1,3.0,4,4,4,1,3,1,13.0,2.0,3.0,4.0,148.42,1
11.0,1,2,15.0,6,1,3.0,4,2,4,1,4,0,14.0,5.0,5.0,8.0,165.71,0
1.0,1,3,32.0,4,1,3.0,4,2,1,2,3,1,19.0,1.0,8.0,8.0,183.13,1
7.0,1,1,15.0,4,1,3.0,2,4,5,1,8,0,20.0,6.0,8.0,7.0,156.43,0
2.0,2,1,7.0,4,1,3.0,4,4,1,1,3,0,12.0,1.0,2.0,4.0,145.44,0
13.0,1,1,17.0,3,1,4.0,4,0,3,2,9,0,22.0,3.0,2.0,3.0,259.64,0
20.0,0,3,32.0,4,1,4.0,5,2,4,2,10,0,16.0,3.0,3.0,3.0,204.91,0
14.0,1,1,9.0,4,0,3.0,4,4,5,1,6,0,18.0,2.0,2.0,3.0,158.77,0
16.0,1,1,20.0,3,1,4.0,2,2,5,1,7,0,19.0,2.0,2.0,1.0,180.38,0
9.0,0,1,9.0,3,1,3.0,4,2,1,1,4,0,15.0,1.0,2.0,8.0,182.62,0
12.0,0,2,9.0,6,1,4.0,4,4,4,1,7,0,14.0,4.0,4.0,9.0,150.92,0
1.0,0,1,16.0,4,1,4.0,4,2,5,1,6,0,18.0,1.0,2.0,8.0,178.46,1
1.0,1,1,17.0,3,1,3.0,4,2,5,2,3,0,16.0,1.0,2.0,9.0,167.13,1
13.0,0,3,27.0,4,1,3.0,4,2,1,1,4,0,19.0,2.0,3.0,3.0,166.27,0
17.0,0,1,16.0,4,1,3.0,4,4,3,2,6,0,14.0,1.0,2.0,3.0,149.38,0
15.0,1,1,12.0,4,1,3.0,2,2,4,2,5,0,13.0,2.0,2.0,3.0,193.7,0
15.0,1,3,11.0,5,0,3.0,4,0,3,1,2,1,14.0,1.0,9.0,3.0,229.47,0
4.0,1,1,17.0,3,0,4.0,4,0,3,2,10,0,15.0,1.0,2.0,3.0,221.67,0
1.0,2,2,27.0,3,0,4.0,4,4,4,1,2,1,12.0,1.0,2.0,5.0,146.48,1
10.0,1,1,28.0,3,0,4.0,4,2,4,1,6,0,23.0,2.0,4.0,3.0,214.26,1
14.0,1,1,7.0,4,0,3.0,4,2,1,1,6,0,18.0,1.0,2.0,4.0,190.13,0
8.0,1,3,15.0,2,1,4.0,2,2,3,1,3,0,22.0,1.0,5.0,9.0,192.99,0
27.0,0,3,9.0,3,1,3.0,4,1,4,1,6,0,23.0,6.0,9.0,11.0,123.02000000000001,0
9.0,1,1,30.0,3,1,4.0,5,4,3,1,2,0,17.0,2.0,2.0,4.0,152.05,0
21.0,1,1,11.0,4,0,4.0,5,0,4,1,10,1,13.0,3.0,9.0,3.0,228.33,0
14.0,1,1,19.0,4,0,3.0,4,2,5,1,4,0,13.0,6.0,8.0,8.0,169.48,0
27.0,1,1,14.0,3,0,4.0,4,2,1,1,6,0,16.0,2.0,2.0,8.0,193.54,0
5.0,0,3,14.0,5,0,4.0,4,0,5,1,4,0,15.0,3.0,3.0,3.0,221.37,0
2.0,1,1,7.0,3,0,4.0,4,4,5,1,3,0,23.0,2.0,2.0,3.0,160.91,0
12.0,1,3,9.0,5,0,4.0,5,2,1,1,4,1,21.0,1.0,2.0,4.0,179.05,0
1.0,1,3,17.0,3,1,3.0,4,2,1,2,3,0,14.0,1.0,2.0,3.0,171.84,0
27.0,0,1,22.0,4,1,3.0,4,1,3,1,4,1,15.0,1.0,3.0,3.0,282.87,0
1.0,0,1,21.0,3,0,3.0,4,4,3,2,3,0,17.0,2.0,2.0,1.0,140.14,0
1.0,1,2,25.0,6,1,3.0,2,4,5,1,2,0,18.0,2.0,2.0,1.0,154.56,1
1.0,2,2,20.0,6,1,3.0,5,4,5,1,6,1,16.0,2.0,3.0,1.0,148.35,1
19.0,0,3,9.0,4,0,4.0,4,2,3,1,6,0,23.0,4.0,6.0,8.0,176.54,0
10.0,1,1,9.0,6,0,4.0,4,2,4,1,6,1,23.0,1.0,2.0,1.0,194.62,0
17.0,0,3,9.0,4,1,4.0,4,2,1,1,3,0,21.0,6.0,8.0,8.0,181.75,0
1.0,0,1,12.0,4,0,3.0,4,4,1,2,2,1,15.0,2.0,2.0,3.0,148.79,0
3.0,0,1,27.0,3,1,3.0,4,4,1,1,3,0,14.0,2.0,4.0,11.0,163.12,0
6.0,0,3,17.0,5,1,4.0,4,2,1,2,10,0,14.0,2.0,2.0,1.0,171.48,0
16.0,0,1,17.0,1,1,3.0,4,4,3,1,5,0,23.0,2.0,4.0,4.0,154.36,0
21.0,2,1,16.0,4,0,4.0,4,4,3,2,6,0,13.0,2.0,3.0,1.0,146.05,0
20.0,1,1,9.0,4,1,3.0,4,0,1,1,5,0,15.0,2.0,5.0,3.0,210.78,0
2.0,0,2,7.0,4,1,3.0,4,4,1,1,3,0,16.0,1.0,3.0,3.0,152.06,0
3.0,1,1,32.0,4,1,4.0,5,2,3,1,10,0,18.0,2.0,2.0,7.0,188.84,0
16.0,1,1,15.0,4,1,3.0,4,4,3,2,6,0,14.0,2.0,2.0,1.0,164.68,0
1.0,1,3,9.0,5,1,3.0,5,2,4,2,9,1,13.0,3.0,3.0,3.0,224.07,1
20.0,1,3,10.0,2,0,3.0,2,1,5,1,4,0,13.0,2.0,2.0,9.0,257.25,0
1.0,1,3,30.0,3,0,3.0,5,2,3,1,3,0,22.0,5.0,6.0,9.0,160.4,0
3.0,1,2,13.0,3,1,3.0,5,4,4,1,3,0,12.0,2.0,2.0,1.0,153.04,0
17.0,1,1,13.0,3,0,3.0,5,5,3,1,9,0,15.0,4.0,7.0,11.0,291.97,0
22.0,1,1,17.0,4,1,4.0,5,5,4,1,6,0,15.0,4.0,9.0,10.0,291.97,0
1.0,0,1,31.0,4,1,4.0,5,4,1,2,3,1,23.0,2.0,2.0,1.0,149.39,1
10.0,1,3,17.0,4,0,4.0,4,0,4,1,7,0,22.0,1.0,2.0,8.0,198.14,1
1.0,0,1,22.0,4,0,4.0,5,4,5,1,2,0,20.0,6.0,8.0,4.0,172.74,0
13.0,1,1,26.0,6,1,3.0,4,2,1,1,10,0,15.0,2.0,3.0,3.0,164.02,0
27.0,1,1,9.0,1,1,4.0,5,4,1,1,10,0,21.0,1.0,2.0,5.0,151.62,0
2.0,1,3,10.0,3,0,4.0,4,4,4,1,3,0,20.0,2.0,2.0,1.0,153.56,0
1.0,2,3,16.0,3,1,3.0,4,4,1,2,3,0,14.0,1.0,2.0,1.0,135.81,1
1.0,1,1,14.0,4,1,4.0,4,4,4,2,3,1,23.0,2.0,2.0,1.0,149.72,1
10.0,1,3,17.0,1,0,4.0,5,2,3,1,3,1,14.0,2.0,2.0,8.0,181.73,0
5.0,1,1,27.0,4,1,3.0,4,2,3,1,3,0,12.0,1.0,2.0,3.0,166.97,0
8.0,1,3,11.0,4,1,4.0,4,0,1,1,4,1,14.0,1.0,2.0,3.0,222.13,0
3.0,2,1,14.0,4,1,3.0,4,4,5,2,5,0,15.0,1.0,2.0,3.0,145.62,0
11.0,1,1,14.0,3,1,4.0,4,2,5,1,7,1,23.0,1.0,2.0,5.0,167.84,0
9.0,1,1,23.0,6,0,3.0,5,2,4,1,2,1,12.0,2.0,2.0,3.0,172.88,0
19.0,1,1,32.0,4,0,4.0,5,2,1,1,2,0,14.0,1.0,4.0,9.0,184.06,0
10.0,0,2,9.0,6,1,4.0,5,2,1,2,3,0,22.0,2.0,2.0,9.0,163.86,0
14.0,1,1,7.0,4,1,4.0,4,1,5,1,4,0,15.0,6.0,9.0,11.0,291.97,0
1.0,1,1,7.0,4,0,3.0,5,4,3,1,3,1,14.0,1.0,2.0,1.0,154.33,0
1.0,1,3,9.0,3,0,3.0,2,2,3,2,2,0,15.0,1.0,2.0,8.0,190.0,0
22.0,0,1,29.0,3,0,3.0,4,1,1,1,5,0,15.0,1.0,5.0,8.0,291.97,0
18.0,1,1,7.0,4,1,4.0,2,2,5,1,4,0,16.0,3.0,3.0,3.0,175.33,0
1.0,0,1,23.0,1,1,3.0,5,4,5,1,3,1,23.0,4.0,4.0,1.0,148.07,1
20.0,1,1,31.0,4,1,4.0,4,4,1,2,3,0,17.0,1.0,2.0,1.0,150.87,1
10.0,1,3,24.0,5,1,3.0,5,2,4,1,4,0,17.0,2.0,2.0,4.0,180.07,0
15.0,1,3,15.0,5,0,3.0,4,2,4,1,7,0,22.0,2.0,2.0,5.0,168.93,0
16.0,1,1,13.0,3,1,3.0,4,0,5,1,10,0,14.0,4.0,2.0,8.0,258.48,0
5.0,1,3,17.0,3,0,3.0,4,2,1,1,4,1,12.0,1.0,2.0,5.0,190.83,0
8.0,1,3,10.0,3,0,4.0,5,2,1,1,5,1,13.0,1.0,2.0,2.0,206.03,0
5.0,1,1,11.0,3,0,4.0,2,4,3,1,10,0,13.0,3.0,3.0,3.0,164.78,0
1.0,0,1,13.0,6,1,4.0,2,4,1,1,2,0,19.0,3.0,8.0,8.0,150.44,0
19.0,0,1,7.0,3,1,3.0,4,2,3,2,6,0,13.0,2.0,2.0,4.0,178.99,0
7.0,1,3,17.0,5,1,3.0,4,2,3,2,3,0,15.0,1.0,2.0,10.0,179.87,0
2.0,0,3,7.0,4,1,3.0,5,2,1,1,3,1,13.0,1.0,2.0,8.0,193.34,0
1.0,0,3,31.0,1,1,3.0,2,4,5,2,3,0,18.0,2.0,2.0,1.0,135.91,1
13.0,0,3,28.0,4,0,3.0,5,2,3,1,8,0,20.0,1.0,2.0,3.0,182.36,0
1.0,2,1,9.0,1,1,3.0,4,4,4,1,3,0,12.0,2.0,2.0,3.0,147.26,0
8.0,0,1,29.0,6,1,3.0,5,2,1,1,3,1,16.0,4.0,7.0,11.0,182.47,0
1.0,1,3,20.0,5,0,3.0,4,2,3,2,5,1,12.0,3.0,3.0,3.0,223.54,1
21.0,0,1,21.0,1,1,4.0,4,2,4,1,10,0,19.0,1.0,2.0,8.0,179.67,0
27.0,1,3,18.0,5,0,3.0,5,2,5,1,6,0,17.0,1.0,2.0,1.0,178.8,0
13.0,1,1,16.0,3,1,3.0,4,2,5,1,3,0,23.0,5.0,8.0,10.0,176.51,0
12.0,0,1,15.0,3,0,3.0,5,2,4,1,3,1,17.0,2.0,2.0,8.0,146.33,0
27.0,1,3,28.0,4,0,4.0,4,1,1,1,6,1,15.0,2.0,2.0,1.0,291.97,0
1.0,0,1,12.0,4,0,3.0,2,4,3,2,5,1,15.0,1.0,2.0,4.0,149.32,1
12.0,1,1,16.0,4,1,4.0,4,4,1,1,4,0,20.0,2.0,2.0,4.0,172.71,0
23.0,0,1,9.0,4,1,3.0,4,5,1,1,5,0,15.0,3.0,5.0,4.0,291.97,0
16.0,1,3,19.0,5,1,4.0,4,2,1,1,5,1,13.0,1.0,2.0,1.0,175.87,0
1.0,0,2,29.0,6,0,3.0,5,4,4,1,3,0,13.0,2.0,2.0,1.0,153.63,1
9.0,1,3,25.0,3,1,4.0,4,2,5,1,2,0,17.0,1.0,2.0,5.0,123.02000000000001,0
2.0,0,1,23.0,3,1,3.0,4,4,3,2,3,0,15.0,1.0,2.0,5.0,146.44,0
5.0,0,1,10.0,3,1,3.0,4,4,5,1,3,1,14.0,1.0,3.0,4.0,155.65,0
10.0,0,1,16.0,4,1,4.0,2,4,4,1,3,0,23.0,2.0,2.0,3.0,153.1,0
8.0,1,3,7.0,5,1,3.0,4,0,1,2,3,0,22.0,2.0,3.0,3.0,223.88,0
8.0,1,3,20.0,3,1,3.0,4,0,3,1,3,0,19.0,2.0,2.0,3.0,211.28,0
1.0,1,1,7.0,3,1,4.0,4,4,5,2,2,0,14.0,4.0,8.0,7.0,153.67,0
3.0,1,1,7.0,4,1,3.0,4,2,5,1,2,0,13.0,2.0,2.0,3.0,178.73,0
6.0,0,1,22.0,3,0,3.0,4,2,1,1,7,0,19.0,1.0,2.0,3.0,191.67,0
5.0,0,1,7.0,4,1,3.0,5,2,5,1,3,0,22.0,2.0,9.0,8.0,175.03,0
1.0,2,1,24.0,1,1,3.0,5,4,1,1,7,0,13.0,1.0,2.0,4.0,148.67,1
12.0,1,3,7.0,4,1,3.0,5,4,5,2,6,0,15.0,1.0,2.0,1.0,153.58,0
9.0,1,3,14.0,4,0,3.0,4,2,1,1,3,1,12.0,2.0,2.0,10.0,177.04,0
1.0,1,3,16.0,5,1,3.0,4,2,1,2,3,0,15.0,1.0,2.0,8.0,166.05,0
6.0,1,1,12.0,4,1,3.0,5,2,1,2,10,0,23.0,1.0,2.0,3.0,221.79,0
1.0,0,3,32.0,5,1,4.0,4,2,1,1,3,1,12.0,1.0,2.0,9.0,181.17,1
17.0,1,3,31.0,4,1,4.0,4,0,5,2,8,1,14.0,3.0,3.0,3.0,229.48,1
27.0,1,1,16.0,4,0,4.0,4,2,3,1,5,0,12.0,1.0,3.0,4.0,153.97,0
7.0,0,1,14.0,4,1,3.0,4,2,3,1,3,0,21.0,3.0,3.0,9.0,184.68,0
17.0,1,1,18.0,4,1,2.0,4,0,3,1,3,0,18.0,2.0,2.0,10.0,200.1,0
12.0,0,2,7.0,6,1,3.0,4,4,4,1,2,1,12.0,2.0,2.0,3.0,154.91,0
27.0,1,2,32.0,6,1,4.0,2,5,4,1,6,1,15.0,2.0,2.0,5.0,291.97,0
5.0,2,1,9.0,3,0,3.0,5,4,1,1,3,1,12.0,2.0,2.0,1.0,136.29,0
13.0,1,3,22.0,5,1,4.0,4,1,5,2,2,0,13.0,5.0,2.0,11.0,258.41,0
16.0,0,1,30.0,4,1,3.0,5,2,3,2,3,0,13.0,3.0,4.0,8.0,168.32,0
5.0,0,1,17.0,3,0,3.0,4,0,3,1,6,0,21.0,4.0,2.0,9.0,235.31,0
27.0,1,1,17.0,3,0,4.0,4,2,5,2,8,1,20.0,1.0,2.0,5.0,169.4,0
1.0,1,1,7.0,4,1,3.0,5,2,3,2,3,0,13.0,2.0,2.0,3.0,171.17,0
1.0,1,1,19.0,6,1,4.0,4,4,1,2,3,0,14.0,2.0,2.0,5.0,151.47,0
14.0,0,1,18.0,1,0,4.0,4,2,3,1,3,0,12.0,3.0,9.0,5.0,188.23,0
14.0,1,3,9.0,5,0,4.0,4,2,4,1,5,0,15.0,2.0,6.0,11.0,181.77,0
1.0,2,2,9.0,6,0,3.0,4,4,4,1,6,0,15.0,1.0,2.0,3.0,146.87,0
4.0,1,1,7.0,3,1,4.0,4,4,4,1,3,0,14.0,1.0,2.0,8.0,162.48,0
1.0,1,1,9.0,6,1,3.0,4,4,3,1,8,1,20.0,1.0,2.0,3.0,164.77,0
21.0,1,1,32.0,3,1,3.0,4,0,3,2,4,0,23.0,2.0,9.0,3.0,211.33,0
7.0,0,1,7.0,3,1,3.0,5,4,3,1,3,0,13.0,1.0,2.0,1.0,145.08,0
12.0,1,3,7.0,4,1,3.0,4,2,4,1,2,0,16.0,5.0,6.0,9.0,169.4,0
5.0,1,3,9.0,4,1,3.0,4,4,3,1,2,0,20.0,2.0,2.0,3.0,155.67,0
12.0,0,1,13.0,4,1,4.0,5,2,3,1,4,0,12.0,3.0,8.0,8.0,178.21,0
16.0,1,1,25.0,4,1,3.0,4,2,5,1,8,1,18.0,1.0,2.0,3.0,179.1,0
15.0,1,1,7.0,4,1,4.0,4,4,1,1,5,0,23.0,1.0,2.0,1.0,152.82,0
21.0,0,1,7.0,3,0,4.0,4,0,4,1,2,0,19.0,1.0,2.0,11.0,244.57,0
9.0,1,1,18.0,3,1,3.0,4,4,3,1,9,1,12.0,1.0,3.0,3.0,151.6,0
1.0,1,1,7.0,4,1,4.0,4,4,3,2,2,0,13.0,1.0,2.0,3.0,158.75,0
9.0,1,1,16.0,3,1,3.0,4,2,3,2,3,0,20.0,1.0,2.0,9.0,175.98,0
7.0,1,1,22.0,3,0,4.0,4,2,1,1,2,1,14.0,6.0,9.0,2.0,123.02000000000001,0
6.0,1,1,32.0,4,0,3.0,5,4,4,2,3,0,14.0,4.0,5.0,2.0,153.37,0
14.0,2,1,7.0,4,1,3.0,4,4,1,1,10,0,20.0,1.0,2.0,1.0,149.06,0
6.0,2,3,7.0,3,1,4.0,5,4,4,1,2,0,15.0,1.0,3.0,3.0,147.69,0
13.0,1,1,31.0,4,1,3.0,4,2,1,2,9,0,14.0,2.0,2.0,8.0,166.08,0
12.0,1,1,17.0,3,0,3.0,5,0,3,1,5,0,13.0,2.0,2.0,11.0,257.06,0
6.0,1,3,7.0,5,0,3.0,4,0,1,1,3,0,20.0,4.0,6.0,3.0,229.22,0
11.0,1,1,17.0,4,0,3.0,2,0,1,1,3,1,23.0,1.0,7.0,9.0,262.44,0
1.0,1,3,15.0,6,0,3.0,4,2,3,1,2,1,23.0,2.0,2.0,5.0,174.07,0
26.0,0,3,32.0,4,1,3.0,4,4,1,1,4,0,16.0,2.0,2.0,1.0,159.82,0
18.0,2,1,7.0,3,1,3.0,4,4,1,2,8,1,13.0,1.0,2.0,3.0,149.36,0
1.0,2,3,12.0,3,1,3.0,4,4,5,2,3,1,12.0,2.0,2.0,3.0,148.8,0
13.0,0,1,16.0,4,1,3.0,4,5,1,2,4,0,15.0,1.0,2.0,4.0,291.97,0
1.0,0,3,16.0,5,1,3.0,4,4,5,1,3,0,20.0,2.0,2.0,1.0,142.9,1
10.0,1,3,10.0,3,0,4.0,5,0,1,1,2,0,20.0,4.0,4.0,5.0,201.44,0
10.0,0,1,11.0,4,0,4.0,4,2,4,1,9,0,14.0,2.0,2.0,3.0,176.31,0
27.0,0,1,7.0,4,1,3.0,4,2,3,1,3,0,22.0,1.0,2.0,10.0,188.06,0
1.0,1,1,7.0,3,1,3.0,4,4,1,1,10,1,15.0,3.0,3.0,3.0,172.87,1
16.0,1,1,9.0,4,1,3.0,4,5,3,1,7,0,15.0,2.0,5.0,11.0,291.97,0
20.0,2,1,14.0,1,1,4.0,4,4,3,1,10,0,12.0,6.0,9.0,9.0,148.39,1
15.0,1,1,32.0,4,0,3.0,5,1,4,1,2,0,23.0,2.0,2.0,11.0,260.7,0
8.0,1,3,32.0,5,0,4.0,5,2,3,1,3,0,22.0,2.0,2.0,8.0,192.12,0
10.0,0,3,22.0,5,1,3.0,5,2,1,1,3,0,23.0,5.0,9.0,11.0,179.06,0
15.0,1,3,10.0,4,1,3.0,5,2,4,1,4,0,12.0,1.0,2.0,3.0,214.38,0
6.0,2,1,9.0,1,1,4.0,4,4,5,2,3,0,15.0,2.0,2.0,3.0,149.39,0
9.0,1,2,32.0,4,0,3.0,4,0,1,2,3,1,17.0,2.0,2.0,3.0,213.37,0
12.0,1,3,17.0,4,0,4.0,4,2,1,1,3,0,12.0,1.0,2.0,10.0,178.43,0
14.0,0,3,7.0,4,1,4.0,4,2,3,1,9,0,13.0,2.0,2.0,2.0,192.28,1
10.0,1,3,18.0,5,0,4.0,5,2,1,1,6,0,14.0,2.0,2.0,1.0,191.52,0
19.0,1,3,27.0,4,0,3.0,4,2,3,2,10,0,16.0,2.0,2.0,2.0,173.5,0
14.0,1,1,9.0,4,1,3.0,5,4,3,2,4,0,15.0,1.0,3.0,3.0,153.09,0
9.0,0,1,25.0,4,1,4.0,4,2,3,1,3,1,15.0,2.0,2.0,3.0,181.89,0
14.0,2,1,9.0,3,0,4.0,4,4,3,1,4,0,15.0,2.0,2.0,3.0,145.01,0
9.0,1,1,7.0,4,0,4.0,5,4,1,1,3,0,13.0,1.0,2.0,2.0,154.77,0
3.0,1,1,20.0,6,1,3.0,5,2,4,1,6,1,14.0,2.0,2.0,4.0,165.25,0
3.0,1,1,32.0,3,0,4.0,5,4,5,2,3,0,15.0,1.0,2.0,5.0,162.85,0
14.0,1,3,32.0,5,1,3.0,5,0,5,1,6,1,14.0,1.0,2.0,1.0,233.54000000000002,1
13.0,1,3,31.0,5,0,3.0,5,1,1,1,2,0,12.0,2.0,2.0,7.0,245.31,0
5.0,0,1,12.0,3,1,4.0,4,2,5,2,2,0,20.0,1.0,2.0,3.0,224.36,0
1.0,1,3,12.0,6,0,2.0,5,4,3,2,2,0,19.0,1.0,2.0,1.0,154.66,0
10.0,0,1,30.0,3,1,3.0,2,2,1,1,6,0,18.0,1.0,2.0,4.0,150.71,0
13.0,1,1,13.0,3,1,3.0,5,0,5,1,6,0,16.0,2.0,2.0,3.0,224.91,0
1.0,1,1,11.0,4,1,3.0,2,2,4,1,3,1,21.0,2.0,2.0,4.0,186.42,0
23.0,0,3,9.0,3,1,4.0,5,2,4,1,4,0,15.0,2.0,2.0,9.0,178.9,0
8.0,1,1,15.0,3,1,3.0,2,2,3,1,4,0,13.0,1.0,2.0,3.0,169.04,0
5.0,1,3,7.0,4,0,4.0,4,2,1,2,10,1,12.0,1.0,2.0,6.0,184.93,1
23.0,0,1,15.0,4,1,4.0,5,2,4,1,3,0,23.0,1.0,2.0,8.0,176.3,0
1.0,2,1,9.0,6,1,4.0,5,4,3,2,8,1,16.0,1.0,2.0,1.0,145.9,1
7.0,0,1,10.0,4,0,3.0,4,4,3,1,3,1,12.0,3.0,4.0,1.0,154.09,0
1.0,1,1,9.0,3,1,3.0,4,4,4,1,10,0,13.0,2.0,3.0,3.0,159.68,0
6.0,0,1,9.0,4,1,4.0,4,4,1,2,2,0,14.0,2.0,4.0,7.0,155.68,0
27.0,1,1,10.0,3,0,3.0,2,4,5,1,6,1,21.0,1.0,2.0,1.0,151.7,0
4.0,1,1,31.0,4,1,4.0,4,4,3,1,3,0,23.0,2.0,2.0,1.0,151.93,0
12.0,0,1,30.0,4,1,3.0,5,0,3,2,2,0,22.0,2.0,2.0,3.0,220.26,0
10.0,1,1,32.0,3,1,4.0,4,2,3,1,8,0,14.0,1.0,8.0,8.0,177.37,0
9.0,2,1,23.0,3,1,3.0,2,4,4,1,2,0,14.0,2.0,2.0,4.0,149.26,0
3.0,1,1,22.0,4,0,3.0,5,2,3,2,2,1,13.0,2.0,2.0,9.0,166.93,0
5.0,1,1,32.0,4,1,3.0,4,4,3,1,3,0,18.0,4.0,5.0,4.0,154.11,0
8.0,1,1,26.0,3,1,4.0,4,4,1,1,2,0,12.0,1.0,2.0,3.0,151.61,0
1.0,2,1,31.0,4,1,3.0,5,4,3,2,7,1,15.0,1.0,2.0,4.0,145.28,1
3.0,1,1,28.0,4,0,3.0,2,0,5,1,3,0,12.0,6.0,9.0,3.0,224.8,0
6.0,1,1,12.0,4,1,4.0,2,4,4,1,2,1,13.0,2.0,2.0,6.0,157.98,0
1.0,0,1,23.0,3,1,4.0,2,4,1,1,3,1,14.0,1.0,2.0,1.0,154.35,0
27.0,1,3,9.0,4,0,4.0,5,1,1,1,4,0,17.0,1.0,4.0,8.0,279.27,0
12.0,1,1,9.0,4,1,3.0,4,4,1,2,7,1,12.0,1.0,2.0,3.0,164.44,0
1.0,0,1,18.0,6,0,4.0,2,2,3,1,2,0,19.0,1.0,2.0,4.0,165.11,0
1.0,1,3,16.0,4,1,3.0,5,4,5,2,9,0,23.0,1.0,2.0,4.0,159.07,1
8.0,1,1,14.0,4,0,3.0,4,0,4,2,2,0,12.0,1.0,2.0,11.0,244.94,0
1.0,2,1,22.0,4,1,4.0,4,4,1,2,3,0,15.0,2.0,2.0,1.0,137.32,0
1.0,1,1,13.0,3,1,3.0,4,4,5,2,4,0,12.0,1.0,2.0,4.0,154.6,1
27.0,1,1,12.0,6,0,3.0,4,5,3,1,6,0,15.0,2.0,5.0,9.0,291.97,0
1.0,0,1,23.0,4,0,4.0,5,4,5,2,3,1,23.0,1.0,7.0,8.0,164.19,1
16.0,1,3,15.0,5,1,3.0,4,2,4,1,2,0,12.0,3.0,5.0,3.0,193.25,0
18.0,1,1,14.0,3,0,3.0,5,0,1,1,5,0,15.0,1.0,6.0,3.0,227.48,0
20.0,1,3,9.0,5,0,3.0,4,5,5,2,5,0,15.0,3.0,3.0,2.0,291.97,0
7.0,1,1,9.0,3,1,4.0,4,4,1,2,6,0,12.0,1.0,2.0,1.0,149.96,0
18.0,1,1,17.0,6,1,3.0,4,2,1,1,4,1,14.0,1.0,2.0,4.0,189.65,0
4.0,2,1,16.0,3,1,3.0,5,4,3,2,3,0,14.0,1.0,2.0,9.0,147.06,0
3.0,2,3,12.0,1,1,3.0,4,2,1,1,5,0,15.0,1.0,2.0,1.0,145.86,1
1.0,2,1,7.0,3,1,4.0,4,4,1,1,4,1,17.0,1.0,3.0,1.0,147.93,1
17.0,1,1,9.0,3,0,4.0,2,4,3,1,3,0,13.0,2.0,2.0,5.0,151.45,0
14.0,1,3,10.0,5,1,3.0,5,4,3,1,3,1,15.0,2.0,2.0,3.0,151.83,1
9.0,2,3,9.0,5,0,4.0,4,4,1,1,3,0,14.0,3.0,3.0,3.0,145.14,0
10.0,1,1,12.0,4,0,3.0,5,4,5,1,10,1,15.0,2.0,2.0,1.0,159.19,0
7.0,0,3,7.0,4,0,3.0,2,2,5,1,4,0,20.0,1.0,2.0,4.0,178.76,0
9.0,2,1,11.0,6,1,4.0,4,4,1,1,3,0,13.0,2.0,2.0,1.0,144.51,0
1.0,2,1,9.0,4,0,3.0,4,4,5,1,3,0,14.0,2.0,2.0,1.0,148.41,0
1.0,2,1,32.0,4,1,3.0,5,4,3,2,3,0,13.0,1.0,2.0,2.0,147.93,1
1.0,0,3,15.0,4,1,3.0,4,0,3,2,3,0,16.0,2.0,2.0,3.0,212.26,0
4.0,0,1,7.0,3,0,3.0,4,2,1,2,3,0,23.0,2.0,4.0,8.0,165.11,0
5.0,1,1,19.0,2,0,3.0,4,5,3,1,3,0,15.0,2.0,9.0,9.0,291.97,1
8.0,0,3,30.0,5,1,4.0,4,2,3,2,2,0,21.0,1.0,9.0,8.0,170.68,0
11.0,1,1,26.0,4,1,4.0,4,4,4,1,6,0,22.0,1.0,2.0,1.0,155.22,0
20.0,0,3,12.0,5,1,4.0,4,2,1,2,6,1,22.0,2.0,2.0,9.0,182.72,0
9.0,2,1,15.0,4,1,3.0,2,4,1,1,3,0,20.0,2.0,2.0,2.0,147.69,0
12.0,1,1,7.0,4,1,4.0,5,0,3,2,10,1,14.0,1.0,2.0,1.0,178.81,1
1.0,1,1,12.0,1,1,3.0,4,4,3,2,3,1,14.0,1.0,3.0,3.0,159.41,1
18.0,1,3,7.0,5,0,4.0,4,2,5,1,7,1,22.0,2.0,2.0,4.0,179.54,0
9.0,0,1,18.0,3,1,4.0,5,0,5,1,4,1,14.0,2.0,3.0,3.0,223.84,0
1.0,1,3,30.0,5,0,3.0,5,2,1,1,9,1,20.0,1.0,2.0,1.0,166.57,0
7.0,0,1,30.0,4,0,4.0,4,0,1,2,3,1,13.0,4.0,2.0,11.0,259.58,0
9.0,0,3,6.0,4,1,4.0,4,0,5,1,3,0,23.0,1.0,2.0,3.0,215.69,0
9.0,1,1,30.0,3,0,2.0,4,4,5,1,5,1,16.0,1.0,3.0,3.0,165.14,0
5.0,1,1,14.0,4,1,3.0,4,2,1,1,5,0,23.0,1.0,2.0,8.0,184.15,0
11.0,1,1,7.0,4,1,3.0,5,2,3,1,3,0,19.0,1.0,2.0,8.0,184.93,0
6.0,1,1,7.0,3,1,3.0,4,2,1,1,3,1,23.0,6.0,8.0,9.0,186.62,0
12.0,0,1,32.0,4,0,3.0,4,2,1,2,3,0,12.0,6.0,9.0,10.0,149.06,0
24.0,1,1,14.0,3,0,3.0,5,5,3,1,7,1,15.0,5.0,9.0,9.0,291.97,0
27.0,1,3,32.0,4,0,4.0,4,0,5,2,9,0,12.0,6.0,8.0,10.0,201.37,0
10.0,1,1,15.0,2,0,3.0,4,0,3,1,3,0,14.0,6.0,9.0,3.0,225.96,0
27.0,1,1,15.0,3,0,3.0,4,1,3,1,4,1,15.0,1.0,2.0,3.0,272.56,0
10.0,0,1,18.0,4,1,4.0,5,2,4,2,3,0,14.0,2.0,2.0,4.0,189.99,0
19.0,1,1,14.0,4,1,3.0,4,0,5,1,4,0,18.0,1.0,2.0,3.0,222.24,0
9.0,0,1,7.0,3,1,4.0,4,4,5,1,6,0,14.0,1.0,2.0,3.0,146.94,0
1.0,1,1,16.0,3,1,4.0,5,4,3,1,2,1,18.0,2.0,2.0,1.0,158.88,1
27.0,0,3,7.0,4,0,3.0,5,2,3,2,9,0,12.0,2.0,2.0,4.0,179.73,0
3.0,1,1,9.0,4,1,4.0,4,4,4,1,2,0,23.0,2.0,2.0,5.0,152.03,0
5.0,1,1,7.0,3,1,3.0,4,4,4,2,3,0,18.0,2.0,2.0,1.0,150.01,0
6.0,1,1,7.0,4,1,4.0,4,2,4,1,3,0,18.0,2.0,2.0,10.0,187.2,0
10.0,1,1,13.0,4,0,3.0,2,4,1,1,5,0,13.0,1.0,2.0,1.0,155.38,0
5.0,1,1,15.0,4,0,4.0,4,2,1,2,3,0,23.0,2.0,2.0,9.0,169.24,0
9.0,1,3,7.0,5,1,3.0,5,2,5,2,2,0,15.0,2.0,3.0,9.0,168.12,0
19.0,1,1,13.0,6,1,3.0,4,0,5,1,6,1,15.0,2.0,2.0,1.0,257.45,0
11.0,1,1,14.0,3,1,2.0,4,0,3,2,6,0,14.0,1.0,2.0,3.0,261.64,0
20.0,1,2,12.0,3,1,4.0,4,2,4,1,3,1,23.0,2.0,2.0,3.0,175.21,0
4.0,1,1,7.0,4,1,3.0,5,2,1,1,3,1,13.0,2.0,4.0,1.0,176.26,0
9.0,1,1,7.0,3,1,2.0,5,4,3,2,3,0,19.0,2.0,2.0,5.0,153.59,0
27.0,1,3,7.0,4,1,4.0,4,0,1,1,5,0,15.0,1.0,2.0,3.0,227.39,0
12.0,0,1,13.0,3,0,4.0,5,2,1,1,9,1,13.0,1.0,2.0,10.0,178.29,0
8.0,1,1,7.0,3,1,4.0,4,2,4,1,3,0,16.0,2.0,2.0,4.0,168.25,0
27.0,1,1,14.0,4,1,3.0,5,0,1,2,6,0,12.0,1.0,2.0,3.0,197.6,0
1.0,2,3,9.0,1,1,4.0,4,4,5,1,5,0,14.0,2.0,2.0,1.0,148.22,0
25.0,2,1,16.0,4,1,4.0,4,4,1,1,5,0,23.0,2.0,2.0,4.0,145.75,0
4.0,1,1,9.0,4,1,4.0,5,2,1,1,3,0,20.0,4.0,9.0,9.0,166.52,0
10.0,1,3,16.0,3,1,4.0,5,0,1,2,3,0,17.0,4.0,5.0,3.0,221.19,1
14.0,0,1,7.0,4,1,4.0,5,1,4,1,3,0,23.0,6.0,2.0,11.0,260.03,0
25.0,1,3,28.0,5,1,4.0,4,2,1,2,2,1,23.0,1.0,2.0,1.0,179.41,0
4.0,1,3,11.0,3,0,4.0,5,2,4,1,3,1,13.0,3.0,3.0,8.0,177.09,0
20.0,0,1,7.0,3,1,3.0,5,0,5,1,4,1,14.0,5.0,2.0,6.0,231.73000000000002,0
6.0,1,3,13.0,3,1,3.0,4,2,3,2,3,0,17.0,6.0,6.0,8.0,175.1,0
27.0,1,1,9.0,2,0,3.0,4,0,3,1,10,0,13.0,1.0,2.0,4.0,260.49,0
1.0,1,3,10.0,6,0,3.0,4,2,3,1,2,0,22.0,1.0,2.0,3.0,174.99,0
2.0,0,3,11.0,3,1,3.0,4,2,3,1,3,0,16.0,1.0,2.0,5.0,167.21,0
27.0,1,3,17.0,3,1,3.0,4,1,3,2,2,0,14.0,1.0,2.0,9.0,263.72,0
18.0,0,1,30.0,3,1,4.0,4,2,4,1,6,0,13.0,1.0,2.0,3.0,145.42,0
1.0,2,2,13.0,6,1,4.0,4,4,5,1,6,1,23.0,1.0,2.0,3.0,145.73,1
6.0,1,1,7.0,4,1,4.0,4,4,5,2,3,0,14.0,1.0,2.0,1.0,154.56,0
1.0,0,1,13.0,4,0,4.0,5,4,1,2,3,1,19.0,1.0,2.0,1.0,154.26,1
8.0,1,1,13.0,6,0,3.0,4,2,3,2,3,0,15.0,1.0,3.0,11.0,173.09,0
11.0,0,1,9.0,4,1,4.0,5,2,1,1,7,0,15.0,2.0,2.0,1.0,176.63,0
27.0,0,2,9.0,6,0,3.0,5,5,1,1,10,0,15.0,1.0,3.0,3.0,291.97,0
24.0,0,1,7.0,4,0,4.0,4,5,4,1,5,1,15.0,1.0,2.0,8.0,291.97,0
1.0,1,3,12.0,5,1,3.0,5,2,3,2,3,1,12.0,1.0,2.0,4.0,182.44,1
1.0,1,1,14.0,3,1,4.0,5,4,1,1,3,0,12.0,1.0,3.0,2.0,153.89,0
1.0,1,1,22.0,3,0,3.0,4,4,1,2,3,0,16.0,2.0,2.0,1.0,153.71,0
25.0,0,1,7.0,3,0,2.0,5,0,5,2,5,0,21.0,5.0,9.0,9.0,199.84,0
1.0,0,1,14.0,4,1,4.0,5,2,3,2,3,1,23.0,2.0,2.0,7.0,185.74,1
27.0,0,2,32.0,6,0,2.0,2,1,1,2,4,1,15.0,3.0,5.0,5.0,291.97,0
1.0,1,1,25.0,4,1,3.0,4,4,3,1,2,0,13.0,1.0,2.0,3.0,152.74,0
8.0,1,1,13.0,4,0,3.0,5,2,4,1,8,0,16.0,2.0,2.0,1.0,170.05,0
11.0,1,3,10.0,4,1,3.0,4,0,1,2,4,0,13.0,1.0,2.0,4.0,199.28,0
8.0,1,1,12.0,3,0,3.0,5,0,5,2,4,0,13.0,3.0,2.0,9.0,241.31,0
10.0,0,3,18.0,2,0,4.0,4,0,1,1,2,0,15.0,1.0,3.0,3.0,222.38,0
10.0,1,1,10.0,4,0,3.0,4,4,1,1,7,0,23.0,1.0,2.0,1.0,153.35,0
17.0,0,3,32.0,4,1,4.0,4,1,1,1,3,1,15.0,2.0,5.0,11.0,291.97,0
4.0,0,1,30.0,4,1,4.0,5,4,3,1,3,0,23.0,1.0,2.0,10.0,151.13,0
7.0,0,3,29.0,5,1,4.0,4,2,4,1,2,0,14.0,1.0,2.0,8.0,186.46,0
20.0,1,1,21.0,4,0,4.0,4,4,4,1,10,1,19.0,4.0,5.0,4.0,174.63,1
25.0,1,1,13.0,4,1,3.0,4,5,3,2,9,0,15.0,6.0,9.0,11.0,291.97,0
1.0,1,3,13.0,4,1,4.0,5,2,3,1,6,1,19.0,1.0,8.0,8.0,186.72,1
1.0,2,1,13.0,6,0,3.0,5,4,4,1,3,0,20.0,3.0,5.0,4.0,148.68,0
21.0,1,1,30.0,3,0,4.0,4,0,1,1,3,0,13.0,6.0,9.0,3.0,228.12,1
1.0,2,3,29.0,5,1,3.0,4,4,3,2,3,1,20.0,2.0,2.0,1.0,141.75,1
1.0,1,1,9.0,1,1,4.0,4,4,1,1,2,0,15.0,3.0,3.0,2.0,150.23,0
23.0,1,1,27.0,3,0,4.0,4,2,5,1,3,0,15.0,6.0,6.0,11.0,190.67,0
17.0,0,1,32.0,3,0,4.0,2,4,3,2,6,0,13.0,1.0,2.0,3.0,172.39,0
24.0,0,3,19.0,5,0,4.0,4,0,1,2,6,0,12.0,2.0,3.0,3.0,217.08,0
1.0,1,3,27.0,4,0,4.0,5,2,3,1,5,1,12.0,1.0,3.0,3.0,170.59,1
15.0,1,3,16.0,4,1,4.0,4,0,3,1,5,1,14.0,1.0,2.0,8.0,206.89,0
1.0,1,2,32.0,4,0,4.0,4,4,3,1,3,0,23.0,3.0,6.0,8.0,154.42,0
10.0,1,1,13.0,3,1,3.0,4,2,4,1,8,0,21.0,1.0,2.0,2.0,174.41,0
15.0,0,1,15.0,4,1,3.0,5,0,1,2,4,0,16.0,2.0,2.0,4.0,231.5,1
13.0,1,3,11.0,4,0,3.0,5,2,3,1,6,0,15.0,6.0,6.0,10.0,184.02,0
1.0,1,3,32.0,4,1,3.0,5,2,3,1,4,0,19.0,2.0,3.0,3.0,211.39,0
4.0,1,2,16.0,6,1,3.0,4,2,1,1,2,1,20.0,5.0,5.0,8.0,188.47,0
1.0,1,1,16.0,3,0,3.0,4,4,5,2,9,0,23.0,2.0,2.0,5.0,167.0,1
19.0,1,1,32.0,3,1,3.0,4,4,1,2,7,0,14.0,2.0,2.0,4.0,159.52,0
12.0,1,1,10.0,1,0,3.0,4,2,3,2,5,1,21.0,3.0,3.0,3.0,168.17,0
4.0,1,1,25.0,4,0,4.0,4,4,3,2,3,0,15.0,2.0,2.0,5.0,151.32,0
6.0,0,3,16.0,3,1,3.0,5,2,1,1,2,0,18.0,1.0,2.0,8.0,171.68,0
4.0,1,1,12.0,1,0,3.0,4,4,5,1,7,0,15.0,1.0,3.0,11.0,157.04,0
4.0,1,1,9.0,3,1,3.0,5,4,1,2,2,0,14.0,1.0,2.0,3.0,152.2,0
15.0,0,1,17.0,4,1,4.0,5,1,5,1,6,0,15.0,3.0,8.0,8.0,291.97,0
15.0,2,1,16.0,4,1,4.0,4,4,5,1,4,0,22.0,1.0,2.0,5.0,147.38,0
1.0,2,1,10.0,3,0,4.0,4,4,4,2,3,0,15.0,2.0,2.0,1.0,139.83,0
14.0,0,1,32.0,3,0,3.0,4,2,4,1,3,0,12.0,1.0,3.0,11.0,181.05,0
9.0,1,3,7.0,5,1,4.0,4,0,4,1,3,0,14.0,1.0,2.0,7.0,197.95,0
27.0,2,3,13.0,5,1,3.0,4,2,3,1,4,1,21.0,1.0,5.0,6.0,148.06,0
19.0,2,1,16.0,4,1,3.0,4,2,4,1,10,0,19.0,2.0,2.0,11.0,148.48,0
6.0,0,3,15.0,5,0,3.0,4,0,1,2,3,0,15.0,3.0,4.0,3.0,214.98,0
3.0,0,1,7.0,1,1,3.0,4,2,3,1,3,0,14.0,1.0,2.0,10.0,168.19,0
25.0,1,1,14.0,3,1,3.0,5,2,3,1,4,0,18.0,2.0,2.0,1.0,186.32,0
27.0,1,1,16.0,3,0,4.0,5,4,4,1,6,1,21.0,2.0,2.0,1.0,158.46,0
14.0,1,3,11.0,5,1,4.0,5,0,1,1,9,0,12.0,2.0,2.0,11.0,233.55,0
8.0,0,3,9.0,5,0,4.0,4,4,3,1,8,0,19.0,1.0,2.0,3.0,147.31,0
1.0,2,1,26.0,3,1,4.0,4,4,1,1,3,0,23.0,3.0,3.0,3.0,148.23,0
1.0,0,1,16.0,3,1,3.0,4,4,4,1,8,0,19.0,3.0,3.0,3.0,145.24,0
2.0,1,1,28.0,3,1,3.0,4,4,1,1,3,0,12.0,1.0,2.0,3.0,152.13,0
27.0,1,1,31.0,4,1,3.0,2,0,1,1,5,1,17.0,2.0,2.0,3.0,219.39,0
1.0,0,1,10.0,3,1,4.0,5,4,3,1,3,1,16.0,1.0,2.0,2.0,150.66,0
24.0,1,1,18.0,4,0,3.0,4,5,4,2,5,0,16.0,1.0,5.0,5.0,291.97,0
15.0,1,1,21.0,4,1,3.0,4,4,3,1,6,0,13.0,2.0,2.0,9.0,149.51,0
4.0,1,3,12.0,4,0,3.0,4,0,1,1,4,0,13.0,2.0,8.0,3.0,219.19,0
12.0,1,3,7.0,4,0,3.0,5,2,1,2,6,0,23.0,1.0,2.0,3.0,211.86,0
6.0,1,1,13.0,4,1,3.0,4,4,3,2,5,0,21.0,1.0,2.0,5.0,155.38,0
1.0,1,1,24.0,1,1,3.0,4,4,4,1,2,1,17.0,1.0,2.0,2.0,155.58,0
1.0,0,3,7.0,1,0,4.0,5,4,5,2,2,0,22.0,2.0,2.0,1.0,148.25,1
10.0,0,1,10.0,3,1,2.0,4,4,4,2,6,0,13.0,3.0,8.0,3.0,145.88,0
4.0,0,1,16.0,3,1,4.0,4,2,5,1,3,0,12.0,6.0,7.0,11.0,155.72,0
19.0,1,3,11.0,4,0,2.0,4,2,5,1,6,1,12.0,1.0,2.0,4.0,175.06,0
27.0,1,1,15.0,4,0,4.0,4,4,5,1,6,1,19.0,3.0,3.0,3.0,167.57,0
7.0,1,1,9.0,4,1,3.0,4,4,1,2,2,0,15.0,2.0,2.0,3.0,150.0,0
1.0,2,1,9.0,4,1,3.0,5,4,1,2,3,0,23.0,2.0,2.0,1.0,136.02,1
20.0,1,3,7.0,5,0,4.0,4,0,5,1,3,0,23.0,6.0,9.0,3.0,229.53,0
12.0,2,1,16.0,4,0,4.0,4,4,1,2,3,0,13.0,2.0,3.0,2.0,147.88,0
5.0,1,1,19.0,3,0,4.0,4,4,1,1,10,1,23.0,2.0,2.0,3.0,164.29,0
8.0,2,1,32.0,3,0,4.0,4,4,4,2,4,0,16.0,1.0,2.0,3.0,148.11,0
5.0,1,3,27.0,5,0,4.0,4,4,4,2,3,1,23.0,1.0,2.0,3.0,156.4,1
24.0,1,1,7.0,3,1,3.0,5,4,3,1,4,0,16.0,2.0,2.0,3.0,161.9,0
27.0,1,1,20.0,3,0,3.0,2,2,5,1,3,0,12.0,2.0,2.0,4.0,169.5,0
7.0,1,1,21.0,3,0,4.0,4,4,4,1,3,0,14.0,2.0,2.0,7.0,152.56,0
14.0,1,1,11.0,3,0,3.0,4,5,3,1,3,0,15.0,2.0,9.0,10.0,291.97,0
27.0,1,1,21.0,3,1,4.0,2,5,4,2,10,0,15.0,3.0,3.0,11.0,291.97,0
8.0,0,1,9.0,4,1,3.0,5,2,3,1,3,0,18.0,1.0,2.0,3.0,220.47,0
25.0,1,1,10.0,3,0,4.0,4,1,4,2,5,0,19.0,1.0,2.0,1.0,262.34,0
26.0,1,1,7.0,4,1,4.0,5,5,3,1,2,0,15.0,6.0,9.0,10.0,291.97,0
1.0,2,1,16.0,3,0,4.0,4,4,4,2,3,0,17.0,1.0,2.0,4.0,147.79,0
1.0,1,1,30.0,4,1,3.0,5,2,3,1,5,1,14.0,2.0,2.0,2.0,184.16,1
17.0,0,1,14.0,3,1,3.0,2,4,1,1,6,0,15.0,2.0,3.0,3.0,145.89,0
19.0,0,1,9.0,3,1,4.0,5,1,1,1,10,0,15.0,2.0,9.0,9.0,291.97,0
11.0,1,1,28.0,4,1,4.0,2,4,5,1,3,1,13.0,2.0,2.0,8.0,160.64,0
9.0,0,1,9.0,3,0,3.0,4,2,4,2,7,0,12.0,1.0,2.0,3.0,169.25,0
16.0,0,1,28.0,3,0,3.0,4,2,3,1,4,0,17.0,1.0,2.0,3.0,177.65,0
12.0,1,1,9.0,4,1,3.0,4,2,3,1,10,0,15.0,2.0,2.0,1.0,190.53,0
12.0,1,1,32.0,1,1,3.0,4,2,1,1,5,0,19.0,1.0,2.0,8.0,187.61,0
1.0,0,1,7.0,1,1,3.0,5,2,5,1,7,0,20.0,3.0,3.0,1.0,167.98,0
23.0,0,1,25.0,4,1,4.0,4,2,1,1,3,1,16.0,1.0,2.0,8.0,193.04,0
8.0,0,1,17.0,3,1,3.0,4,4,3,1,3,1,18.0,3.0,3.0,1.0,163.15,0
14.0,1,1,26.0,3,1,2.0,4,2,1,1,10,1,16.0,4.0,4.0,8.0,152.41,0
2.0,1,1,32.0,3,1,4.0,4,2,5,1,9,1,20.0,2.0,2.0,1.0,191.73,1
1.0,1,3,32.0,5,0,3.0,4,0,1,1,3,0,23.0,1.0,2.0,10.0,201.39,1
1.0,2,1,12.0,4,1,3.0,2,4,4,1,3,1,17.0,3.0,3.0,3.0,148.28,0
10.0,0,1,25.0,3,0,4.0,4,4,1,2,3,0,14.0,1.0,2.0,8.0,146.53,0
14.0,0,1,16.0,4,1,4.0,5,2,1,1,10,0,15.0,1.0,2.0,3.0,173.76,0
20.0,1,1,7.0,3,1,4.0,4,0,5,1,9,0,17.0,1.0,2.0,3.0,218.96,0
1.0,1,3,11.0,3,1,3.0,5,0,1,1,3,0,12.0,6.0,9.0,3.0,229.0,1
4.0,0,1,7.0,4,1,3.0,5,0,3,2,3,0,23.0,5.0,6.0,3.0,209.74,0
1.0,0,3,27.0,4,0,3.0,4,2,3,2,3,0,15.0,2.0,2.0,3.0,224.81,0
25.0,1,1,15.0,4,1,3.0,5,0,4,1,7,0,17.0,3.0,2.0,8.0,249.89999999999998,0
1.0,1,1,10.0,1,0,3.0,4,4,5,2,7,1,12.0,1.0,2.0,5.0,151.57,1
15.0,1,3,13.0,4,0,4.0,4,0,1,2,5,1,19.0,1.0,2.0,1.0,260.91,0
1.0,0,3,32.0,5,0,3.0,5,2,5,2,7,0,16.0,2.0,2.0,2.0,191.96,1
1.0,2,1,7.0,1,1,3.0,4,4,3,2,2,0,15.0,1.0,2.0,6.0,145.58,1
19.0,0,3,13.0,3,0,3.0,5,0,1,2,8,0,13.0,6.0,9.0,3.0,213.65,0
27.0,1,3,10.0,5,0,3.0,4,2,5,1,4,0,15.0,2.0,2.0,6.0,184.4,0
10.0,1,1,12.0,4,1,4.0,4,2,4,2,10,0,17.0,3.0,4.0,8.0,184.14,0
7.0,1,1,11.0,3,0,3.0,5,4,4,1,8,0,22.0,1.0,2.0,2.0,151.22,0
11.0,0,1,18.0,6,1,3.0,4,0,1,1,3,1,15.0,2.0,2.0,8.0,246.85000000000002,0
12.0,1,3,10.0,4,1,4.0,4,0,3,1,2,0,13.0,2.0,6.0,3.0,231.08999999999997,0
5.0,0,1,7.0,3,1,3.0,5,2,3,1,2,0,13.0,1.0,2.0,5.0,168.45,0
27.0,2,1,10.0,4,1,4.0,5,4,1,1,5,0,18.0,1.0,2.0,1.0,146.77,0
11.0,0,3,11.0,5,1,3.0,4,4,1,1,6,0,18.0,4.0,6.0,9.0,152.93,0
3.0,0,3,7.0,3,0,3.0,4,0,1,1,3,0,15.0,5.0,5.0,2.0,204.18,0
9.0,0,3,7.0,5,0,4.0,4,0,3,2,3,0,15.0,2.0,2.0,3.0,212.89,0
1.0,2,1,25.0,3,1,3.0,5,4,1,2,3,1,14.0,1.0,2.0,2.0,148.89,1
26.0,1,1,9.0,4,0,3.0,5,4,1,2,9,0,16.0,3.0,3.0,3.0,157.12,0
16.0,1,1,11.0,2,1,3.0,4,5,1,1,3,0,15.0,1.0,9.0,11.0,291.97,0
27.0,2,2,13.0,3,1,3.0,4,4,3,1,10,0,18.0,1.0,3.0,3.0,147.67,0
24.0,1,3,7.0,3,0,4.0,4,5,1,1,5,0,15.0,2.0,2.0,7.0,291.97,0
1.0,2,1,21.0,3,1,3.0,4,4,1,1,7,1,14.0,2.0,2.0,5.0,149.36,1
17.0,1,3,23.0,5,0,4.0,4,1,1,1,7,1,23.0,1.0,2.0,10.0,285.64,0
1.0,1,1,9.0,4,0,3.0,4,4,5,1,9,0,21.0,2.0,2.0,8.0,152.07,1
26.0,0,3,9.0,4,1,4.0,5,5,3,2,3,1,15.0,2.0,9.0,11.0,291.97,0
6.0,1,3,11.0,4,0,3.0,4,4,4,1,4,0,12.0,2.0,2.0,3.0,164.31,0
1.0,1,1,7.0,4,1,4.0,5,4,3,2,2,1,15.0,1.0,2.0,3.0,162.3,1
13.0,2,1,7.0,3,0,4.0,4,4,3,1,9,0,15.0,2.0,2.0,3.0,147.32,0
6.0,0,3,32.0,5,1,4.0,4,2,1,1,2,0,19.0,3.0,3.0,3.0,169.65,0
15.0,1,1,26.0,4,1,3.0,4,2,5,1,4,0,17.0,1.0,2.0,1.0,155.72,0
14.0,1,1,31.0,1,1,4.0,4,2,1,1,3,0,18.0,3.0,5.0,8.0,158.19,0
19.0,1,1,7.0,6,1,4.0,2,5,1,1,2,0,15.0,2.0,2.0,8.0,291.97,0
5.0,0,1,10.0,3,1,4.0,4,0,3,1,10,0,13.0,1.0,3.0,3.0,261.75,0
7.0,1,1,12.0,4,0,4.0,5,4,1,1,3,0,14.0,1.0,2.0,3.0,154.11,0
8.0,1,1,9.0,4,1,3.0,5,2,5,1,8,0,14.0,1.0,6.0,10.0,184.57,0
11.0,1,1,7.0,3,0,3.0,5,4,5,1,4,0,15.0,1.0,2.0,3.0,164.2,0
19.0,0,1,14.0,4,1,4.0,2,2,3,1,6,0,18.0,2.0,2.0,3.0,189.34,0
1.0,0,1,17.0,3,1,4.0,4,0,3,1,8,0,12.0,1.0,2.0,3.0,225.48,1
13.0,0,1,9.0,2,0,4.0,4,0,3,2,2,0,23.0,6.0,2.0,9.0,234.38,0
3.0,2,1,22.0,4,1,3.0,4,4,1,2,3,0,20.0,2.0,2.0,6.0,148.4,0
16.0,1,1,24.0,4,0,3.0,2,2,5,2,5,1,14.0,2.0,2.0,3.0,190.45,0
3.0,1,3,27.0,5,1,3.0,4,2,1,1,4,0,15.0,2.0,2.0,3.0,194.31,0
1.0,1,1,7.0,4,0,4.0,4,2,3,1,2,0,13.0,2.0,2.0,3.0,173.98,0
16.0,1,1,9.0,3,0,3.0,5,4,5,1,2,1,12.0,6.0,8.0,9.0,150.93,0
14.0,1,1,9.0,3,1,3.0,4,5,3,1,2,0,15.0,4.0,4.0,10.0,291.97,0
25.0,1,1,7.0,4,1,4.0,4,4,1,1,3,0,12.0,2.0,2.0,1.0,152.23,0
1.0,0,1,32.0,3,1,4.0,5,4,4,2,2,0,12.0,1.0,2.0,5.0,159.79,1
6.0,0,1,14.0,4,1,4.0,2,4,4,1,3,0,21.0,1.0,2.0,4.0,152.94,0
12.0,0,3,9.0,4,1,3.0,5,2,1,1,5,0,19.0,2.0,8.0,6.0,177.49,0
6.0,2,1,9.0,1,1,3.0,5,2,5,2,6,0,14.0,1.0,2.0,5.0,146.76,0
20.0,1,3,9.0,2,0,4.0,5,1,4,1,5,1,15.0,6.0,8.0,8.0,291.97,0
1.0,1,1,9.0,4,1,4.0,4,4,3,2,4,0,12.0,1.0,2.0,1.0,159.85,1
3.0,1,3,9.0,3,1,4.0,5,2,4,1,4,0,20.0,2.0,2.0,1.0,191.44,0
5.0,1,1,30.0,3,1,4.0,5,2,1,1,2,0,22.0,1.0,8.0,9.0,180.82,0
1.0,0,1,12.0,4,1,3.0,2,2,5,1,3,0,13.0,2.0,2.0,6.0,165.0,0
19.0,1,1,27.0,3,1,4.0,4,1,1,1,2,1,15.0,3.0,2.0,11.0,259.96,0
10.0,1,1,13.0,4,1,3.0,4,4,1,1,2,0,12.0,2.0,9.0,11.0,157.1,0
27.0,1,1,7.0,3,1,3.0,4,5,5,2,2,1,15.0,4.0,5.0,11.0,291.97,0
11.0,0,1,32.0,4,1,3.0,4,0,4,1,3,1,13.0,5.0,2.0,10.0,243.49,1
2.0,2,1,16.0,3,1,4.0,4,4,1,1,3,0,23.0,2.0,2.0,5.0,145.7,0
11.0,1,3,13.0,3,1,4.0,4,2,1,1,6,0,15.0,2.0,2.0,2.0,190.02,0
1.0,1,1,10.0,3,1,4.0,5,4,3,2,3,0,18.0,2.0,2.0,1.0,157.3,0
11.0,0,1,7.0,3,0,4.0,4,0,1,1,4,1,19.0,1.0,2.0,3.0,261.03,0
9.0,1,1,29.0,4,0,4.0,2,0,4,1,9,0,19.0,6.0,2.0,3.0,244.95999999999998,0
12.0,1,3,14.0,3,0,3.0,2,2,5,1,3,1,23.0,5.0,8.0,8.0,181.05,0
1.0,0,1,7.0,4,0,3.0,4,2,4,1,3,0,21.0,2.0,2.0,5.0,188.97,0
24.0,1,1,11.0,4,1,4.0,4,5,4,1,5,0,15.0,1.0,2.0,7.0,291.97,0
27.0,1,1,10.0,3,1,3.0,4,1,3,1,5,1,15.0,2.0,2.0,4.0,291.97,0
16.0,1,3,7.0,4,1,2.0,4,2,3,1,3,0,23.0,6.0,9.0,7.0,174.07,0
3.0,0,3,9.0,4,1,3.0,4,2,1,2,3,0,19.0,1.0,2.0,10.0,170.54,0
27.0,1,1,27.0,1,1,3.0,4,2,1,1,5,1,20.0,1.0,2.0,9.0,179.15,0
1.0,0,1,18.0,3,1,3.0,4,2,5,1,3,1,14.0,2.0,4.0,4.0,172.41,0
11.0,2,1,7.0,4,0,3.0,4,4,1,2,3,0,13.0,2.0,6.0,8.0,146.15,0
8.0,0,1,31.0,4,1,3.0,4,4,3,1,5,1,23.0,1.0,2.0,1.0,156.61,1
12.0,1,1,30.0,4,1,3.0,4,2,1,1,10,0,15.0,1.0,2.0,3.0,182.45,0
1.0,2,1,23.0,3,1,3.0,4,4,4,1,4,1,14.0,2.0,2.0,3.0,148.73,1
2.0,1,1,15.0,4,0,4.0,4,4,1,2,3,0,22.0,2.0,2.0,3.0,158.1,0
23.0,0,1,17.0,4,0,3.0,4,5,5,2,10,1,15.0,1.0,2.0,3.0,291.97,0
10.0,1,1,10.0,1,1,2.0,4,2,4,2,6,0,13.0,3.0,8.0,8.0,169.85,0
5.0,0,3,12.0,5,0,3.0,4,4,4,1,3,0,12.0,1.0,3.0,3.0,152.89,0
1.0,1,3,11.0,5,1,3.0,5,2,1,2,3,1,13.0,5.0,8.0,5.0,183.28,1
11.0,0,1,16.0,3,1,3.0,4,4,1,1,3,1,13.0,1.0,2.0,3.0,148.26,0
16.0,0,3,32.0,5,0,4.0,4,1,4,1,7,0,15.0,4.0,2.0,9.0,260.25,0
1.0,2,1,10.0,4,1,3.0,4,4,3,2,3,0,14.0,2.0,2.0,1.0,139.2,1
9.0,1,3,23.0,5,1,4.0,4,0,4,1,2,0,16.0,4.0,7.0,10.0,205.2,0
10.0,0,1,25.0,4,1,3.0,2,4,1,1,6,0,19.0,2.0,2.0,1.0,161.88,0
25.0,1,1,9.0,3,1,3.0,5,2,4,1,7,0,19.0,1.0,2.0,3.0,179.82,0
15.0,1,3,9.0,4,1,3.0,4,1,4,2,3,0,20.0,1.0,2.0,5.0,285.15,0
1.0,2,3,17.0,3,0,4.0,5,4,3,2,3,0,13.0,1.0,2.0,1.0,137.0,0
2.0,1,1,23.0,3,1,4.0,2,2,5,2,2,0,20.0,1.0,2.0,8.0,181.61,0
5.0,1,3,14.0,2,1,4.0,2,2,1,1,6,0,12.0,4.0,8.0,8.0,194.29,0
13.0,1,1,7.0,3,1,3.0,2,0,1,1,2,0,18.0,2.0,4.0,3.0,221.13,0
10.0,0,1,31.0,4,0,3.0,4,2,4,1,9,0,16.0,2.0,2.0,9.0,181.74,0
6.0,1,3,14.0,4,1,4.0,5,2,3,1,3,0,15.0,4.0,5.0,9.0,179.84,0
12.0,1,1,32.0,4,0,3.0,5,0,4,1,5,0,18.0,1.0,2.0,2.0,245.61,0
27.0,0,1,7.0,4,1,3.0,5,2,3,1,4,1,14.0,2.0,2.0,3.0,181.6,0
5.0,1,1,12.0,1,1,3.0,4,4,1,1,2,1,13.0,2.0,2.0,4.0,173.21,0
5.0,1,2,9.0,6,1,4.0,5,2,5,1,5,0,13.0,1.0,2.0,1.0,189.1,0
19.0,0,1,14.0,4,1,4.0,4,0,5,1,3,0,19.0,3.0,9.0,11.0,177.1,0
5.0,1,1,9.0,4,1,3.0,4,4,1,1,2,1,19.0,3.0,3.0,3.0,151.95,0
7.0,0,1,12.0,4,0,4.0,4,0,4,1,8,0,12.0,6.0,2.0,9.0,243.77999999999997,0
1.0,1,1,17.0,3,1,4.0,4,1,5,1,3,1,15.0,2.0,9.0,11.0,291.97,0
17.0,0,1,17.0,4,0,3.0,4,4,1,2,2,0,20.0,1.0,2.0,8.0,149.55,0
23.0,1,1,7.0,2,0,3.0,5,1,3,2,9,1,13.0,1.0,2.0,8.0,264.64,0
16.0,1,1,15.0,3,1,3.0,5,2,4,1,4,0,16.0,6.0,8.0,8.0,174.41,1
1.0,1,1,12.0,4,0,3.0,4,4,4,2,3,1,13.0,1.0,2.0,3.0,149.78,0
6.0,1,3,15.0,1,0,4.0,5,2,4,1,3,1,12.0,6.0,9.0,10.0,177.28,0
1.0,1,3,9.0,4,1,4.0,4,2,3,2,3,1,12.0,1.0,2.0,5.0,169.78,0
5.0,1,3,14.0,5,1,4.0,4,2,1,1,6,0,13.0,1.0,2.0,8.0,200.47,0
6.0,1,1,9.0,3,0,4.0,2,2,1,2,9,0,17.0,1.0,2.0,8.0,175.55,0
1.0,1,1,9.0,3,1,3.0,5,4,1,1,7,1,14.0,2.0,3.0,3.0,159.64,1
4.0,1,1,32.0,3,0,4.0,4,2,1,1,3,0,14.0,2.0,2.0,10.0,182.75,0
5.0,0,1,14.0,4,0,3.0,5,0,3,1,3,0,23.0,6.0,9.0,3.0,214.43,0
13.0,0,1,14.0,3,1,3.0,5,5,1,1,3,0,15.0,6.0,9.0,4.0,291.97,0
3.0,1,3,10.0,3,0,3.0,4,2,3,1,6,1,19.0,2.0,2.0,1.0,177.38,1
7.0,0,3,17.0,5,1,3.0,5,2,1,2,5,0,15.0,2.0,2.0,2.0,171.82,0
21.0,1,1,12.0,4,1,3.0,4,5,3,1,6,0,15.0,2.0,2.0,2.0,291.97,0
17.0,0,1,17.0,4,0,3.0,5,2,3,1,3,0,12.0,2.0,2.0,1.0,177.57,0
1.0,0,3,7.0,5,1,4.0,4,2,4,1,2,1,14.0,1.0,2.0,5.0,188.49,0
27.0,0,1,27.0,4,0,3.0,4,2,3,2,5,0,13.0,1.0,2.0,4.0,173.69,0
17.0,1,1,14.0,4,0,3.0,4,0,5,1,10,0,17.0,2.0,2.0,3.0,224.85,0
19.0,1,1,15.0,6,1,4.0,4,2,1,1,10,0,15.0,6.0,9.0,9.0,161.97,0
14.0,1,3,7.0,3,1,3.0,5,2,1,1,4,1,23.0,2.0,2.0,3.0,199.57,0
1.0,2,1,15.0,6,1,4.0,5,4,5,1,3,1,12.0,1.0,2.0,8.0,146.19,1
3.0,1,1,16.0,6,1,2.0,5,4,1,2,2,0,18.0,2.0,3.0,3.0,164.83,0
4.0,1,3,12.0,5,0,2.0,5,2,3,1,3,0,14.0,2.0,2.0,3.0,186.18,0
1.0,1,3,15.0,5,0,3.0,4,2,4,1,3,0,19.0,1.0,2.0,8.0,187.14,0
11.0,1,1,12.0,3,1,4.0,4,2,1,1,9,0,17.0,2.0,2.0,5.0,188.47,0
12.0,1,1,22.0,4,1,4.0,5,0,1,1,2,1,15.0,3.0,2.0,10.0,240.10000000000002,0
5.0,1,1,14.0,3,0,3.0,4,0,1,2,3,1,15.0,5.0,5.0,11.0,196.43,0
3.0,1,3,17.0,5,0,3.0,5,2,4,1,3,1,15.0,2.0,2.0,8.0,207.68,0
9.0,1,1,12.0,2,1,4.0,4,0,4,2,2,0,14.0,2.0,2.0,11.0,205.95,0
1.0,1,1,32.0,4,1,3.0,4,4,1,1,3,0,13.0,1.0,2.0,3.0,154.04,0
15.0,1,1,13.0,3,1,4.0,5,2,4,2,8,1,16.0,2.0,2.0,3.0,185.32,0
21.0,0,3,11.0,3,1,4.0,4,2,3,2,5,0,20.0,1.0,2.0,1.0,154.76,0
16.0,1,1,30.0,4,0,3.0,4,1,1,2,4,0,15.0,1.0,2.0,1.0,284.92,0
3.0,0,3,9.0,4,1,4.0,4,2,3,1,3,0,15.0,2.0,2.0,3.0,171.49,0
16.0,1,2,9.0,1,1,3.0,4,4,3,1,2,1,12.0,2.0,2.0,1.0,151.96,0
6.0,2,1,9.0,3,0,4.0,4,4,4,1,3,0,14.0,1.0,2.0,8.0,148.7,0
22.0,1,3,32.0,3,0,4.0,4,0,3,1,5,0,22.0,1.0,2.0,1.0,250.04000000000002,0
11.0,1,1,13.0,3,1,3.0,2,2,5,1,6,1,14.0,6.0,7.0,8.0,184.74,0
4.0,0,3,32.0,1,0,3.0,4,2,3,1,9,1,13.0,3.0,3.0,3.0,172.36,0
1.0,1,3,7.0,4,1,3.0,4,2,3,1,3,0,18.0,1.0,8.0,8.0,177.96,0
16.0,1,1,9.0,6,1,4.0,5,2,1,2,5,0,23.0,2.0,2.0,1.0,192.81,0
1.0,0,3,7.0,1,0,4.0,5,4,4,2,3,1,12.0,2.0,2.0,3.0,146.74,1
10.0,0,3,7.0,3,0,3.0,4,2,1,2,6,0,16.0,2.0,2.0,1.0,191.53,0
10.0,0,3,10.0,3,1,3.0,5,0,1,1,6,0,12.0,1.0,2.0,3.0,221.99,0
27.0,1,1,7.0,3,1,3.0,4,2,3,1,4,0,12.0,1.0,2.0,3.0,192.55,0
14.0,2,1,17.0,4,0,3.0,2,4,3,1,5,1,14.0,1.0,2.0,8.0,147.13,0
1.0,0,3,16.0,3,1,3.0,4,4,1,2,3,0,23.0,3.0,3.0,3.0,151.1,0
1.0,1,3,12.0,5,0,3.0,4,4,3,2,3,1,14.0,1.0,2.0,1.0,153.51,1
11.0,1,1,17.0,3,0,4.0,4,4,5,1,8,0,21.0,2.0,2.0,4.0,159.52,0
20.0,0,1,14.0,3,0,2.0,4,2,3,1,4,0,15.0,2.0,2.0,1.0,177.58,0
5.0,0,3,11.0,5,1,3.0,4,2,4,2,3,0,19.0,5.0,8.0,3.0,218.55,1
24.0,1,1,17.0,2,1,4.0,5,0,1,2,8,0,16.0,2.0,2.0,3.0,229.96,0
4.0,1,3,29.0,5,1,4.0,5,2,3,1,4,1,13.0,2.0,2.0,1.0,188.8,1
5.0,1,1,16.0,4,1,3.0,5,4,4,2,2,1,17.0,3.0,3.0,3.0,151.57,0
1.0,1,3,19.0,4,0,3.0,2,4,4,2,3,0,16.0,1.0,2.0,1.0,152.16,1
3.0,2,1,30.0,4,1,3.0,4,4,1,2,10,0,17.0,1.0,2.0,3.0,147.01,0
9.0,1,1,16.0,4,1,4.0,5,2,4,2,10,0,20.0,1.0,2.0,1.0,190.4,0
1.0,1,1,7.0,3,1,3.0,4,4,4,1,3,0,12.0,1.0,2.0,5.0,163.16,0
2.0,1,3,16.0,4,1,4.0,4,2,1,2,3,0,17.0,2.0,2.0,8.0,177.53,0
23.0,1,1,14.0,6,1,3.0,5,0,3,2,10,0,23.0,2.0,2.0,1.0,234.64999999999998,0
25.0,1,3,21.0,4,0,3.0,4,2,1,1,6,0,12.0,2.0,2.0,8.0,174.36,0
10.0,1,1,9.0,4,0,4.0,4,4,3,1,6,0,14.0,3.0,3.0,3.0,150.43,0
1.0,0,3,26.0,5,1,4.0,2,2,1,2,10,1,14.0,1.0,2.0,5.0,178.04,1
27.0,1,1,9.0,4,0,4.0,4,1,1,2,4,1,14.0,1.0,2.0,3.0,291.59,0
1.0,1,3,17.0,5,0,4.0,4,2,3,1,3,1,13.0,1.0,2.0,4.0,167.6,0
4.0,1,3,9.0,1,1,4.0,4,4,4,1,3,0,19.0,2.0,2.0,1.0,149.76,0
1.0,0,1,10.0,1,1,4.0,4,4,5,2,2,0,23.0,1.0,2.0,5.0,156.02,1
1.0,2,1,18.0,3,0,3.0,4,4,4,1,3,0,14.0,2.0,2.0,3.0,147.44,0
10.0,1,3,9.0,3,1,4.0,5,0,3,1,3,0,14.0,6.0,9.0,1.0,200.96,0
1.0,0,1,11.0,1,1,3.0,4,4,1,2,10,1,23.0,2.0,2.0,1.0,147.85,1
11.0,1,1,21.0,4,0,4.0,4,4,5,1,3,0,13.0,6.0,9.0,11.0,155.34,0
14.0,1,3,9.0,5,0,3.0,4,2,4,1,9,0,13.0,1.0,2.0,4.0,182.15,0
16.0,1,1,7.0,4,0,4.0,4,4,5,1,5,0,17.0,1.0,2.0,3.0,150.76,0
11.0,1,1,17.0,4,1,3.0,4,2,4,2,4,1,13.0,1.0,2.0,2.0,166.97,0
17.0,1,1,19.0,4,1,3.0,5,1,4,1,3,0,12.0,1.0,4.0,10.0,268.36,0
14.0,1,1,9.0,3,0,4.0,5,2,3,1,8,0,23.0,2.0,2.0,1.0,159.48,0
27.0,1,1,12.0,3,1,3.0,4,5,5,1,6,0,15.0,2.0,2.0,3.0,291.97,0
8.0,0,3,11.0,5,0,4.0,4,2,3,1,10,0,16.0,1.0,2.0,3.0,190.38,0
5.0,1,1,14.0,3,0,3.0,4,2,5,1,3,0,13.0,4.0,4.0,11.0,168.06,0
17.0,0,1,28.0,3,1,4.0,4,4,1,1,9,0,21.0,2.0,2.0,3.0,147.58,0
17.0,1,1,15.0,6,0,4.0,4,2,3,1,6,1,15.0,2.0,2.0,3.0,170.22,0
1.0,1,3,11.0,4,0,4.0,5,2,1,2,3,1,12.0,1.0,2.0,4.0,169.87,0
11.0,0,1,32.0,3,0,4.0,4,2,3,1,5,1,16.0,5.0,9.0,8.0,169.49,0
5.0,2,1,7.0,4,1,4.0,5,4,5,1,3,0,13.0,4.0,4.0,3.0,147.18,0
13.0,0,1,7.0,4,1,3.0,4,5,3,1,3,1,15.0,1.0,2.0,7.0,291.97,0
27.0,0,3,13.0,4,0,3.0,2,1,5,1,10,0,12.0,6.0,2.0,8.0,257.12,0
4.0,1,3,19.0,1,0,3.0,4,2,3,2,2,0,12.0,4.0,5.0,5.0,190.77,0
15.0,1,3,7.0,5,1,3.0,2,0,5,1,3,0,17.0,2.0,2.0,8.0,208.92,0
2.0,1,1,24.0,3,1,4.0,4,2,5,1,3,0,13.0,1.0,2.0,9.0,170.58,0
1.0,1,1,10.0,3,1,4.0,4,4,5,1,7,0,14.0,2.0,2.0,3.0,165.31,1
26.0,1,1,10.0,3,1,3.0,5,0,3,1,4,1,15.0,2.0,2.0,5.0,204.69,0
19.0,1,1,17.0,4,1,4.0,4,4,1,1,5,0,22.0,1.0,2.0,3.0,151.54,0
26.0,1,1,11.0,4,0,2.0,4,1,1,1,4,0,14.0,1.0,2.0,5.0,290.55,0
16.0,0,1,32.0,4,0,4.0,4,2,3,1,4,0,12.0,2.0,2.0,3.0,170.56,0
4.0,1,1,9.0,4,0,3.0,5,2,1,2,4,0,21.0,2.0,2.0,3.0,185.91,0
27.0,1,1,14.0,4,0,3.0,4,5,5,1,7,0,15.0,2.0,9.0,11.0,291.97,0
20.0,1,1,25.0,3,0,3.0,4,2,3,1,4,0,15.0,2.0,2.0,9.0,173.1,0
16.0,0,1,32.0,1,0,3.0,5,2,1,1,2,0,12.0,1.0,2.0,5.0,170.23,0
1.0,1,3,7.0,1,0,4.0,4,4,4,2,3,1,17.0,1.0,2.0,5.0,157.02,1
1.0,0,3,13.0,5,0,3.0,5,4,3,1,2,0,17.0,1.0,2.0,1.0,148.51,1
12.0,0,1,9.0,4,1,3.0,4,4,1,1,3,1,23.0,2.0,2.0,1.0,142.02,0
14.0,1,3,9.0,4,0,4.0,4,5,3,1,2,0,15.0,2.0,2.0,11.0,291.97,0
1.0,1,1,30.0,4,0,3.0,4,4,1,1,3,0,23.0,1.0,2.0,3.0,153.86,0
4.0,0,1,10.0,4,1,3.0,4,4,1,1,6,0,16.0,2.0,2.0,5.0,145.97,0
3.0,1,1,10.0,3,1,4.0,5,0,3,1,3,0,19.0,1.0,2.0,8.0,244.35000000000002,0
1.0,1,1,32.0,1,0,4.0,5,4,4,1,7,0,17.0,2.0,2.0,2.0,150.46,1
1.0,1,2,9.0,1,1,3.0,5,4,1,2,3,0,13.0,1.0,2.0,1.0,150.64,1
4.0,0,3,29.0,6,0,4.0,4,0,5,1,2,0,12.0,4.0,8.0,9.0,209.12,0
27.0,1,3,32.0,5,1,3.0,5,1,1,1,5,0,13.0,1.0,2.0,1.0,266.18,0
24.0,1,1,32.0,4,1,3.0,5,1,3,1,2,0,15.0,6.0,9.0,8.0,291.97,0
4.0,0,1,9.0,3,0,3.0,4,4,1,2,2,0,15.0,2.0,7.0,8.0,150.64,0
27.0,0,3,32.0,5,0,4.0,5,0,5,1,6,0,20.0,4.0,9.0,3.0,227.66,0
21.0,1,1,9.0,3,0,4.0,4,2,1,1,7,0,14.0,1.0,2.0,5.0,175.7,0
20.0,1,1,9.0,4,1,3.0,4,1,3,1,8,0,15.0,2.0,2.0,2.0,291.97,0
9.0,1,1,29.0,4,1,3.0,5,4,3,2,2,0,16.0,2.0,5.0,4.0,167.3,0
27.0,1,1,6.0,4,0,3.0,4,2,3,2,9,0,12.0,1.0,2.0,1.0,162.8,0
8.0,1,1,9.0,4,1,4.0,5,4,3,1,5,0,13.0,4.0,6.0,8.0,152.68,0
6.0,1,3,17.0,5,0,4.0,5,0,1,1,4,1,20.0,1.0,2.0,3.0,215.71,0
5.0,1,1,16.0,4,1,3.0,4,0,4,1,3,0,23.0,1.0,2.0,9.0,231.48000000000002,0
1.0,1,1,22.0,3,1,3.0,4,0,3,1,9,1,13.0,1.0,8.0,8.0,261.1,1
1.0,1,1,17.0,3,1,3.0,5,4,1,1,9,0,14.0,1.0,2.0,4.0,159.08,1
4.0,1,3,14.0,5,1,3.0,4,4,4,2,2,0,15.0,1.0,2.0,3.0,154.83,0
9.0,1,1,23.0,4,1,4.0,4,0,3,1,6,1,13.0,1.0,2.0,1.0,201.32,0
1.0,0,1,27.0,4,1,4.0,4,0,3,1,5,0,13.0,2.0,2.0,3.0,223.24,1
1.0,0,2,30.0,6,0,3.0,4,0,5,1,10,1,16.0,2.0,2.0,3.0,224.5,1
16.0,0,1,12.0,6,1,4.0,4,4,3,1,6,0,18.0,1.0,3.0,1.0,145.93,0
10.0,0,3,17.0,3,1,3.0,4,0,1,2,3,0,15.0,6.0,9.0,3.0,224.8,0
1.0,0,1,11.0,1,1,4.0,5,4,3,2,7,0,17.0,1.0,2.0,3.0,163.94,1
22.0,1,3,9.0,5,0,3.0,4,2,1,1,4,0,15.0,6.0,7.0,8.0,165.51,0
27.0,1,3,25.0,4,0,3.0,4,1,4,2,5,0,15.0,2.0,8.0,9.0,291.97,0
15.0,0,3,17.0,4,1,3.0,4,2,1,2,9,0,15.0,1.0,2.0,11.0,187.3,0
9.0,1,3,7.0,5,1,3.0,4,2,3,1,10,0,12.0,1.0,7.0,10.0,172.17,0
14.0,1,1,13.0,4,0,4.0,4,1,3,2,9,0,16.0,5.0,2.0,11.0,257.37,0
13.0,0,1,15.0,4,0,3.0,4,4,3,1,3,0,12.0,2.0,2.0,8.0,162.55,0
5.0,1,3,9.0,4,1,4.0,4,2,1,2,6,1,14.0,2.0,2.0,6.0,190.82,0
16.0,1,1,31.0,3,1,3.0,4,0,5,1,3,1,22.0,6.0,6.0,9.0,199.06,0
19.0,1,3,9.0,6,1,4.0,4,2,4,1,2,0,20.0,4.0,4.0,8.0,173.05,0
1.0,0,2,24.0,4,0,3.0,4,4,3,1,2,1,12.0,1.0,2.0,1.0,152.41,1
3.0,1,1,26.0,1,1,3.0,4,2,1,1,6,0,13.0,2.0,2.0,3.0,167.62,0
7.0,1,1,7.0,3,0,4.0,2,1,3,1,6,0,20.0,1.0,2.0,6.0,286.84,0
5.0,1,3,14.0,4,1,3.0,5,0,1,1,10,0,22.0,2.0,2.0,2.0,240.57,0
1.0,0,3,12.0,5,1,4.0,4,4,4,2,3,1,15.0,2.0,2.0,1.0,143.78,1
14.0,0,3,32.0,6,1,3.0,5,0,5,1,5,0,16.0,1.0,2.0,2.0,234.32,0
15.0,0,1,9.0,6,0,4.0,5,2,3,2,4,1,18.0,1.0,2.0,8.0,193.11,0
1.0,1,3,32.0,3,1,3.0,4,2,3,1,7,0,13.0,1.0,2.0,1.0,168.06,0
9.0,1,3,7.0,3,0,4.0,4,2,3,2,3,0,17.0,2.0,2.0,4.0,173.59,0
8.0,1,3,28.0,4,1,4.0,2,2,1,2,3,0,13.0,1.0,6.0,8.0,178.37,0
1.0,2,1,31.0,1,1,4.0,5,4,1,2,3,1,19.0,1.0,2.0,1.0,148.4,1
11.0,1,1,7.0,2,0,3.0,4,0,1,2,6,0,18.0,2.0,2.0,3.0,199.91,0
20.0,0,1,25.0,3,0,3.0,4,0,3,1,7,0,12.0,1.0,2.0,3.0,230.27,0
15.0,1,3,9.0,4,0,4.0,4,1,5,1,9,0,17.0,1.0,9.0,9.0,290.95,0
11.0,0,3,16.0,3,1,4.0,4,0,4,1,3,0,14.0,2.0,8.0,3.0,213.34,0
26.0,1,1,13.0,1,1,4.0,4,2,5,1,5,1,13.0,3.0,7.0,10.0,180.77,0
1.0,0,3,18.0,6,1,3.0,2,2,3,1,10,0,13.0,2.0,2.0,3.0,172.07,1
1.0,0,3,31.0,3,1,3.0,4,4,1,1,2,0,14.0,2.0,3.0,2.0,149.0,0
12.0,1,1,17.0,3,0,4.0,4,2,3,1,5,0,20.0,1.0,2.0,3.0,223.24,0
11.0,1,1,7.0,4,0,4.0,4,2,4,1,8,0,13.0,5.0,5.0,4.0,189.47,0
23.0,1,1,25.0,4,1,3.0,5,5,3,1,3,1,15.0,2.0,2.0,10.0,291.97,0
1.0,1,1,30.0,3,1,3.0,2,4,1,1,3,1,12.0,1.0,2.0,5.0,152.25,0
1.0,1,3,32.0,5,1,4.0,4,2,4,1,3,0,21.0,1.0,2.0,5.0,187.72,0
1.0,2,1,24.0,6,1,4.0,5,4,4,1,3,0,22.0,2.0,2.0,1.0,146.27,0
24.0,0,2,10.0,3,1,4.0,4,5,4,1,3,0,15.0,2.0,9.0,8.0,291.97,0
1.0,2,3,20.0,3,1,3.0,4,4,3,1,3,0,12.0,2.0,2.0,7.0,145.96,0
1.0,0,1,14.0,4,0,3.0,4,4,3,1,3,1,17.0,1.0,2.0,3.0,153.86,1
1.0,0,3,19.0,4,1,4.0,5,4,5,1,3,0,19.0,2.0,2.0,1.0,145.33,1
8.0,1,1,7.0,4,1,3.0,5,4,1,1,3,1,14.0,2.0,2.0,4.0,161.22,0
1.0,1,3,20.0,3,1,3.0,4,2,5,1,4,0,18.0,1.0,2.0,3.0,167.33,1
9.0,1,1,32.0,6,1,3.0,5,2,1,2,6,0,15.0,2.0,2.0,3.0,161.81,0
5.0,1,3,13.0,3,1,4.0,2,2,1,1,6,0,23.0,6.0,6.0,8.0,179.6,0
1.0,2,1,13.0,3,0,4.0,5,4,3,1,2,0,13.0,1.0,2.0,4.0,146.87,0
11.0,1,3,9.0,5,1,4.0,4,2,3,1,6,1,12.0,1.0,2.0,3.0,221.02,0
1.0,1,1,7.0,4,0,3.0,5,4,4,2,3,0,14.0,1.0,2.0,1.0,153.36,0
16.0,1,1,9.0,4,0,3.0,4,2,1,1,3,0,14.0,1.0,3.0,3.0,165.89,0
17.0,1,1,13.0,6,1,3.0,5,1,1,1,6,1,15.0,1.0,2.0,1.0,291.27,0
12.0,1,1,7.0,4,0,3.0,4,4,5,2,5,0,18.0,1.0,2.0,1.0,151.19,0
17.0,0,1,16.0,3,1,4.0,4,2,3,1,5,1,14.0,2.0,5.0,8.0,181.79,0
22.0,1,1,7.0,4,0,3.0,5,1,5,1,9,0,12.0,1.0,2.0,3.0,279.02,0
18.0,1,2,7.0,4,0,3.0,5,2,3,2,6,0,12.0,2.0,2.0,3.0,184.85,0
8.0,1,3,21.0,1,0,3.0,4,4,3,1,3,1,19.0,2.0,2.0,7.0,150.79,0
1.0,1,3,9.0,5,1,3.0,4,4,5,1,2,0,12.0,2.0,2.0,3.0,155.41,1
1.0,1,3,29.0,1,1,3.0,4,4,3,2,3,0,12.0,1.0,2.0,3.0,159.47,0
18.0,1,1,10.0,6,1,3.0,4,5,1,1,6,1,15.0,1.0,2.0,2.0,291.97,0
1.0,1,1,13.0,3,1,4.0,4,4,3,1,2,0,21.0,2.0,3.0,3.0,152.73,0
7.0,1,3,15.0,5,1,3.0,4,2,3,1,2,0,13.0,1.0,2.0,3.0,196.04,0
6.0,1,1,16.0,4,0,4.0,4,2,1,1,3,1,13.0,2.0,2.0,6.0,188.22,0
4.0,0,1,10.0,3,0,4.0,4,4,3,1,3,0,21.0,2.0,2.0,1.0,145.83,0
27.0,1,3,7.0,3,0,3.0,4,2,5,2,9,0,21.0,5.0,9.0,11.0,208.81,0
8.0,1,1,7.0,4,1,3.0,4,4,1,1,3,0,13.0,2.0,9.0,9.0,151.91,0
9.0,0,3,32.0,4,0,4.0,4,2,5,1,4,0,15.0,1.0,2.0,1.0,167.86,1
1.0,1,1,13.0,4,0,4.0,4,4,1,1,3,1,14.0,1.0,2.0,3.0,123.02000000000001,0
11.0,1,1,10.0,6,1,3.0,4,0,3,1,3,0,16.0,6.0,8.0,3.0,219.34,0
3.0,1,3,10.0,3,0,4.0,4,2,3,1,3,0,15.0,1.0,2.0,3.0,180.61,0
9.0,1,1,13.0,4,1,3.0,5,2,1,2,3,0,14.0,1.0,9.0,9.0,191.46,0
7.0,0,1,13.0,4,1,2.0,4,2,1,1,5,0,23.0,4.0,5.0,8.0,202.25,0
27.0,1,2,26.0,3,1,3.0,4,0,4,1,4,0,16.0,3.0,2.0,2.0,232.25,0
10.0,1,1,16.0,3,1,3.0,5,2,4,1,4,1,12.0,1.0,2.0,3.0,213.47,0
1.0,2,1,10.0,3,1,3.0,5,4,1,2,2,0,14.0,2.0,2.0,2.0,145.45,0
1.0,2,1,17.0,3,1,3.0,4,3,3,2,3,1,12.0,2.0,2.0,2.0,135.09,1
1.0,0,1,10.0,4,1,4.0,4,4,5,2,3,1,12.0,6.0,9.0,8.0,158.48,1
9.0,0,1,10.0,4,1,3.0,5,4,3,1,3,0,19.0,2.0,2.0,1.0,137.81,0
1.0,1,1,11.0,3,1,3.0,2,4,5,1,4,0,17.0,1.0,2.0,3.0,153.19,0
1.0,1,3,15.0,4,1,3.0,2,2,4,1,2,0,23.0,2.0,2.0,3.0,173.51,0
12.0,1,3,14.0,5,0,3.0,5,2,1,2,2,0,21.0,2.0,2.0,6.0,165.28,0
3.0,0,1,7.0,4,1,4.0,5,4,1,1,3,0,19.0,1.0,3.0,9.0,152.2,0
22.0,1,3,9.0,5,1,3.0,2,2,4,1,5,0,13.0,1.0,3.0,3.0,206.2,0
1.0,0,3,10.0,3,0,4.0,2,2,1,1,3,1,21.0,2.0,2.0,5.0,171.47,0
11.0,1,1,17.0,4,1,4.0,2,4,1,2,5,0,18.0,2.0,2.0,1.0,171.8,0
24.0,1,1,32.0,3,1,4.0,2,4,3,1,3,1,12.0,1.0,4.0,9.0,157.21,0
8.0,1,1,16.0,3,0,3.0,5,0,4,2,3,0,15.0,5.0,8.0,3.0,211.21,0
1.0,1,3,10.0,4,0,4.0,4,2,3,2,10,0,15.0,2.0,3.0,1.0,170.77,1
13.0,1,1,9.0,1,0,4.0,5,2,3,2,3,0,12.0,2.0,9.0,11.0,170.53,0
6.0,1,3,17.0,5,1,3.0,4,2,1,2,3,0,13.0,2.0,2.0,9.0,178.96,0
14.0,0,3,15.0,2,1,3.0,4,2,3,1,5,1,15.0,1.0,2.0,4.0,192.96,1
12.0,1,1,7.0,4,0,3.0,2,2,1,2,2,0,14.0,1.0,2.0,9.0,201.25,0
1.0,1,1,7.0,4,0,4.0,4,0,5,1,3,0,12.0,1.0,2.0,8.0,199.12,0
6.0,1,1,10.0,4,0,3.0,4,0,1,2,5,0,16.0,6.0,2.0,8.0,236.58999999999997,0
21.0,1,3,21.0,5,1,3.0,4,2,5,2,4,0,13.0,2.0,2.0,8.0,174.6,0
14.0,0,3,12.0,4,1,3.0,5,0,5,1,7,1,22.0,1.0,2.0,3.0,229.75,0
27.0,1,1,14.0,4,1,3.0,2,1,3,1,5,0,20.0,1.0,2.0,4.0,273.14,0
15.0,1,2,17.0,6,1,4.0,5,5,1,1,5,0,15.0,4.0,9.0,7.0,291.97,0
27.0,1,3,23.0,5,1,3.0,4,2,5,2,10,0,15.0,3.0,3.0,3.0,179.05,0
1.0,0,1,17.0,4,1,3.0,4,0,5,1,3,0,22.0,1.0,2.0,3.0,212.93,0
15.0,1,2,7.0,6,1,3.0,5,5,3,1,3,0,15.0,2.0,3.0,11.0,291.97,0
24.0,1,3,15.0,5,1,3.0,4,4,4,1,9,0,16.0,1.0,3.0,3.0,163.75,0
1.0,2,1,7.0,4,0,4.0,5,4,4,2,9,1,14.0,2.0,4.0,8.0,147.16,1
10.0,0,1,15.0,4,0,4.0,2,0,5,1,10,0,15.0,1.0,2.0,6.0,242.13,0
12.0,1,1,7.0,4,0,3.0,4,0,3,2,6,1,15.0,1.0,2.0,1.0,203.61,0
18.0,0,1,31.0,3,1,3.0,5,4,3,2,4,0,15.0,1.0,2.0,5.0,162.08,0
21.0,0,3,10.0,3,0,3.0,4,1,3,1,10,1,13.0,1.0,9.0,11.0,262.7,0
4.0,1,3,32.0,5,1,4.0,4,2,1,1,9,0,23.0,3.0,8.0,8.0,178.04,0
3.0,1,3,17.0,4,1,4.0,4,4,3,2,3,0,12.0,2.0,2.0,1.0,151.42,0
6.0,0,1,26.0,3,1,3.0,2,4,3,1,8,1,13.0,1.0,3.0,3.0,152.59,1
17.0,0,3,22.0,4,1,3.0,5,2,1,1,5,0,19.0,2.0,3.0,3.0,193.04,0
8.0,1,1,15.0,3,0,4.0,4,2,3,2,5,0,12.0,1.0,5.0,4.0,186.42,0
1.0,1,1,16.0,3,1,3.0,4,4,5,1,3,0,15.0,2.0,2.0,3.0,150.0,0
13.0,1,2,10.0,6,0,3.0,2,2,4,1,10,0,16.0,1.0,4.0,7.0,188.89,0
27.0,1,1,16.0,3,1,3.0,4,1,1,1,9,0,12.0,1.0,2.0,2.0,236.02999999999997,0
14.0,2,1,9.0,3,0,3.0,5,4,1,2,2,1,21.0,1.0,3.0,4.0,148.42,0
1.0,1,1,14.0,3,0,3.0,5,2,5,2,10,0,20.0,2.0,2.0,8.0,193.11,0
3.0,2,3,17.0,5,1,3.0,4,4,4,1,3,0,15.0,3.0,3.0,3.0,147.97,0
27.0,2,1,13.0,4,1,3.0,4,2,1,2,4,0,18.0,3.0,3.0,3.0,149.5,0
9.0,0,1,9.0,4,0,4.0,4,2,5,1,4,0,12.0,2.0,2.0,1.0,175.93,0
6.0,0,1,31.0,4,1,4.0,4,2,1,1,3,0,16.0,2.0,5.0,8.0,178.09,0
12.0,1,1,9.0,3,1,4.0,4,4,3,1,8,1,14.0,1.0,2.0,2.0,155.57,0
8.0,1,1,15.0,4,0,3.0,4,2,5,1,5,0,15.0,2.0,2.0,1.0,176.21,0
26.0,1,3,10.0,5,1,3.0,5,1,5,1,3,0,15.0,2.0,2.0,11.0,291.97,0
1.0,1,1,7.0,6,1,4.0,4,4,1,2,3,1,14.0,6.0,8.0,9.0,151.86,1
1.0,1,3,32.0,3,0,3.0,4,2,1,2,3,0,23.0,1.0,2.0,5.0,186.8,0
19.0,1,3,9.0,1,1,3.0,5,2,3,2,2,0,14.0,2.0,4.0,2.0,191.32,0
1.0,1,1,17.0,3,1,4.0,2,4,3,2,3,0,19.0,1.0,2.0,3.0,160.05,0
11.0,0,3,32.0,4,0,4.0,2,2,3,2,6,1,13.0,1.0,2.0,4.0,188.97,1
8.0,1,3,9.0,6,1,3.0,4,2,1,2,3,0,23.0,1.0,2.0,5.0,187.74,0
19.0,1,1,9.0,3,1,4.0,4,5,5,1,7,1,14.0,2.0,2.0,5.0,291.97,1
10.0,0,3,15.0,4,1,4.0,5,0,5,2,3,0,16.0,1.0,2.0,10.0,200.87,0
26.0,0,1,26.0,3,1,3.0,4,4,1,1,2,0,19.0,2.0,2.0,3.0,167.58,0
1.0,0,1,7.0,4,0,4.0,5,4,1,1,5,0,15.0,3.0,3.0,1.0,168.64,0
3.0,1,1,32.0,3,0,4.0,4,2,3,1,6,0,13.0,1.0,2.0,2.0,168.35,0
1.0,1,3,15.0,1,1,3.0,5,2,5,2,8,0,18.0,1.0,2.0,3.0,178.26,1
8.0,1,1,7.0,4,0,4.0,2,4,1,2,4,0,17.0,2.0,2.0,4.0,157.8,0
27.0,1,1,26.0,3,0,4.0,4,2,5,1,10,1,12.0,1.0,2.0,5.0,179.85,0
1.0,0,3,15.0,5,1,3.0,4,2,1,1,2,0,20.0,2.0,2.0,2.0,168.42,0
11.0,1,1,17.0,4,0,3.0,4,4,5,1,2,1,14.0,5.0,5.0,4.0,152.82,0
12.0,0,1,9.0,4,0,4.0,2,2,5,2,8,1,13.0,1.0,5.0,11.0,184.8,0
8.0,1,1,9.0,3,0,3.0,5,4,5,2,3,0,12.0,2.0,2.0,4.0,168.81,0
9.0,1,3,15.0,4,0,4.0,4,4,1,1,3,0,17.0,2.0,2.0,3.0,150.72,0
4.0,1,1,7.0,4,1,3.0,5,4,3,1,5,0,22.0,2.0,2.0,3.0,163.33,0
14.0,0,1,9.0,3,0,3.0,2,2,4,1,3,0,23.0,1.0,4.0,8.0,167.44,0
8.0,1,3,15.0,4,0,4.0,4,2,5,1,7,0,18.0,2.0,2.0,3.0,190.0,0
16.0,0,1,15.0,4,1,4.0,4,5,1,1,3,0,15.0,6.0,9.0,10.0,291.97,0
1.0,2,1,13.0,4,1,4.0,2,4,5,1,3,1,22.0,1.0,2.0,1.0,141.01,1
1.0,0,1,16.0,4,1,3.0,5,4,4,1,3,0,12.0,1.0,2.0,1.0,151.94,0
26.0,1,1,18.0,4,0,3.0,4,2,3,1,10,0,21.0,2.0,2.0,5.0,156.49,0
24.0,1,1,9.0,3,1,4.0,4,1,3,1,7,0,15.0,1.0,2.0,4.0,291.97,0
1.0,2,1,7.0,4,0,3.0,5,4,5,1,3,1,12.0,1.0,2.0,1.0,148.19,1
7.0,1,1,14.0,3,1,3.0,4,0,3,1,2,0,12.0,2.0,2.0,8.0,241.91000000000003,0
1.0,1,3,23.0,5,0,4.0,4,2,5,2,7,0,16.0,2.0,2.0,3.0,178.24,1
21.0,1,1,9.0,6,0,3.0,4,1,1,1,3,1,15.0,4.0,4.0,1.0,291.97,0
10.0,1,1,7.0,6,0,3.0,4,2,4,1,2,0,16.0,2.0,2.0,6.0,177.28,0
3.0,1,1,30.0,4,1,3.0,2,4,3,1,3,0,23.0,2.0,2.0,8.0,152.0,0
21.0,1,1,9.0,4,1,3.0,4,5,4,2,9,1,15.0,6.0,9.0,9.0,291.97,1
9.0,1,1,7.0,4,0,3.0,2,4,3,2,5,0,14.0,3.0,3.0,3.0,150.06,0
16.0,1,1,7.0,4,0,3.0,5,2,1,1,10,1,14.0,1.0,2.0,3.0,185.62,0
1.0,1,1,9.0,3,1,3.0,4,4,3,2,8,0,18.0,3.0,3.0,2.0,168.82,1
10.0,2,2,20.0,6,1,3.0,4,4,4,1,6,0,14.0,2.0,2.0,5.0,146.43,0
6.0,1,1,11.0,4,0,4.0,5,2,3,1,3,0,13.0,6.0,7.0,9.0,186.62,0
14.0,0,1,23.0,3,1,3.0,5,2,3,2,8,0,15.0,1.0,2.0,1.0,175.94,0
4.0,1,1,9.0,3,0,3.0,5,2,1,2,7,1,23.0,2.0,2.0,1.0,193.77,0
19.0,2,1,9.0,4,0,4.0,5,4,3,2,3,0,15.0,2.0,2.0,1.0,147.74,0
16.0,1,1,32.0,4,1,4.0,4,2,4,1,3,0,14.0,6.0,8.0,9.0,169.34,0
12.0,0,1,19.0,4,1,2.0,5,2,5,1,4,0,16.0,2.0,2.0,3.0,187.88,0
8.0,0,1,23.0,4,0,4.0,5,4,1,2,3,0,17.0,2.0,2.0,4.0,150.53,0
13.0,1,3,18.0,5,0,3.0,4,0,1,1,3,0,19.0,1.0,8.0,8.0,201.54,1
19.0,1,3,9.0,3,1,3.0,4,2,1,2,6,0,17.0,2.0,8.0,4.0,176.6,1
17.0,1,1,21.0,4,1,4.0,4,1,5,1,8,0,15.0,2.0,2.0,1.0,291.97,0
1.0,1,1,12.0,2,1,3.0,5,0,1,1,3,1,17.0,2.0,2.0,9.0,253.07999999999998,0
9.0,1,1,14.0,6,1,3.0,4,0,3,2,5,0,22.0,1.0,2.0,3.0,227.21,0
2.0,1,3,9.0,5,0,3.0,4,2,4,1,3,1,21.0,6.0,8.0,6.0,172.79,0
8.0,1,2,10.0,6,1,3.0,4,4,1,1,2,0,20.0,2.0,2.0,3.0,162.37,0
1.0,0,1,12.0,3,0,3.0,5,4,3,1,3,1,15.0,1.0,2.0,8.0,148.66,1
1.0,0,1,10.0,3,1,3.0,4,4,1,1,3,0,12.0,1.0,2.0,1.0,142.06,0
25.0,1,3,32.0,5,0,4.0,4,1,3,1,4,0,15.0,1.0,5.0,11.0,288.07,0
18.0,1,1,11.0,3,1,3.0,4,2,4,2,10,0,13.0,2.0,3.0,4.0,184.33,0
1.0,1,1,9.0,3,1,4.0,2,4,5,2,9,0,14.0,1.0,2.0,2.0,159.24,0
7.0,1,3,7.0,3,1,3.0,2,2,5,1,3,0,23.0,1.0,2.0,9.0,165.37,0
9.0,1,1,32.0,3,0,3.0,5,4,5,2,3,0,12.0,1.0,2.0,2.0,150.59,0
10.0,1,3,7.0,4,1,3.0,4,2,1,1,3,1,15.0,4.0,5.0,11.0,187.01,0
6.0,1,3,20.0,4,1,4.0,4,2,1,1,4,0,12.0,1.0,2.0,4.0,169.03,0
4.0,0,1,12.0,4,1,4.0,5,4,1,1,10,0,13.0,1.0,2.0,4.0,162.61,0
27.0,1,3,14.0,5,0,4.0,5,0,1,1,9,1,19.0,1.0,2.0,5.0,234.33999999999997,0
19.0,1,3,16.0,5,1,4.0,4,0,5,1,6,1,13.0,1.0,2.0,3.0,232.61,0
6.0,1,1,15.0,3,0,4.0,2,2,3,1,7,0,13.0,2.0,2.0,4.0,176.75,0
26.0,0,1,32.0,3,0,3.0,5,1,1,1,5,0,23.0,1.0,2.0,1.0,263.26,0
11.0,1,3,23.0,5,1,4.0,5,2,3,1,6,0,20.0,2.0,2.0,1.0,188.34,0
2.0,1,2,15.0,3,1,4.0,5,4,1,1,3,0,14.0,2.0,2.0,5.0,174.36,0
1.0,1,1,7.0,4,1,3.0,5,2,1,1,8,0,23.0,3.0,3.0,3.0,172.75,0
18.0,1,1,15.0,4,1,4.0,2,4,1,1,4,1,23.0,2.0,2.0,3.0,153.18,0
16.0,0,1,9.0,3,1,3.0,4,4,1,2,7,1,15.0,2.0,3.0,3.0,150.15,0
10.0,2,2,15.0,4,1,4.0,5,4,5,1,2,0,22.0,1.0,2.0,4.0,148.42,0
1.0,1,3,10.0,6,1,4.0,4,2,5,1,3,1,19.0,1.0,2.0,4.0,166.94,0
9.0,1,1,16.0,4,0,4.0,5,0,3,1,3,1,21.0,4.0,2.0,11.0,231.85000000000002,0
1.0,0,1,32.0,4,0,4.0,4,4,4,1,3,1,20.0,6.0,8.0,9.0,145.22,1
6.0,0,1,7.0,4,1,4.0,4,4,1,1,2,0,13.0,2.0,2.0,3.0,148.14,0
1.0,1,3,11.0,5,1,3.0,5,2,5,1,3,0,13.0,2.0,2.0,4.0,167.56,0
23.0,1,1,7.0,1,0,3.0,4,4,5,1,4,0,17.0,1.0,2.0,3.0,160.8,0
1.0,0,1,11.0,4,1,3.0,5,4,1,1,2,0,18.0,1.0,4.0,5.0,156.62,0
6.0,0,3,12.0,4,1,3.0,4,2,4,1,3,0,15.0,3.0,6.0,4.0,190.24,0
12.0,1,3,16.0,5,1,4.0,5,4,4,1,2,0,20.0,1.0,2.0,3.0,153.99,0
16.0,1,1,10.0,4,0,4.0,2,2,1,1,4,1,14.0,2.0,2.0,4.0,177.31,0
5.0,2,1,18.0,4,1,3.0,4,4,1,1,5,1,20.0,1.0,2.0,3.0,148.56,0
1.0,1,3,7.0,3,0,3.0,5,4,3,1,8,1,20.0,2.0,2.0,3.0,153.0,1
27.0,1,3,15.0,5,1,4.0,4,1,1,1,7,0,15.0,3.0,2.0,3.0,243.36,0
9.0,1,1,32.0,2,1,4.0,5,0,4,1,5,0,17.0,3.0,2.0,9.0,234.02999999999997,0
11.0,0,3,28.0,3,0,3.0,4,4,1,1,7,0,16.0,2.0,2.0,1.0,154.73,0
27.0,1,1,30.0,4,0,4.0,4,1,1,2,8,0,19.0,1.0,4.0,9.0,267.75,0
17.0,0,1,7.0,4,0,3.0,4,2,1,1,6,0,14.0,2.0,3.0,3.0,180.62,0
21.0,1,3,9.0,5,0,3.0,4,2,1,1,2,1,23.0,4.0,8.0,8.0,170.37,0
11.0,0,3,26.0,3,1,3.0,4,0,4,2,3,1,14.0,1.0,2.0,10.0,201.42,0
24.0,0,1,9.0,4,1,4.0,4,1,5,1,3,0,15.0,6.0,9.0,8.0,291.97,0
13.0,1,2,9.0,4,0,3.0,5,2,1,1,10,0,12.0,2.0,2.0,5.0,177.04,0
7.0,2,2,10.0,6,1,3.0,4,4,4,1,5,1,12.0,1.0,2.0,4.0,147.77,0
1.0,1,1,32.0,4,1,3.0,4,4,1,2,3,1,23.0,1.0,2.0,2.0,152.95,1
3.0,1,1,14.0,3,0,4.0,5,4,1,1,8,0,15.0,2.0,2.0,4.0,150.32,0
18.0,1,1,16.0,4,1,4.0,4,4,5,1,3,1,14.0,6.0,8.0,2.0,150.59,0
2.0,1,3,12.0,3,1,4.0,4,2,1,2,3,0,15.0,1.0,2.0,3.0,174.08,0
21.0,0,1,9.0,4,1,3.0,5,4,1,1,10,1,15.0,2.0,2.0,1.0,148.8,1
17.0,1,1,15.0,4,0,3.0,4,2,4,1,6,0,22.0,2.0,2.0,1.0,172.65,0
1.0,2,3,9.0,3,0,3.0,5,4,3,2,3,0,14.0,2.0,2.0,3.0,145.44,1
1.0,1,1,25.0,6,0,4.0,4,4,1,2,3,0,20.0,2.0,2.0,1.0,151.93,1
10.0,1,1,21.0,4,1,4.0,4,2,1,1,2,1,18.0,3.0,5.0,11.0,190.86,0
21.0,1,3,9.0,4,0,4.0,5,4,1,2,3,1,19.0,1.0,2.0,3.0,157.94,0
1.0,1,1,10.0,4,0,3.0,4,2,3,1,2,1,20.0,2.0,2.0,3.0,166.71,1
5.0,1,1,9.0,4,0,3.0,5,4,1,1,6,1,14.0,1.0,2.0,1.0,152.78,1
2.0,2,1,16.0,3,0,4.0,4,4,3,1,7,0,19.0,1.0,3.0,3.0,148.77,0
3.0,2,1,13.0,3,1,4.0,4,4,5,1,9,1,22.0,2.0,3.0,3.0,149.04,1
1.0,2,1,11.0,4,0,4.0,4,4,3,2,3,0,20.0,1.0,2.0,1.0,148.18,0
8.0,2,1,17.0,4,1,3.0,4,4,4,1,3,0,15.0,2.0,2.0,1.0,145.08,0
16.0,1,3,21.0,3,0,4.0,5,2,3,2,9,0,18.0,2.0,2.0,4.0,187.44,0
7.0,1,1,7.0,6,1,4.0,5,4,5,2,5,1,12.0,2.0,2.0,3.0,152.99,0
27.0,1,1,12.0,2,0,3.0,5,0,4,1,4,1,14.0,2.0,2.0,3.0,230.52,0
5.0,2,3,14.0,4,1,3.0,5,4,3,1,5,0,16.0,3.0,6.0,3.0,148.29,0
9.0,1,1,28.0,4,0,3.0,4,2,1,1,3,1,23.0,1.0,2.0,8.0,165.14,0
23.0,1,1,15.0,6,0,3.0,4,0,4,1,6,0,12.0,1.0,2.0,8.0,199.03,0
22.0,2,1,27.0,3,1,3.0,4,4,3,1,6,0,18.0,2.0,2.0,1.0,147.59,0
5.0,0,3,27.0,5,0,3.0,4,2,3,1,3,0,14.0,2.0,2.0,1.0,194.32,0
10.0,1,1,14.0,6,1,4.0,4,4,1,2,4,0,19.0,2.0,2.0,2.0,171.78,0
12.0,1,1,7.0,2,0,4.0,4,0,5,1,3,0,14.0,5.0,6.0,11.0,260.82,0
6.0,0,1,7.0,4,0,4.0,5,4,4,1,8,0,21.0,1.0,2.0,3.0,148.32,0
1.0,2,3,26.0,5,1,3.0,5,4,4,1,3,1,19.0,1.0,2.0,1.0,149.13,1
14.0,1,3,17.0,5,1,4.0,5,0,4,1,4,0,13.0,1.0,2.0,3.0,222.05,0
1.0,0,3,7.0,3,1,3.0,5,2,5,2,3,0,13.0,1.0,2.0,8.0,167.94,0
15.0,1,1,13.0,3,1,3.0,4,4,5,2,4,1,14.0,2.0,3.0,11.0,172.21,0
10.0,1,1,9.0,3,1,4.0,4,4,3,2,6,0,22.0,2.0,4.0,10.0,150.19,0
1.0,2,3,28.0,6,1,3.0,5,4,4,2,3,1,14.0,2.0,2.0,1.0,146.21,1
1.0,1,1,11.0,1,1,3.0,4,4,5,2,3,0,20.0,2.0,2.0,1.0,154.73,1
5.0,1,1,19.0,3,0,3.0,4,2,1,1,2,1,12.0,6.0,9.0,6.0,183.55,0
14.0,0,1,16.0,3,1,3.0,4,4,4,1,10,1,15.0,1.0,2.0,1.0,161.17,0
6.0,1,1,10.0,3,0,4.0,4,2,5,1,3,0,13.0,2.0,7.0,4.0,192.25,0
1.0,1,3,10.0,4,1,3.0,5,0,1,1,3,1,12.0,4.0,4.0,3.0,228.25,1
7.0,1,1,7.0,4,0,3.0,5,2,1,2,2,0,15.0,2.0,2.0,5.0,194.49,0
1.0,1,3,7.0,4,1,3.0,5,0,3,1,7,0,12.0,6.0,9.0,3.0,231.08999999999997,1
19.0,0,1,11.0,4,1,3.0,4,2,4,1,3,0,13.0,2.0,2.0,9.0,169.47,0
3.0,0,3,27.0,1,0,3.0,4,4,1,1,3,0,16.0,1.0,2.0,3.0,146.57,0
9.0,1,3,25.0,3,0,3.0,4,2,3,1,3,0,17.0,2.0,2.0,1.0,171.01,0
26.0,1,1,7.0,4,1,4.0,4,1,1,1,4,0,15.0,4.0,8.0,9.0,291.97,0
21.0,1,1,9.0,1,1,3.0,4,4,3,2,6,0,23.0,1.0,2.0,1.0,149.79,1
27.0,1,3,9.0,3,1,3.0,4,1,3,1,8,0,14.0,1.0,9.0,3.0,273.52,0
4.0,1,3,15.0,6,1,4.0,4,0,3,1,7,0,12.0,3.0,8.0,8.0,197.64,0
12.0,0,3,17.0,1,0,3.0,4,2,1,2,3,1,14.0,2.0,2.0,4.0,181.66,0
9.0,1,3,10.0,4,1,4.0,4,0,1,1,8,0,14.0,1.0,2.0,9.0,203.23,0
13.0,1,3,9.0,4,1,3.0,2,0,3,2,2,0,19.0,1.0,2.0,8.0,203.8,0
4.0,0,3,31.0,4,0,4.0,2,1,4,2,6,1,17.0,2.0,2.0,1.0,256.94,1
21.0,0,1,23.0,3,1,4.0,2,2,3,1,3,1,20.0,2.0,3.0,8.0,175.67,0
10.0,0,3,15.0,1,1,3.0,4,2,1,1,6,0,14.0,2.0,2.0,8.0,175.79,0
1.0,0,1,16.0,3,1,3.0,5,4,5,2,2,1,23.0,1.0,2.0,3.0,148.21,1
7.0,0,3,24.0,4,1,3.0,4,1,3,2,3,0,15.0,6.0,7.0,1.0,291.97,0
1.0,2,1,17.0,4,0,4.0,5,4,5,2,8,1,21.0,2.0,2.0,1.0,149.04,1
7.0,1,1,20.0,4,0,3.0,4,4,1,2,5,0,19.0,2.0,2.0,3.0,159.52,0
19.0,2,1,7.0,3,0,4.0,4,4,1,1,5,0,15.0,2.0,2.0,3.0,147.7,0
24.0,1,1,7.0,3,1,4.0,4,1,1,1,10,0,15.0,1.0,2.0,4.0,291.97,0
7.0,0,1,7.0,6,0,3.0,2,2,4,1,3,1,14.0,2.0,2.0,3.0,179.88,0
15.0,0,1,16.0,3,1,4.0,4,5,3,1,4,0,15.0,1.0,2.0,11.0,291.97,0
1.0,1,1,23.0,1,0,3.0,4,4,4,1,10,0,15.0,3.0,3.0,3.0,153.11,0
19.0,0,1,30.0,4,1,3.0,4,2,5,1,3,1,16.0,2.0,2.0,9.0,161.33,0
21.0,1,3,11.0,4,0,3.0,4,2,1,2,3,1,18.0,2.0,2.0,8.0,166.63,0
1.0,2,1,29.0,4,0,3.0,4,4,3,1,6,1,12.0,1.0,2.0,2.0,146.32,1
24.0,1,1,31.0,4,1,4.0,4,1,3,1,5,1,19.0,1.0,2.0,6.0,264.73,0
12.0,0,1,17.0,3,1,4.0,4,4,3,1,2,0,18.0,1.0,2.0,3.0,151.84,0
20.0,1,1,14.0,3,1,4.0,4,0,3,1,8,0,14.0,2.0,2.0,8.0,233.45,0
1.0,1,1,24.0,3,0,3.0,5,2,3,1,3,0,16.0,1.0,4.0,3.0,168.77,0
1.0,1,1,21.0,6,1,3.0,5,4,4,1,3,1,23.0,2.0,2.0,3.0,162.43,1
5.0,0,1,7.0,4,0,4.0,4,2,5,1,3,0,13.0,2.0,2.0,4.0,166.48,0
1.0,0,1,12.0,4,1,4.0,4,4,1,2,3,0,16.0,1.0,2.0,1.0,135.51,0
27.0,1,1,24.0,2,0,3.0,4,0,3,1,10,0,12.0,1.0,2.0,9.0,232.39,0
9.0,1,1,32.0,3,0,3.0,4,0,3,1,3,1,12.0,1.0,9.0,3.0,228.88,0
4.0,1,1,15.0,4,0,4.0,2,0,5,1,2,1,13.0,1.0,2.0,8.0,239.16000000000003,0
1.0,1,1,18.0,3,0,4.0,5,4,5,2,3,1,16.0,2.0,2.0,1.0,151.0,1
1.0,0,1,12.0,3,0,3.0,4,4,4,2,2,0,18.0,1.0,2.0,3.0,149.22,1
1.0,1,1,9.0,3,1,3.0,2,2,1,1,3,0,13.0,2.0,2.0,4.0,179.72,0
1.0,1,1,15.0,4,1,4.0,5,4,5,1,3,0,16.0,1.0,2.0,2.0,149.51,0
22.0,1,1,13.0,4,1,4.0,5,2,3,2,4,0,14.0,1.0,3.0,3.0,167.4,0
22.0,1,1,11.0,4,1,4.0,5,0,3,2,9,0,15.0,2.0,2.0,9.0,234.99,0
15.0,1,1,14.0,3,0,3.0,4,2,3,2,8,0,15.0,3.0,3.0,2.0,175.03,0
13.0,1,1,7.0,4,0,4.0,5,1,1,1,3,0,17.0,6.0,2.0,9.0,252.42000000000002,0
1.0,1,1,9.0,4,0,3.0,4,2,1,1,2,0,19.0,3.0,3.0,3.0,167.27,0
9.0,1,1,17.0,6,1,3.0,4,4,1,1,3,0,21.0,1.0,2.0,3.0,164.17,0
1.0,1,3,12.0,5,1,3.0,4,5,3,1,8,0,15.0,1.0,2.0,1.0,291.97,0
24.0,2,1,16.0,4,1,4.0,4,4,1,1,6,0,19.0,2.0,2.0,1.0,148.8,0
27.0,1,1,9.0,4,0,4.0,5,1,1,2,5,1,14.0,1.0,5.0,4.0,262.26,0
1.0,1,1,18.0,3,0,4.0,5,2,4,1,7,0,16.0,2.0,2.0,1.0,172.77,1
27.0,0,1,25.0,3,1,4.0,4,2,4,1,5,1,15.0,3.0,7.0,8.0,188.85,0
15.0,0,1,14.0,4,0,3.0,5,5,3,1,3,0,23.0,6.0,6.0,11.0,291.97,0
12.0,1,3,10.0,4,1,3.0,4,2,1,2,10,1,13.0,2.0,2.0,1.0,193.61,0
1.0,0,3,32.0,3,1,4.0,5,2,5,2,10,0,19.0,2.0,3.0,3.0,174.69,1
16.0,1,3,9.0,5,0,3.0,5,5,1,1,3,0,16.0,4.0,7.0,10.0,291.97,1
18.0,1,3,32.0,3,0,3.0,2,1,1,1,5,1,19.0,5.0,2.0,11.0,258.2,0
24.0,0,3,7.0,4,0,4.0,4,2,3,1,2,0,13.0,1.0,2.0,11.0,188.47,0
1.0,1,1,23.0,4,0,3.0,2,4,5,2,3,0,17.0,4.0,9.0,11.0,152.43,1
13.0,0,1,29.0,3,0,3.0,4,0,5,2,3,1,14.0,2.0,2.0,9.0,233.8,0
7.0,0,3,15.0,4,0,3.0,5,4,1,2,2,0,20.0,1.0,3.0,3.0,148.42,0
19.0,1,3,18.0,4,0,3.0,4,1,1,1,5,0,15.0,1.0,2.0,2.0,291.97,0
6.0,0,1,32.0,3,0,4.0,4,4,3,2,10,0,13.0,6.0,8.0,8.0,165.25,0
8.0,1,3,7.0,5,1,4.0,2,2,1,1,2,0,12.0,1.0,2.0,3.0,222.25,0
27.0,1,3,7.0,2,1,4.0,4,0,1,1,5,1,15.0,2.0,2.0,5.0,244.04000000000002,0
19.0,2,2,31.0,3,1,3.0,4,4,4,2,3,0,17.0,1.0,2.0,5.0,146.77,0
27.0,0,3,9.0,5,0,3.0,5,0,4,1,4,0,13.0,6.0,7.0,11.0,200.25,0
1.0,1,1,22.0,6,1,3.0,4,2,3,1,9,0,15.0,1.0,2.0,1.0,173.34,1
1.0,0,1,9.0,4,1,3.0,4,4,5,1,8,1,15.0,1.0,2.0,3.0,145.42,1
8.0,2,3,17.0,4,0,3.0,4,4,3,1,3,1,20.0,1.0,2.0,1.0,147.2,0
2.0,2,3,17.0,3,1,4.0,4,4,4,1,3,0,23.0,1.0,2.0,1.0,135.52,0
12.0,0,1,10.0,6,1,3.0,4,4,3,1,5,0,17.0,3.0,3.0,3.0,153.21,0
24.0,1,1,9.0,3,1,4.0,4,5,3,1,4,1,15.0,5.0,8.0,8.0,291.97,0
11.0,1,1,10.0,6,0,3.0,4,2,4,2,5,0,16.0,2.0,2.0,2.0,166.07,0
14.0,1,3,32.0,5,1,4.0,4,2,5,1,3,0,15.0,4.0,8.0,6.0,208.96,0
1.0,0,1,7.0,3,0,4.0,5,4,3,1,3,0,14.0,1.0,2.0,4.0,145.07,0
20.0,1,1,7.0,3,1,3.0,4,5,1,1,10,0,15.0,2.0,3.0,3.0,291.97,0
27.0,1,3,9.0,4,0,3.0,5,0,3,1,8,0,12.0,6.0,2.0,1.0,231.86,0
27.0,0,1,16.0,3,0,4.0,4,4,3,1,4,0,20.0,2.0,2.0,4.0,154.42,0
10.0,1,1,19.0,3,0,3.0,5,0,1,2,2,0,12.0,6.0,8.0,3.0,213.58,0
27.0,0,1,9.0,3,1,3.0,5,1,5,2,9,0,15.0,3.0,7.0,3.0,291.97,0
17.0,1,3,32.0,3,1,4.0,5,0,1,1,7,0,14.0,2.0,2.0,1.0,232.98000000000002,0
1.0,0,3,16.0,5,0,3.0,4,4,1,2,3,1,15.0,2.0,2.0,3.0,148.23,1
1.0,2,1,17.0,4,0,3.0,5,4,5,2,3,0,14.0,1.0,2.0,1.0,139.16,1
20.0,1,1,15.0,4,0,4.0,5,2,5,1,10,1,23.0,2.0,2.0,8.0,171.15,0
15.0,1,1,11.0,4,1,3.0,4,4,3,1,10,1,13.0,1.0,3.0,8.0,149.61,1
1.0,0,1,31.0,2,1,4.0,5,0,5,2,3,0,13.0,2.0,2.0,3.0,212.22,1
1.0,1,1,7.0,3,1,3.0,5,4,5,1,3,0,17.0,2.0,2.0,4.0,164.55,0
4.0,1,1,27.0,6,1,3.0,4,2,5,1,2,0,16.0,1.0,2.0,3.0,224.57,0
15.0,1,1,14.0,1,0,3.0,2,4,3,1,3,0,14.0,1.0,2.0,9.0,158.76,0
12.0,1,1,24.0,4,0,4.0,5,0,3,1,2,0,19.0,2.0,2.0,3.0,213.23,0
14.0,1,1,27.0,2,1,4.0,4,0,1,1,6,0,21.0,4.0,9.0,3.0,228.22,0
1.0,0,1,15.0,4,1,3.0,5,4,3,1,3,0,20.0,2.0,2.0,3.0,171.21,0
27.0,0,1,9.0,4,1,4.0,4,0,4,1,5,0,19.0,1.0,2.0,3.0,234.76,0
2.0,1,1,17.0,6,0,3.0,4,2,3,2,5,0,14.0,1.0,2.0,8.0,161.6,0
8.0,1,2,7.0,3,1,4.0,5,0,5,1,10,0,15.0,3.0,4.0,3.0,229.82,1
7.0,1,1,12.0,4,1,3.0,5,0,1,1,6,0,16.0,2.0,2.0,3.0,196.19,0
1.0,1,3,11.0,2,1,3.0,4,0,5,2,2,1,23.0,3.0,5.0,3.0,220.82,1
1.0,0,1,32.0,3,0,3.0,5,2,3,2,3,0,23.0,3.0,4.0,9.0,170.08,1
2.0,2,1,22.0,4,1,3.0,4,4,3,1,3,0,17.0,1.0,3.0,3.0,147.07,0
8.0,0,1,10.0,4,1,3.0,4,2,1,2,2,0,18.0,2.0,2.0,5.0,202.56,0
11.0,1,3,17.0,4,0,3.0,5,2,1,1,4,1,15.0,2.0,2.0,1.0,191.94,0
1.0,1,1,11.0,1,1,3.0,4,4,1,1,3,1,16.0,5.0,6.0,7.0,161.91,1
1.0,2,1,28.0,3,1,3.0,4,4,3,1,3,0,21.0,2.0,2.0,1.0,148.77,1
1.0,2,1,32.0,3,1,3.0,5,4,4,2,6,1,21.0,2.0,3.0,3.0,148.13,1
16.0,1,1,9.0,3,1,3.0,4,1,5,1,2,0,15.0,6.0,9.0,8.0,291.97,0
1.0,0,1,7.0,3,1,3.0,5,4,4,1,3,0,16.0,2.0,2.0,1.0,150.96,1
14.0,0,3,7.0,6,1,3.0,4,2,3,2,5,1,15.0,2.0,2.0,1.0,172.28,1
7.0,0,3,14.0,4,0,2.0,4,2,4,1,2,0,18.0,1.0,2.0,3.0,168.02,0
8.0,0,1,10.0,4,1,3.0,5,4,1,1,5,0,18.0,1.0,2.0,1.0,154.79,0
22.0,0,1,7.0,3,1,3.0,2,1,1,2,4,0,15.0,1.0,3.0,2.0,291.97,0
19.0,0,3,16.0,4,0,4.0,5,2,3,1,3,0,14.0,5.0,5.0,11.0,180.93,0
26.0,1,1,6.0,4,1,3.0,4,0,4,2,9,0,20.0,3.0,5.0,3.0,229.45,0
12.0,1,3,17.0,5,1,4.0,5,0,3,1,2,1,15.0,2.0,3.0,3.0,212.4,0
3.0,1,1,32.0,4,0,4.0,4,4,1,1,6,0,23.0,2.0,2.0,8.0,150.14,0
2.0,1,1,10.0,3,0,4.0,4,0,4,1,2,0,18.0,1.0,2.0,8.0,201.55,0
20.0,1,3,10.0,5,1,3.0,4,1,3,1,5,0,15.0,5.0,5.0,10.0,291.97,0
12.0,1,3,9.0,5,1,3.0,4,0,4,2,9,0,17.0,2.0,2.0,1.0,198.51,0
17.0,0,1,32.0,4,0,3.0,4,0,5,1,10,0,12.0,2.0,2.0,2.0,233.2,0
3.0,0,1,9.0,4,1,3.0,4,1,1,1,9,0,12.0,6.0,2.0,6.0,246.69,1
14.0,1,1,21.0,3,1,3.0,5,5,3,2,3,0,15.0,4.0,5.0,10.0,291.97,0
1.0,2,1,7.0,1,0,4.0,5,4,4,2,3,1,12.0,2.0,3.0,3.0,145.7,0
13.0,0,1,16.0,4,1,4.0,4,2,4,2,10,0,16.0,2.0,2.0,4.0,192.82,0
10.0,0,1,25.0,4,1,4.0,4,2,1,2,4,0,21.0,1.0,2.0,10.0,202.79,0
5.0,0,3,27.0,4,1,4.0,2,4,1,1,2,0,13.0,3.0,3.0,3.0,152.91,0
2.0,1,1,9.0,4,1,4.0,5,4,4,1,2,0,18.0,1.0,2.0,5.0,157.01,0
9.0,0,3,18.0,5,1,3.0,4,2,1,1,3,0,12.0,2.0,2.0,3.0,174.68,0
23.0,1,3,15.0,2,1,3.0,5,1,4,1,8,0,18.0,2.0,2.0,4.0,256.2,0
8.0,0,1,9.0,4,1,4.0,4,2,3,2,4,0,12.0,2.0,2.0,3.0,165.33,0
3.0,0,1,17.0,4,0,4.0,4,4,4,1,2,0,15.0,1.0,2.0,2.0,157.91,0
16.0,1,1,32.0,3,1,3.0,5,2,1,2,6,0,20.0,2.0,2.0,1.0,167.72,0
3.0,1,1,15.0,3,1,4.0,5,2,1,1,3,1,16.0,2.0,2.0,3.0,175.56,0
12.0,1,2,7.0,6,1,3.0,2,4,3,1,3,0,14.0,4.0,6.0,1.0,153.44,0
2.0,0,1,13.0,4,1,3.0,5,4,3,1,3,1,15.0,2.0,2.0,3.0,152.03,0
1.0,0,1,15.0,3,1,4.0,4,4,3,2,3,0,13.0,2.0,2.0,1.0,144.04,1
1.0,1,3,16.0,5,0,4.0,4,2,5,2,5,1,18.0,1.0,2.0,4.0,207.24,1
15.0,1,1,19.0,4,1,3.0,4,4,1,1,5,1,12.0,2.0,2.0,1.0,172.66,0
1.0,0,1,22.0,3,1,4.0,4,4,3,1,3,0,13.0,2.0,3.0,3.0,151.1,1
11.0,1,1,32.0,3,0,3.0,5,2,1,1,9,0,14.0,2.0,2.0,4.0,182.31,0
1.0,1,1,13.0,4,1,3.0,5,4,3,1,3,0,14.0,2.0,3.0,3.0,150.39,0
8.0,1,3,16.0,4,0,4.0,4,2,3,1,3,0,21.0,1.0,2.0,4.0,182.14,0
9.0,1,2,15.0,1,1,4.0,4,4,3,2,3,0,18.0,1.0,2.0,5.0,168.23,0
1.0,1,3,30.0,4,0,3.0,5,0,5,1,3,0,14.0,2.0,4.0,11.0,198.36,1
14.0,0,1,16.0,3,0,3.0,4,0,3,2,10,0,18.0,2.0,2.0,11.0,259.99,0
6.0,0,3,19.0,4,1,3.0,4,1,5,2,2,1,13.0,1.0,9.0,11.0,262.58,1
16.0,1,3,11.0,5,1,3.0,4,2,5,2,9,0,14.0,2.0,2.0,6.0,176.55,0
9.0,2,1,7.0,3,1,3.0,5,4,3,1,8,0,13.0,2.0,2.0,8.0,147.58,0
1.0,1,1,31.0,3,1,3.0,4,4,4,2,10,0,23.0,1.0,2.0,3.0,160.97,0
1.0,1,1,19.0,4,0,4.0,4,4,1,1,3,1,12.0,2.0,2.0,1.0,150.15,1
1.0,1,1,10.0,3,1,3.0,2,4,1,1,3,0,23.0,2.0,2.0,8.0,169.2,0
4.0,1,3,17.0,5,1,4.0,5,2,3,1,3,0,19.0,1.0,2.0,5.0,190.78,0
14.0,0,1,32.0,3,0,4.0,5,2,1,1,5,1,14.0,1.0,2.0,1.0,169.22,0
9.0,1,1,9.0,4,1,3.0,5,0,4,1,4,0,19.0,3.0,7.0,3.0,227.74,0
8.0,0,1,8.0,3,1,4.0,5,2,5,2,2,0,21.0,1.0,5.0,10.0,178.43,0
9.0,0,1,11.0,6,1,3.0,5,4,1,1,3,0,14.0,2.0,3.0,3.0,148.76,0
7.0,1,3,16.0,5,0,3.0,5,2,3,2,10,0,14.0,1.0,2.0,4.0,178.46,1
6.0,0,3,9.0,4,0,4.0,4,4,5,1,3,0,13.0,2.0,2.0,1.0,153.27,0
27.0,1,1,11.0,2,0,4.0,4,5,5,1,6,0,14.0,5.0,5.0,3.0,291.97,0
3.0,1,1,13.0,3,0,3.0,4,4,1,1,3,0,14.0,1.0,2.0,9.0,156.31,0
1.0,1,1,16.0,4,1,3.0,4,4,5,2,3,0,23.0,1.0,2.0,1.0,150.52,0
19.0,1,1,14.0,3,0,3.0,4,4,3,1,6,1,20.0,1.0,2.0,3.0,169.77,0
11.0,1,1,8.0,4,0,3.0,5,2,1,1,3,0,14.0,1.0,4.0,11.0,189.74,0
1.0,1,1,6.0,4,1,3.0,5,4,3,2,3,0,13.0,1.0,2.0,3.0,155.33,0
8.0,1,1,17.0,4,1,4.0,4,4,3,2,3,1,12.0,2.0,2.0,3.0,154.36,1
27.0,1,1,14.0,3,0,3.0,4,5,3,1,5,0,15.0,4.0,5.0,8.0,291.97,0
3.0,2,1,22.0,4,0,4.0,5,4,1,1,2,1,19.0,2.0,2.0,4.0,146.68,0
1.0,0,1,10.0,4,1,3.0,5,4,1,1,2,1,12.0,1.0,2.0,1.0,153.53,1
20.0,1,3,9.0,5,0,4.0,4,1,5,1,10,0,15.0,6.0,9.0,10.0,291.97,0
18.0,0,1,24.0,4,1,4.0,5,4,3,2,4,0,14.0,2.0,2.0,1.0,147.9,0
7.0,1,2,9.0,6,1,4.0,4,4,3,1,3,0,14.0,2.0,2.0,5.0,161.0,0
5.0,0,1,12.0,4,1,4.0,5,4,5,1,8,0,18.0,1.0,2.0,1.0,146.07,1
4.0,1,3,32.0,4,1,4.0,4,2,5,1,10,0,20.0,2.0,2.0,4.0,166.15,0
14.0,0,3,9.0,3,1,4.0,4,2,4,1,7,0,13.0,2.0,2.0,1.0,168.27,0
24.0,0,1,9.0,3,0,2.0,4,1,5,1,4,0,15.0,1.0,3.0,3.0,291.97,0
2.0,1,1,26.0,3,1,4.0,5,4,5,1,3,0,13.0,2.0,4.0,4.0,156.96,0
20.0,1,1,22.0,4,1,3.0,4,5,4,1,7,0,15.0,2.0,2.0,4.0,291.97,0
9.0,1,3,24.0,4,1,4.0,4,2,5,1,5,1,16.0,1.0,2.0,3.0,214.66,0
1.0,2,1,24.0,4,0,4.0,4,4,4,1,3,0,14.0,2.0,2.0,1.0,147.1,1
7.0,0,3,32.0,3,0,3.0,4,2,3,1,3,0,13.0,1.0,2.0,2.0,170.39,0
10.0,1,1,13.0,4,1,3.0,5,4,3,1,3,0,15.0,2.0,2.0,8.0,152.41,0
4.0,1,1,14.0,4,1,3.0,4,2,3,1,3,0,14.0,5.0,9.0,10.0,159.91,0
18.0,1,1,32.0,6,1,3.0,4,2,1,2,3,0,23.0,6.0,9.0,11.0,170.41,0
1.0,1,3,28.0,5,1,3.0,2,4,1,2,3,0,18.0,3.0,3.0,3.0,151.78,0
20.0,1,1,9.0,2,1,3.0,4,2,1,1,4,0,12.0,1.0,2.0,5.0,198.79,0
16.0,0,2,9.0,3,1,4.0,2,2,5,1,9,0,17.0,2.0,2.0,4.0,187.72,0
27.0,1,3,14.0,5,1,3.0,2,2,1,1,2,1,19.0,1.0,2.0,10.0,177.2,0
6.0,0,1,20.0,6,0,4.0,5,4,4,1,3,0,21.0,3.0,3.0,3.0,159.0,0
6.0,0,1,9.0,4,0,3.0,4,2,3,2,6,1,15.0,2.0,2.0,8.0,174.98,0
10.0,1,1,8.0,2,0,4.0,5,0,5,1,4,1,22.0,6.0,8.0,3.0,227.52,0
7.0,1,1,16.0,3,1,3.0,4,4,1,1,2,0,14.0,1.0,5.0,11.0,152.81,0
14.0,1,3,17.0,2,0,3.0,5,2,4,1,9,0,13.0,2.0,2.0,4.0,193.52,0
1.0,1,3,17.0,4,1,3.0,4,2,1,2,2,0,15.0,2.0,2.0,2.0,174.5,0
4.0,1,1,8.0,3,1,4.0,4,4,4,1,2,1,22.0,4.0,6.0,8.0,160.79,0
16.0,0,1,32.0,3,0,3.0,4,0,5,1,5,1,18.0,1.0,2.0,1.0,256.91,0
9.0,0,3,15.0,5,0,4.0,5,0,1,1,6,1,12.0,4.0,5.0,3.0,228.77,0
1.0,2,1,21.0,4,1,3.0,4,4,5,1,3,1,15.0,6.0,7.0,9.0,147.35,0
27.0,0,1,8.0,4,0,3.0,4,0,3,1,9,0,18.0,1.0,2.0,3.0,230.02,0
18.0,2,1,9.0,4,0,4.0,2,4,1,1,3,0,14.0,2.0,8.0,8.0,145.11,0
1.0,0,1,17.0,3,0,4.0,5,4,4,2,3,1,23.0,1.0,2.0,1.0,143.59,1
3.0,1,1,8.0,4,0,4.0,4,4,1,1,3,0,16.0,2.0,2.0,3.0,162.6,0
27.0,1,1,10.0,4,1,3.0,4,1,1,1,5,0,15.0,1.0,2.0,10.0,291.97,0
5.0,1,1,18.0,3,1,4.0,4,2,5,1,3,1,13.0,2.0,2.0,2.0,193.33,0
5.0,1,1,31.0,3,0,4.0,5,2,5,2,3,0,20.0,2.0,2.0,9.0,193.12,0
27.0,1,3,10.0,4,0,3.0,5,2,1,2,7,0,18.0,1.0,2.0,6.0,176.71,0
17.0,1,1,10.0,4,1,4.0,5,5,1,1,5,0,15.0,2.0,2.0,8.0,291.97,0
23.0,1,1,11.0,3,1,3.0,5,5,3,1,4,0,15.0,1.0,2.0,1.0,291.97,0
10.0,0,1,10.0,1,1,3.0,4,4,4,1,3,0,13.0,1.0,2.0,8.0,161.92,0
22.0,1,1,9.0,1,1,4.0,2,4,4,2,7,0,12.0,1.0,2.0,1.0,150.59,0
1.0,1,1,11.0,4,1,4.0,4,4,3,1,3,0,12.0,2.0,2.0,4.0,150.17,0
3.0,1,1,14.0,4,1,3.0,4,2,1,1,3,1,12.0,2.0,2.0,1.0,191.23,0
22.0,1,1,8.0,4,1,4.0,5,5,1,2,8,0,15.0,2.0,2.0,1.0,291.97,0
3.0,1,1,8.0,4,0,3.0,5,1,1,1,5,0,15.0,1.0,2.0,8.0,286.24,0
8.0,1,1,27.0,1,0,3.0,2,4,3,1,2,0,18.0,2.0,2.0,1.0,150.85,0
18.0,1,3,12.0,5,1,3.0,4,5,4,1,9,0,15.0,2.0,4.0,11.0,291.97,0
7.0,1,3,17.0,5,1,3.0,2,0,3,1,2,1,15.0,1.0,2.0,9.0,208.8,0
1.0,1,1,32.0,4,0,3.0,2,4,1,2,3,1,13.0,1.0,2.0,2.0,154.94,0
1.0,2,1,8.0,4,1,3.0,4,4,3,1,3,0,23.0,2.0,2.0,2.0,137.23,0
1.0,0,3,31.0,4,1,4.0,5,4,1,2,3,1,15.0,2.0,2.0,1.0,136.18,1
1.0,1,1,11.0,4,1,3.0,4,4,1,2,3,1,21.0,3.0,3.0,3.0,153.75,0
9.0,1,3,9.0,5,0,4.0,5,5,4,2,4,1,15.0,2.0,2.0,11.0,291.97,1
27.0,0,1,15.0,3,1,3.0,5,1,4,1,3,1,16.0,3.0,9.0,1.0,260.77,0
1.0,0,1,17.0,4,0,3.0,5,4,3,2,3,0,21.0,2.0,3.0,3.0,151.25,1
20.0,1,3,11.0,5,0,3.0,5,5,4,1,4,0,15.0,2.0,2.0,9.0,291.97,0
8.0,1,3,9.0,5,0,3.0,4,2,5,2,2,1,13.0,2.0,2.0,3.0,170.38,0
25.0,0,3,16.0,4,1,3.0,4,5,4,1,6,1,23.0,6.0,9.0,11.0,291.97,0
27.0,1,1,25.0,3,1,4.0,4,0,1,2,8,0,13.0,4.0,6.0,3.0,230.12,0
8.0,0,1,26.0,3,0,3.0,4,2,4,1,6,0,14.0,1.0,6.0,11.0,169.44,0
2.0,0,1,8.0,3,1,3.0,4,4,3,2,2,1,12.0,2.0,2.0,3.0,146.54,0
18.0,1,1,11.0,4,1,4.0,2,5,5,1,3,0,15.0,3.0,9.0,11.0,291.97,0
8.0,0,2,18.0,4,1,3.0,5,2,4,1,6,0,12.0,1.0,2.0,9.0,169.9,0
9.0,1,1,13.0,4,1,4.0,4,4,3,1,2,1,15.0,2.0,3.0,3.0,160.06,0
16.0,2,1,14.0,3,0,4.0,2,2,4,1,8,1,17.0,1.0,2.0,1.0,148.72,0
17.0,1,3,11.0,5,0,3.0,5,0,1,2,5,0,15.0,6.0,9.0,3.0,227.31,0
10.0,1,1,9.0,4,0,3.0,4,2,4,2,10,1,12.0,5.0,6.0,11.0,179.1,0
8.0,1,1,22.0,3,0,4.0,4,0,1,1,3,0,12.0,1.0,2.0,6.0,204.78,1
2.0,0,1,9.0,4,1,3.0,5,4,1,1,3,1,13.0,1.0,3.0,3.0,163.67,0
25.0,0,1,13.0,3,0,3.0,5,4,3,2,2,0,15.0,4.0,8.0,8.0,153.38,0
4.0,0,1,16.0,3,0,4.0,4,2,3,2,9,1,19.0,1.0,2.0,8.0,171.95,0
1.0,1,1,14.0,1,0,3.0,4,4,3,1,5,1,14.0,5.0,8.0,8.0,158.39,1
2.0,2,1,8.0,1,1,3.0,4,4,5,2,4,0,12.0,2.0,2.0,3.0,145.8,0
1.0,2,1,8.0,3,0,3.0,4,4,4,2,3,0,19.0,2.0,3.0,2.0,145.96,0
6.0,1,3,15.0,3,1,3.0,2,2,1,1,3,0,16.0,1.0,2.0,9.0,187.09,0
19.0,0,1,32.0,3,0,3.0,4,5,4,2,5,0,15.0,1.0,2.0,1.0,291.97,0
13.0,1,1,20.0,3,0,4.0,5,1,4,1,8,1,15.0,6.0,9.0,3.0,291.97,0
27.0,2,1,30.0,4,1,3.0,4,4,3,1,3,0,13.0,2.0,3.0,3.0,148.72,0
1.0,1,1,14.0,4,1,4.0,4,2,3,1,3,0,19.0,1.0,2.0,2.0,173.83,1
3.0,1,1,30.0,3,1,4.0,4,4,5,2,2,0,14.0,1.0,2.0,4.0,164.04,1
4.0,1,1,13.0,1,0,3.0,5,2,1,1,2,0,13.0,6.0,7.0,8.0,171.27,0
10.0,1,1,17.0,2,0,4.0,4,0,3,1,5,0,13.0,2.0,2.0,8.0,195.94,0
20.0,1,2,8.0,4,0,3.0,4,4,5,2,8,0,13.0,3.0,6.0,8.0,159.23,0
2.0,0,1,8.0,4,0,3.0,5,2,1,1,2,0,12.0,6.0,8.0,6.0,191.74,0
24.0,1,1,32.0,4,0,3.0,4,1,5,1,6,1,15.0,1.0,2.0,3.0,291.97,0
4.0,1,3,32.0,5,1,3.0,5,0,4,2,4,1,13.0,2.0,2.0,3.0,215.94,1
16.0,1,3,12.0,4,1,4.0,4,0,4,2,10,1,20.0,6.0,8.0,3.0,209.46,1
4.0,1,1,24.0,3,0,4.0,4,0,5,1,3,1,23.0,2.0,2.0,9.0,244.16000000000003,0
13.0,1,1,25.0,4,1,3.0,4,2,3,2,2,0,12.0,2.0,2.0,8.0,170.34,0
5.0,0,3,9.0,4,0,3.0,4,0,3,1,3,1,20.0,6.0,9.0,3.0,223.52,0
15.0,0,3,17.0,3,1,3.0,5,2,4,2,3,0,14.0,4.0,9.0,10.0,186.51,0
1.0,0,3,8.0,4,0,3.0,4,4,4,2,3,1,12.0,3.0,3.0,3.0,148.02,1
8.0,2,1,10.0,4,1,3.0,4,4,5,1,6,0,13.0,2.0,2.0,3.0,148.62,1
16.0,0,1,9.0,4,1,3.0,4,1,3,1,2,1,15.0,1.0,3.0,11.0,291.97,0
27.0,1,1,9.0,3,0,3.0,5,5,3,1,6,0,15.0,5.0,9.0,11.0,291.97,0
27.0,1,2,15.0,4,1,4.0,4,5,4,2,8,0,15.0,3.0,8.0,8.0,291.97,0
14.0,0,1,23.0,4,1,4.0,4,4,3,1,10,0,17.0,2.0,2.0,1.0,160.44,0
8.0,1,1,16.0,4,1,3.0,4,0,1,1,2,0,12.0,1.0,2.0,3.0,210.0,0
14.0,1,1,9.0,4,1,4.0,4,2,1,2,3,0,14.0,4.0,9.0,9.0,171.61,0
15.0,0,3,8.0,5,0,4.0,4,2,5,1,2,0,18.0,1.0,2.0,8.0,166.03,0
9.0,0,1,11.0,4,1,3.0,4,2,3,2,3,1,12.0,2.0,2.0,2.0,167.49,0
25.0,1,2,12.0,4,1,3.0,4,1,4,1,3,1,12.0,1.0,2.0,11.0,265.26,0
12.0,1,3,9.0,4,0,3.0,4,2,5,1,5,0,16.0,1.0,2.0,8.0,193.93,0
8.0,1,3,22.0,3,0,4.0,4,2,5,2,3,0,13.0,5.0,9.0,7.0,186.25,0
1.0,1,1,26.0,3,1,4.0,4,4,1,1,5,0,12.0,1.0,2.0,3.0,161.69,0
21.0,1,1,14.0,3,0,3.0,5,0,5,1,9,1,15.0,2.0,6.0,3.0,225.08,1
14.0,2,1,8.0,4,1,3.0,4,4,4,1,5,0,23.0,2.0,2.0,4.0,148.87,0
10.0,0,3,14.0,5,0,3.0,2,2,5,1,4,0,17.0,6.0,7.0,11.0,171.39,0
22.0,1,1,11.0,4,1,3.0,4,0,1,2,3,0,12.0,2.0,2.0,9.0,203.98,0
1.0,1,3,18.0,3,0,4.0,2,4,1,1,10,0,15.0,1.0,2.0,1.0,150.34,0
25.0,1,1,18.0,2,0,3.0,5,1,4,2,5,0,17.0,1.0,2.0,4.0,256.42,0
1.0,0,1,8.0,4,0,4.0,4,4,1,2,3,0,16.0,2.0,2.0,1.0,141.11,0
9.0,1,1,8.0,3,0,3.0,5,2,1,1,2,0,13.0,1.0,2.0,1.0,178.63,0
1.0,0,3,9.0,4,1,3.0,5,2,1,2,5,0,21.0,1.0,2.0,1.0,175.71,0
19.0,1,3,20.0,5,1,3.0,2,1,3,2,8,1,18.0,1.0,4.0,9.0,261.95,1
27.0,1,1,30.0,4,1,4.0,4,1,4,1,6,1,13.0,6.0,2.0,10.0,259.02,0
8.0,0,1,32.0,1,0,4.0,5,4,3,1,3,0,21.0,2.0,2.0,1.0,145.29,0
14.0,1,1,9.0,3,0,3.0,2,2,3,1,7,0,21.0,6.0,9.0,9.0,188.77,0
8.0,1,1,32.0,3,1,3.0,4,2,3,1,6,0,14.0,6.0,8.0,8.0,179.29,0
1.0,0,3,9.0,4,0,3.0,5,4,1,2,9,0,15.0,1.0,2.0,1.0,152.85,1
1.0,0,3,25.0,5,0,4.0,4,2,3,1,2,1,19.0,1.0,4.0,3.0,171.14,1
12.0,0,1,14.0,4,1,3.0,2,4,3,1,3,0,12.0,1.0,2.0,4.0,151.1,0
8.0,1,1,9.0,1,0,4.0,4,2,1,2,3,0,12.0,5.0,5.0,11.0,191.87,0
2.0,1,3,32.0,4,1,3.0,5,2,5,1,3,0,12.0,2.0,2.0,5.0,172.24,0
1.0,1,1,29.0,3,1,4.0,4,2,3,1,3,1,16.0,6.0,7.0,8.0,186.79,1
13.0,1,3,28.0,4,1,3.0,5,2,1,1,5,1,13.0,1.0,2.0,5.0,186.2,0
25.0,0,3,9.0,5,1,3.0,4,0,4,1,4,0,12.0,4.0,4.0,3.0,230.96,0
15.0,0,1,29.0,4,0,4.0,4,2,1,1,5,1,15.0,3.0,4.0,4.0,179.67,0
11.0,1,1,11.0,4,1,3.0,4,4,3,1,9,1,16.0,2.0,2.0,4.0,154.96,0
7.0,0,3,12.0,4,1,4.0,4,2,1,1,8,0,14.0,2.0,2.0,3.0,224.98,0
6.0,1,3,9.0,5,1,3.0,4,2,4,1,2,1,14.0,2.0,2.0,3.0,165.78,0
13.0,0,1,32.0,4,1,4.0,4,0,3,1,5,0,22.0,1.0,2.0,6.0,234.2,0
1.0,1,3,25.0,4,1,4.0,2,2,3,1,4,0,12.0,2.0,2.0,3.0,187.32,0
26.0,0,1,32.0,3,0,3.0,2,1,3,1,4,1,12.0,2.0,2.0,3.0,257.47,0
17.0,1,1,13.0,3,0,4.0,5,2,3,2,3,1,15.0,1.0,2.0,9.0,165.81,0
1.0,1,3,17.0,5,0,4.0,5,2,1,1,3,1,12.0,2.0,5.0,5.0,182.69,0
1.0,2,1,24.0,4,0,3.0,4,4,3,2,3,1,14.0,5.0,8.0,8.0,148.94,1
1.0,1,1,9.0,3,1,3.0,5,4,1,2,2,0,13.0,2.0,2.0,2.0,164.04,0
16.0,1,2,17.0,6,0,3.0,4,1,5,1,2,0,15.0,1.0,2.0,10.0,291.97,0
26.0,1,1,15.0,6,0,3.0,4,4,5,1,10,0,14.0,2.0,2.0,5.0,154.5,0
11.0,1,1,18.0,3,0,4.0,4,4,3,2,6,0,19.0,2.0,2.0,3.0,161.29,0
9.0,0,1,25.0,4,1,3.0,4,0,1,2,4,0,12.0,3.0,3.0,3.0,218.62,0
1.0,1,1,8.0,1,1,3.0,4,4,1,1,6,0,12.0,1.0,2.0,3.0,157.29,0
1.0,1,1,14.0,6,1,4.0,2,4,5,2,2,0,13.0,1.0,2.0,8.0,160.78,0
3.0,1,2,24.0,6,1,3.0,5,0,5,2,3,0,14.0,1.0,2.0,10.0,204.88,0
13.0,0,1,32.0,4,1,4.0,5,2,5,2,5,0,21.0,1.0,2.0,4.0,167.84,1
1.0,0,1,21.0,6,0,3.0,4,0,1,2,2,1,13.0,5.0,8.0,8.0,200.53,1
27.0,1,1,8.0,3,0,3.0,4,1,1,2,8,0,15.0,6.0,9.0,8.0,291.97,0
27.0,1,1,8.0,3,0,4.0,4,5,5,1,5,1,15.0,2.0,2.0,6.0,291.97,0
27.0,1,1,8.0,3,1,3.0,2,1,1,1,4,0,14.0,1.0,2.0,1.0,272.32,0
10.0,1,3,10.0,5,0,4.0,4,2,4,2,5,1,17.0,1.0,2.0,3.0,217.78,0
1.0,0,3,8.0,4,0,3.0,5,4,3,2,3,0,13.0,1.0,2.0,1.0,138.59,1
4.0,1,3,14.0,5,0,4.0,4,2,5,1,9,0,15.0,2.0,2.0,3.0,172.79,0
5.0,1,1,15.0,4,0,4.0,4,1,4,2,5,0,12.0,1.0,2.0,1.0,289.22,0
8.0,0,1,8.0,6,1,4.0,4,4,5,1,7,0,15.0,2.0,2.0,4.0,154.96,0
1.0,2,1,15.0,4,0,3.0,5,4,4,2,3,0,13.0,1.0,2.0,1.0,137.61,1
1.0,2,1,18.0,4,1,4.0,4,4,5,1,2,0,15.0,2.0,2.0,5.0,145.99,0
10.0,1,1,11.0,4,1,3.0,5,2,1,2,3,0,17.0,1.0,2.0,9.0,183.1,0
10.0,1,3,23.0,5,0,4.0,5,2,5,1,6,0,14.0,2.0,2.0,3.0,181.47,0
21.0,1,1,8.0,1,1,4.0,4,4,1,1,9,0,13.0,2.0,2.0,3.0,159.2,0
1.0,1,3,16.0,4,1,4.0,5,4,5,1,5,0,13.0,3.0,3.0,3.0,169.0,1
11.0,0,1,12.0,1,1,3.0,2,4,3,2,2,0,15.0,1.0,2.0,4.0,160.0,0
27.0,2,1,8.0,4,0,3.0,4,4,5,1,4,0,23.0,1.0,2.0,1.0,145.66,0
21.0,1,1,9.0,3,0,3.0,4,1,3,1,5,0,15.0,3.0,6.0,7.0,291.97,0
1.0,1,3,11.0,3,0,3.0,4,2,3,1,3,1,13.0,2.0,2.0,4.0,166.62,0
6.0,1,3,14.0,5,1,4.0,4,2,1,1,6,0,13.0,1.0,2.0,3.0,217.04,0
8.0,1,1,8.0,4,0,3.0,5,4,4,1,7,0,18.0,2.0,2.0,3.0,157.94,0
15.0,2,1,12.0,3,1,3.0,2,4,3,1,4,1,13.0,1.0,2.0,4.0,146.27,0
14.0,0,1,16.0,6,1,3.0,4,2,3,1,5,0,12.0,1.0,2.0,8.0,164.75,0
5.0,1,3,15.0,4,1,3.0,4,0,1,1,3,0,19.0,3.0,2.0,10.0,232.93,0
10.0,1,3,16.0,5,1,3.0,4,0,1,1,6,0,12.0,5.0,5.0,3.0,225.96,1
3.0,0,1,9.0,4,0,3.0,5,4,5,2,4,1,23.0,1.0,2.0,1.0,161.46,1
1.0,0,1,8.0,4,0,4.0,2,0,4,2,3,0,12.0,2.0,5.0,8.0,199.46,1
19.0,1,1,27.0,3,1,4.0,5,0,5,1,4,1,19.0,2.0,2.0,8.0,233.51,0
5.0,2,2,15.0,3,0,4.0,2,4,4,2,10,0,19.0,2.0,2.0,3.0,146.09,0
1.0,0,1,9.0,4,1,4.0,4,4,1,1,8,1,14.0,1.0,3.0,3.0,162.22,1
19.0,1,1,32.0,2,1,3.0,4,0,1,1,6,1,19.0,2.0,2.0,3.0,218.8,0
22.0,1,3,14.0,5,1,4.0,4,2,5,1,6,0,12.0,1.0,3.0,3.0,179.86,0
1.0,1,2,16.0,1,0,3.0,4,4,3,1,3,0,16.0,3.0,3.0,3.0,152.42,1
14.0,0,1,15.0,3,1,3.0,5,0,4,1,4,0,12.0,1.0,5.0,9.0,262.57,0
2.0,1,3,12.0,3,1,3.0,4,2,5,2,2,0,19.0,1.0,2.0,3.0,209.63,0
18.0,0,1,12.0,4,1,3.0,5,4,3,2,5,0,15.0,1.0,2.0,4.0,156.62,0
27.0,1,1,9.0,3,1,3.0,2,1,4,2,6,0,13.0,1.0,9.0,9.0,290.98,0
23.0,1,1,12.0,1,1,4.0,4,2,3,1,4,0,15.0,1.0,2.0,3.0,191.51,0
14.0,2,1,9.0,3,1,4.0,4,4,3,1,4,0,15.0,2.0,2.0,3.0,148.45,0
18.0,1,1,27.0,4,1,3.0,4,4,4,2,3,0,14.0,2.0,2.0,4.0,159.2,0
7.0,0,3,14.0,3,1,3.0,4,2,5,1,2,0,15.0,2.0,2.0,4.0,168.73,0
8.0,1,3,10.0,6,1,3.0,5,2,5,2,5,0,19.0,3.0,4.0,11.0,172.59,0
4.0,1,3,23.0,4,1,4.0,4,2,3,1,10,0,16.0,2.0,3.0,3.0,178.01,0
16.0,0,1,16.0,3,0,4.0,4,4,1,2,3,0,14.0,1.0,6.0,9.0,161.73,0
18.0,0,3,8.0,5,0,4.0,4,2,3,1,9,0,13.0,1.0,2.0,1.0,172.68,0
4.0,0,1,14.0,1,1,4.0,4,4,3,1,3,0,14.0,1.0,2.0,1.0,137.74,0
27.0,1,1,8.0,4,1,4.0,2,2,3,1,2,0,23.0,2.0,3.0,9.0,174.0,0
23.0,1,1,14.0,4,1,3.0,4,0,4,1,5,0,15.0,1.0,2.0,3.0,229.66,0
8.0,0,1,22.0,3,1,4.0,4,1,5,1,9,0,15.0,3.0,7.0,10.0,291.97,0
1.0,0,3,8.0,1,1,4.0,4,4,3,1,5,0,16.0,2.0,2.0,3.0,154.09,1
1.0,0,3,20.0,1,0,3.0,4,2,4,2,7,0,12.0,2.0,2.0,1.0,182.65,1
1.0,1,3,31.0,3,0,3.0,5,2,4,2,2,1,23.0,5.0,9.0,11.0,170.99,1
9.0,2,3,14.0,4,1,4.0,4,4,3,1,3,0,14.0,1.0,2.0,1.0,149.04,0
1.0,0,1,16.0,3,1,3.0,4,4,5,2,4,1,12.0,1.0,2.0,1.0,156.72,1
1.0,0,3,20.0,4,0,4.0,4,4,4,1,3,0,14.0,1.0,2.0,1.0,145.33,0
18.0,0,1,9.0,3,1,3.0,4,0,3,2,7,1,19.0,3.0,3.0,3.0,227.09,0
3.0,1,3,26.0,4,1,4.0,5,2,3,1,3,0,15.0,2.0,2.0,3.0,211.2,0
4.0,2,2,8.0,4,1,3.0,4,4,3,1,2,0,22.0,1.0,2.0,4.0,145.64,0
27.0,1,1,11.0,4,1,2.0,4,2,3,1,2,1,17.0,2.0,2.0,3.0,165.35,0
7.0,1,1,11.0,3,0,3.0,5,4,4,1,10,0,12.0,2.0,2.0,3.0,163.38,0
21.0,1,3,21.0,3,0,4.0,4,2,3,1,5,1,18.0,2.0,2.0,3.0,170.91,0
1.0,0,1,9.0,3,1,3.0,5,4,5,2,9,0,12.0,2.0,2.0,1.0,150.61,1
2.0,2,1,8.0,4,1,4.0,5,4,3,1,3,0,15.0,1.0,2.0,1.0,140.63,0
2.0,0,3,14.0,4,1,3.0,4,2,5,2,2,0,15.0,2.0,2.0,4.0,173.98,0
23.0,1,1,10.0,3,0,3.0,5,2,5,1,6,0,23.0,1.0,2.0,3.0,172.89,0
3.0,0,1,9.0,4,0,4.0,4,4,4,1,2,0,14.0,2.0,2.0,3.0,156.8,0
2.0,1,1,32.0,4,1,4.0,5,2,4,1,3,0,15.0,1.0,2.0,8.0,190.49,0
7.0,1,1,15.0,4,1,4.0,4,2,3,2,4,1,18.0,2.0,2.0,1.0,188.88,0
6.0,1,1,17.0,3,1,4.0,4,0,1,2,4,0,23.0,1.0,2.0,1.0,237.44,0
27.0,0,1,18.0,3,0,3.0,4,1,1,1,5,0,21.0,1.0,2.0,11.0,285.32,0
1.0,2,1,8.0,1,1,4.0,5,4,5,2,8,0,14.0,2.0,2.0,8.0,148.62,1
18.0,1,1,32.0,4,1,3.0,4,1,5,1,5,0,14.0,1.0,9.0,11.0,288.28,0
13.0,1,1,13.0,4,0,3.0,4,0,4,2,6,0,19.0,3.0,3.0,3.0,208.76,0
20.0,1,3,10.0,4,0,3.0,4,1,4,1,10,0,13.0,1.0,6.0,2.0,291.06,0
9.0,1,1,23.0,4,0,4.0,5,0,4,2,3,0,20.0,4.0,4.0,3.0,211.06,0
1.0,2,1,27.0,4,1,4.0,4,2,3,2,2,0,15.0,2.0,2.0,3.0,147.72,0
4.0,2,1,16.0,4,1,3.0,4,4,5,2,5,0,15.0,2.0,2.0,1.0,145.18,1
8.0,1,3,8.0,2,1,4.0,5,0,3,1,3,1,15.0,6.0,9.0,7.0,195.83,0
1.0,0,1,10.0,4,0,3.0,4,4,3,2,3,0,13.0,3.0,8.0,8.0,165.84,1
24.0,0,1,29.0,3,1,3.0,5,1,1,2,3,1,14.0,1.0,9.0,10.0,269.11,0
8.0,2,3,14.0,1,1,3.0,4,4,3,1,2,1,23.0,4.0,6.0,8.0,148.08,0
16.0,1,1,9.0,3,1,4.0,5,4,4,1,6,0,15.0,1.0,2.0,1.0,173.41,0
11.0,1,1,20.0,3,1,3.0,4,2,1,1,3,0,18.0,3.0,4.0,8.0,167.85,0
3.0,1,1,15.0,6,0,3.0,5,2,5,1,5,0,14.0,2.0,2.0,3.0,222.15,0
7.0,1,1,32.0,4,1,3.0,5,2,4,2,3,0,14.0,2.0,2.0,3.0,168.2,0
19.0,2,1,32.0,1,1,4.0,4,4,1,1,6,0,21.0,2.0,2.0,4.0,146.32,0
16.0,0,1,9.0,4,1,3.0,4,0,1,1,4,1,15.0,5.0,9.0,3.0,226.24,0
14.0,1,3,16.0,3,1,3.0,4,2,5,1,2,0,13.0,6.0,8.0,2.0,179.73,0
7.0,1,1,32.0,4,1,4.0,4,2,3,1,3,1,13.0,5.0,6.0,8.0,177.07,0
14.0,1,2,13.0,3,1,3.0,4,1,1,2,3,1,22.0,1.0,8.0,8.0,289.37,0
1.0,2,1,28.0,1,1,3.0,5,4,5,1,2,0,15.0,1.0,2.0,1.0,147.96,0
14.0,0,1,15.0,4,1,4.0,4,2,1,1,5,1,19.0,2.0,3.0,3.0,165.69,0
19.0,1,1,8.0,2,1,4.0,4,0,4,1,3,0,13.0,4.0,8.0,8.0,199.41,0
9.0,2,3,32.0,4,0,4.0,5,4,3,1,2,0,23.0,3.0,5.0,3.0,149.3,0
6.0,1,1,12.0,4,0,4.0,5,2,4,1,5,0,13.0,2.0,3.0,6.0,183.78,0
10.0,1,3,9.0,4,1,4.0,4,4,1,2,5,1,22.0,2.0,2.0,3.0,151.44,0
22.0,1,3,23.0,4,0,4.0,4,2,3,1,10,0,15.0,6.0,8.0,8.0,189.39,0
3.0,1,1,16.0,4,1,4.0,2,4,3,1,8,0,19.0,1.0,2.0,1.0,149.51,0
7.0,1,3,15.0,4,1,3.0,4,2,5,1,4,0,14.0,3.0,3.0,3.0,188.92,0
1.0,1,3,8.0,4,1,4.0,5,2,5,1,3,0,12.0,2.0,7.0,3.0,222.14,1
12.0,0,2,17.0,6,1,4.0,4,2,3,1,5,0,12.0,1.0,2.0,3.0,185.77,0
9.0,2,1,8.0,3,1,4.0,5,4,5,2,3,0,20.0,2.0,2.0,3.0,149.5,0
8.0,1,3,32.0,2,1,3.0,4,0,4,1,5,0,13.0,2.0,2.0,3.0,217.5,0
1.0,2,1,9.0,4,0,4.0,4,4,5,1,3,1,13.0,2.0,2.0,1.0,145.74,1
17.0,1,1,9.0,2,0,4.0,5,0,1,1,2,0,17.0,1.0,2.0,3.0,226.69,1
2.0,1,1,9.0,3,1,3.0,4,2,4,1,6,0,12.0,2.0,2.0,5.0,173.55,1
6.0,0,1,8.0,1,1,4.0,4,2,5,1,6,0,15.0,1.0,2.0,3.0,165.87,0
22.0,2,1,22.0,6,0,4.0,4,4,5,1,10,0,13.0,6.0,8.0,7.0,148.67,0
8.0,1,1,14.0,3,1,3.0,4,4,1,2,3,0,14.0,1.0,2.0,1.0,154.72,0
27.0,1,3,32.0,5,1,3.0,5,5,1,1,3,0,15.0,1.0,3.0,11.0,291.97,0
8.0,1,1,8.0,4,1,3.0,4,2,1,1,10,0,18.0,1.0,3.0,2.0,179.84,0
1.0,2,1,10.0,4,0,3.0,4,4,1,1,3,0,22.0,2.0,2.0,1.0,145.61,0
12.0,1,3,21.0,4,1,4.0,4,2,4,1,2,0,12.0,4.0,8.0,3.0,224.24,0
12.0,1,3,23.0,4,0,3.0,4,2,4,2,4,0,13.0,2.0,2.0,3.0,166.98,0
10.0,1,3,8.0,4,0,4.0,4,2,3,2,8,0,14.0,2.0,2.0,1.0,193.15,0
3.0,1,1,10.0,3,1,3.0,4,4,5,2,3,1,19.0,1.0,2.0,6.0,172.23,0
9.0,1,1,17.0,3,0,3.0,4,2,3,2,5,1,17.0,1.0,2.0,5.0,186.42,0
13.0,1,3,13.0,3,1,3.0,2,0,3,1,4,0,12.0,4.0,8.0,7.0,207.37,0
3.0,0,1,9.0,4,1,3.0,4,2,1,1,3,0,20.0,2.0,2.0,3.0,213.53,0
24.0,1,3,16.0,5,1,3.0,4,5,3,1,6,1,15.0,1.0,2.0,1.0,291.97,0
1.0,2,1,17.0,1,1,3.0,2,4,3,1,4,0,17.0,1.0,3.0,3.0,145.73,0
10.0,0,1,13.0,4,1,4.0,2,2,5,1,5,1,14.0,1.0,2.0,3.0,180.62,0
16.0,1,1,16.0,6,1,4.0,5,5,1,2,10,0,15.0,2.0,2.0,2.0,291.97,0
9.0,1,1,32.0,4,1,3.0,2,2,3,1,3,0,18.0,6.0,7.0,9.0,159.07,0
8.0,0,1,17.0,1,1,4.0,5,2,3,1,3,0,15.0,2.0,8.0,8.0,175.63,0
14.0,1,3,21.0,4,0,3.0,4,2,5,1,3,0,16.0,1.0,2.0,3.0,171.39,0
17.0,1,1,32.0,1,1,3.0,2,4,4,1,7,0,13.0,2.0,2.0,3.0,173.76,0
9.0,1,1,14.0,4,1,4.0,5,4,1,1,3,0,19.0,2.0,2.0,2.0,151.9,0
20.0,1,3,8.0,4,1,3.0,2,1,5,2,3,0,15.0,1.0,2.0,11.0,291.97,0
1.0,2,1,31.0,3,1,3.0,4,4,4,1,3,1,18.0,1.0,2.0,1.0,149.08,1
1.0,0,1,32.0,6,0,3.0,5,4,3,1,3,1,15.0,2.0,2.0,4.0,153.14,0
24.0,0,1,27.0,3,1,3.0,4,1,3,1,4,1,16.0,1.0,2.0,11.0,237.45,0
6.0,1,1,12.0,6,0,3.0,2,4,1,1,5,0,18.0,2.0,2.0,3.0,158.12,0
18.0,1,1,14.0,3,0,3.0,4,5,1,1,2,1,15.0,1.0,2.0,11.0,291.97,0
4.0,2,1,14.0,3,1,3.0,5,4,4,1,3,0,13.0,2.0,2.0,2.0,146.41,0
19.0,1,1,12.0,3,0,3.0,5,2,5,2,3,1,15.0,1.0,2.0,5.0,182.69,0
19.0,0,3,32.0,5,1,3.0,5,2,5,1,3,0,16.0,4.0,5.0,6.0,168.85,0
5.0,0,3,9.0,6,1,3.0,4,2,5,2,9,0,14.0,2.0,2.0,4.0,178.32,0
10.0,1,1,19.0,4,0,4.0,4,2,3,1,10,1,13.0,1.0,2.0,2.0,171.63,0
8.0,0,1,17.0,4,1,3.0,2,2,1,1,3,0,14.0,4.0,8.0,3.0,172.24,0
23.0,1,1,32.0,4,0,3.0,4,4,5,1,3,0,15.0,2.0,2.0,5.0,157.11,0
13.0,1,1,17.0,3,1,4.0,4,2,5,1,4,0,14.0,4.0,8.0,8.0,178.77,0
1.0,1,1,26.0,6,1,4.0,5,4,5,1,3,0,12.0,1.0,2.0,8.0,165.66,0
9.0,1,1,25.0,4,1,3.0,2,2,5,1,3,0,12.0,2.0,2.0,11.0,177.08,0
2.0,1,1,32.0,3,0,3.0,5,2,5,1,2,0,22.0,2.0,2.0,1.0,173.77,0
1.0,1,1,12.0,3,1,4.0,4,4,1,2,3,0,19.0,1.0,3.0,3.0,156.17,0
1.0,0,3,10.0,3,0,4.0,4,4,1,2,3,1,13.0,2.0,2.0,1.0,140.69,1
21.0,1,2,32.0,4,0,4.0,4,5,3,1,5,0,15.0,2.0,2.0,1.0,291.97,0
13.0,1,1,10.0,3,1,4.0,5,2,3,1,2,0,16.0,1.0,2.0,8.0,155.69,0
14.0,1,1,22.0,4,0,4.0,5,0,3,1,3,0,14.0,6.0,9.0,3.0,229.35,0
9.0,0,1,15.0,4,0,3.0,4,2,3,1,3,0,13.0,1.0,3.0,10.0,166.48,0
11.0,1,1,26.0,4,1,3.0,4,2,3,1,5,0,18.0,1.0,2.0,3.0,182.68,0
13.0,0,1,11.0,3,0,3.0,4,2,3,2,2,0,14.0,4.0,4.0,9.0,175.42,0
19.0,1,1,9.0,6,0,3.0,5,2,1,1,3,0,20.0,4.0,4.0,10.0,182.7,0
12.0,1,1,9.0,3,0,3.0,5,0,3,1,5,1,20.0,1.0,2.0,3.0,202.56,0
1.0,1,3,17.0,3,1,3.0,5,0,5,1,10,0,18.0,1.0,7.0,3.0,228.06,1
11.0,1,1,17.0,3,0,4.0,4,4,4,1,3,0,12.0,5.0,8.0,8.0,164.36,0
14.0,1,1,23.0,4,0,3.0,4,0,1,2,8,1,16.0,4.0,4.0,4.0,204.45,0
18.0,0,2,8.0,6,1,3.0,4,2,1,1,6,1,12.0,2.0,2.0,3.0,182.43,0
22.0,0,1,11.0,3,1,3.0,5,1,1,1,4,0,23.0,1.0,3.0,3.0,277.02,0
1.0,1,3,22.0,3,1,3.0,5,2,1,1,8,1,15.0,1.0,3.0,3.0,179.4,1
1.0,0,1,9.0,1,0,3.0,4,4,1,2,3,1,14.0,1.0,2.0,4.0,162.6,0
1.0,1,1,15.0,3,0,3.0,2,4,3,1,9,0,18.0,1.0,2.0,3.0,160.17,0
1.0,0,1,9.0,3,1,3.0,4,4,1,2,4,0,14.0,1.0,2.0,3.0,150.8,0
4.0,2,1,14.0,4,1,4.0,4,4,5,2,5,1,15.0,1.0,2.0,4.0,146.66,1
3.0,1,3,17.0,3,1,3.0,5,2,3,2,10,0,12.0,2.0,2.0,5.0,183.69,0
10.0,1,1,12.0,4,0,3.0,4,0,5,1,6,0,13.0,2.0,2.0,3.0,205.08,0
1.0,0,1,9.0,4,1,4.0,2,2,3,1,3,0,18.0,2.0,2.0,8.0,177.06,0
13.0,1,1,19.0,3,1,4.0,4,2,4,1,6,0,22.0,2.0,2.0,1.0,177.95,0
23.0,1,1,29.0,6,0,4.0,4,1,4,1,5,0,17.0,1.0,2.0,3.0,289.13,0
24.0,1,1,24.0,4,0,3.0,5,0,5,1,7,0,16.0,1.0,2.0,11.0,257.69,0
1.0,1,3,9.0,3,0,3.0,4,4,3,2,3,0,20.0,1.0,3.0,3.0,152.83,0
8.0,1,1,10.0,4,0,4.0,4,2,4,1,3,0,13.0,2.0,8.0,10.0,179.33,0
10.0,2,1,14.0,4,1,4.0,4,4,4,2,4,0,12.0,1.0,2.0,4.0,145.13,0
23.0,1,1,13.0,4,0,3.0,5,1,3,1,4,1,20.0,1.0,3.0,11.0,264.66,0
10.0,0,1,8.0,3,0,3.0,5,2,3,1,2,0,16.0,1.0,2.0,3.0,168.74,0
10.0,1,1,10.0,4,1,4.0,2,2,5,1,8,0,21.0,1.0,2.0,5.0,193.42,0
27.0,1,1,29.0,3,0,4.0,4,1,3,1,5,0,15.0,4.0,5.0,8.0,291.97,0
17.0,1,1,22.0,4,1,4.0,5,1,3,1,3,0,15.0,3.0,7.0,11.0,291.97,0
1.0,0,3,19.0,6,1,3.0,4,2,1,2,5,1,23.0,6.0,7.0,8.0,170.81,1
12.0,0,1,8.0,4,1,3.0,4,2,1,1,9,0,16.0,2.0,3.0,10.0,172.35,0
3.0,1,3,12.0,3,1,3.0,5,2,4,1,3,1,14.0,1.0,2.0,10.0,166.87,0
7.0,1,3,9.0,3,1,4.0,4,2,1,1,3,0,15.0,2.0,2.0,5.0,180.05,0
6.0,1,1,9.0,3,1,3.0,4,2,4,1,2,0,14.0,2.0,2.0,7.0,179.7,0
5.0,1,3,12.0,4,0,4.0,4,2,1,1,3,0,12.0,1.0,2.0,3.0,179.76,0
23.0,1,1,23.0,3,0,4.0,4,4,5,1,6,1,17.0,1.0,3.0,3.0,150.87,0
12.0,0,1,9.0,3,0,3.0,5,4,4,2,3,0,23.0,1.0,4.0,4.0,149.4,0
21.0,1,3,9.0,4,0,3.0,2,1,4,1,8,0,15.0,1.0,2.0,3.0,284.72,0
23.0,1,1,8.0,4,1,3.0,4,1,3,2,6,0,15.0,1.0,2.0,1.0,278.79,0
15.0,1,3,30.0,4,1,4.0,4,0,3,2,5,1,17.0,1.0,2.0,3.0,195.82,0
1.0,1,3,16.0,4,1,3.0,4,4,5,2,3,0,12.0,1.0,2.0,3.0,152.28,0
7.0,0,3,23.0,4,0,3.0,4,2,1,1,3,1,23.0,1.0,2.0,3.0,178.68,0
10.0,1,1,32.0,4,1,4.0,4,2,3,1,8,0,15.0,2.0,2.0,3.0,178.47,0
18.0,1,2,8.0,4,0,3.0,4,4,1,1,6,1,19.0,3.0,3.0,3.0,156.95,0
1.0,1,1,15.0,3,1,4.0,5,4,3,2,3,1,12.0,2.0,2.0,3.0,164.89,1
12.0,1,1,11.0,3,0,3.0,4,4,3,1,9,0,20.0,1.0,2.0,1.0,158.06,0
27.0,1,1,31.0,3,1,3.0,2,0,1,1,5,0,16.0,1.0,2.0,3.0,195.05,0
12.0,0,3,14.0,3,0,4.0,4,4,3,1,4,1,12.0,2.0,8.0,8.0,151.55,1
1.0,2,1,9.0,4,1,4.0,4,4,4,2,3,0,13.0,1.0,2.0,1.0,138.93,1
1.0,0,1,14.0,3,1,4.0,4,4,1,2,3,0,21.0,1.0,6.0,8.0,150.7,0
27.0,1,1,29.0,1,1,4.0,5,4,4,1,7,0,13.0,2.0,2.0,3.0,160.37,0
8.0,1,1,12.0,3,1,3.0,5,2,1,1,3,0,15.0,1.0,5.0,11.0,164.86,0
27.0,1,1,8.0,3,1,4.0,5,0,1,1,5,0,21.0,2.0,2.0,1.0,233.82999999999998,0
7.0,2,1,28.0,3,1,4.0,2,4,4,1,3,0,19.0,1.0,3.0,11.0,145.28,0
11.0,0,3,8.0,3,1,3.0,5,2,1,1,3,0,15.0,2.0,2.0,3.0,220.25,0
8.0,1,1,26.0,4,0,3.0,5,4,1,1,3,0,13.0,2.0,9.0,8.0,154.29,0
1.0,2,3,14.0,4,1,4.0,4,4,1,1,3,1,22.0,2.0,2.0,3.0,147.75,1
18.0,1,1,9.0,4,0,4.0,2,0,1,1,3,1,20.0,2.0,7.0,8.0,203.79,0
9.0,0,1,9.0,3,1,4.0,5,4,1,2,2,1,15.0,2.0,2.0,5.0,174.3,0
17.0,1,3,9.0,3,1,4.0,4,2,1,1,3,1,18.0,4.0,9.0,9.0,203.47,0
1.0,1,1,16.0,3,1,4.0,2,4,3,1,3,0,17.0,1.0,2.0,5.0,169.01,0
15.0,1,3,13.0,5,1,3.0,4,0,3,2,3,0,13.0,4.0,9.0,3.0,217.41,0
3.0,1,1,16.0,3,0,3.0,4,4,3,1,10,0,18.0,1.0,2.0,3.0,154.74,0
10.0,1,3,9.0,4,0,3.0,4,2,1,2,5,0,16.0,6.0,7.0,8.0,170.02,0
19.0,0,1,8.0,4,1,4.0,5,0,3,1,5,0,23.0,5.0,2.0,5.0,232.48000000000002,0
1.0,2,2,29.0,6,1,3.0,5,4,3,1,3,0,12.0,1.0,2.0,1.0,140.55,1
11.0,0,3,16.0,4,1,3.0,5,1,3,1,9,0,12.0,6.0,2.0,11.0,254.36,1
1.0,2,1,24.0,3,1,4.0,5,4,3,1,3,0,16.0,2.0,2.0,3.0,148.05,0
19.0,1,1,32.0,2,0,3.0,5,1,4,2,3,0,15.0,6.0,9.0,7.0,291.97,0
6.0,0,1,17.0,4,1,3.0,4,4,3,1,8,0,14.0,1.0,2.0,4.0,159.33,0
5.0,1,1,9.0,4,1,4.0,4,4,3,1,3,0,15.0,2.0,2.0,4.0,159.77,0
15.0,0,2,11.0,6,1,3.0,5,2,4,1,8,0,20.0,1.0,2.0,3.0,189.3,0
14.0,1,1,15.0,4,0,4.0,4,2,5,1,4,1,17.0,2.0,2.0,1.0,190.16,0
1.0,1,1,32.0,3,1,4.0,4,4,5,1,3,0,14.0,2.0,2.0,3.0,164.07,0
20.0,1,1,20.0,4,1,3.0,4,2,4,2,8,0,15.0,2.0,2.0,10.0,180.62,0
9.0,1,1,32.0,4,1,3.0,4,2,3,1,4,0,17.0,2.0,2.0,8.0,193.83,0
4.0,1,1,23.0,4,1,3.0,4,4,1,1,3,0,13.0,1.0,2.0,9.0,153.62,0
21.0,0,3,9.0,5,1,3.0,4,2,4,1,9,0,12.0,1.0,2.0,1.0,174.78,0
20.0,1,3,9.0,4,1,4.0,4,0,1,1,6,1,13.0,1.0,2.0,3.0,228.68,0
1.0,1,3,20.0,5,1,4.0,5,2,5,1,7,1,14.0,2.0,3.0,3.0,186.34,1
1.0,1,3,8.0,4,1,3.0,5,2,4,2,8,0,16.0,1.0,2.0,1.0,192.35,1
1.0,1,1,11.0,3,0,3.0,4,4,4,2,3,0,14.0,1.0,2.0,3.0,157.95,0
5.0,0,1,31.0,1,0,2.0,4,2,1,2,4,0,21.0,1.0,2.0,5.0,177.38,0
13.0,0,1,8.0,4,1,4.0,4,2,1,1,3,1,16.0,1.0,6.0,9.0,189.72,0
6.0,1,3,26.0,4,1,4.0,5,0,3,1,5,0,14.0,1.0,2.0,3.0,221.1,0
14.0,1,3,14.0,3,1,3.0,4,5,4,2,3,0,15.0,6.0,9.0,9.0,291.97,0
19.0,1,2,11.0,4,0,3.0,5,0,3,1,6,0,22.0,2.0,2.0,3.0,222.56,0
4.0,0,1,9.0,1,0,4.0,5,4,5,2,2,0,17.0,1.0,2.0,8.0,174.68,0
1.0,0,2,17.0,3,1,3.0,4,4,1,1,2,0,15.0,1.0,3.0,2.0,146.45,0
1.0,0,2,15.0,6,0,4.0,5,4,1,1,8,0,12.0,2.0,2.0,3.0,146.8,1
5.0,1,3,12.0,2,1,3.0,4,2,3,1,3,0,20.0,2.0,2.0,3.0,208.46,0
1.0,1,1,15.0,3,0,4.0,4,4,1,2,3,0,12.0,1.0,2.0,5.0,159.45,0
1.0,1,3,16.0,5,0,3.0,5,4,4,2,3,0,14.0,3.0,3.0,3.0,152.6,1
3.0,0,1,8.0,4,1,4.0,2,2,3,2,10,1,13.0,2.0,2.0,3.0,187.94,0
4.0,1,3,22.0,5,1,4.0,5,0,5,1,4,0,12.0,2.0,2.0,8.0,196.4,0
8.0,1,1,9.0,3,1,4.0,2,4,1,1,2,1,15.0,2.0,2.0,3.0,154.32,0
7.0,0,3,9.0,5,0,4.0,4,2,4,2,10,0,16.0,2.0,2.0,8.0,176.47,0
23.0,1,3,18.0,5,0,4.0,4,2,1,2,5,0,13.0,1.0,2.0,5.0,170.07,0
1.0,1,3,23.0,4,0,4.0,4,0,5,2,4,1,21.0,2.0,2.0,3.0,210.64,1
12.0,0,1,9.0,3,0,4.0,5,4,4,1,6,0,15.0,1.0,2.0,6.0,149.68,0
1.0,1,3,23.0,5,1,4.0,4,0,3,1,4,0,14.0,1.0,2.0,1.0,206.61,1
3.0,2,1,11.0,1,0,4.0,5,4,5,1,3,0,14.0,1.0,2.0,1.0,146.09,0
4.0,1,1,23.0,4,1,3.0,2,2,3,1,5,0,17.0,2.0,2.0,8.0,177.94,0
6.0,0,1,12.0,1,1,4.0,4,4,4,2,4,0,15.0,2.0,2.0,8.0,152.18,0
12.0,1,1,25.0,3,1,3.0,5,2,1,1,5,1,17.0,1.0,2.0,1.0,183.11,0
7.0,0,1,24.0,1,1,3.0,5,4,3,1,10,1,17.0,2.0,2.0,1.0,149.37,1
16.0,1,1,19.0,3,1,3.0,4,4,4,1,10,0,23.0,2.0,2.0,5.0,152.66,0
27.0,1,1,9.0,3,1,3.0,5,5,5,1,10,0,15.0,2.0,2.0,1.0,291.97,0
7.0,0,1,11.0,1,1,3.0,4,2,4,1,7,0,16.0,1.0,2.0,8.0,155.55,0
15.0,2,1,16.0,4,1,4.0,4,4,5,1,3,0,21.0,1.0,2.0,5.0,147.89,0
8.0,0,3,17.0,4,1,3.0,4,2,3,1,3,1,15.0,2.0,2.0,8.0,165.01,0
27.0,0,1,8.0,3,0,3.0,5,1,3,1,6,1,21.0,2.0,2.0,3.0,254.64999999999998,0
17.0,1,2,9.0,4,1,4.0,4,4,1,2,2,0,14.0,2.0,2.0,9.0,160.39,0
8.0,1,3,10.0,4,0,3.0,5,2,1,2,7,0,13.0,3.0,3.0,3.0,185.29,0
1.0,1,3,14.0,5,1,3.0,4,4,4,2,3,0,14.0,1.0,2.0,1.0,151.79,1
12.0,1,1,13.0,6,0,3.0,5,4,3,1,3,0,12.0,2.0,2.0,5.0,162.02,0
1.0,2,1,15.0,3,0,4.0,4,4,5,1,3,1,18.0,1.0,2.0,1.0,148.98,1
5.0,1,3,32.0,5,0,4.0,5,2,1,1,3,0,15.0,1.0,6.0,8.0,179.68,0
25.0,1,1,10.0,2,0,3.0,4,0,3,1,4,0,12.0,3.0,2.0,3.0,256.16,0
11.0,1,3,16.0,5,1,3.0,5,2,4,1,3,0,15.0,2.0,2.0,4.0,166.89,0
20.0,1,1,9.0,3,1,3.0,4,5,1,1,9,1,15.0,3.0,3.0,3.0,291.97,0
10.0,1,1,17.0,4,1,3.0,4,0,5,1,9,1,14.0,3.0,6.0,8.0,208.21,0
8.0,0,1,8.0,3,1,4.0,4,4,4,1,3,1,13.0,3.0,3.0,4.0,148.42,1
11.0,1,2,15.0,6,1,3.0,4,2,4,1,4,0,14.0,4.0,5.0,8.0,165.71,0
1.0,1,3,32.0,4,1,3.0,4,2,1,2,3,1,19.0,4.0,8.0,8.0,183.13,1
7.0,1,1,15.0,4,1,3.0,2,4,5,1,8,0,20.0,4.0,8.0,7.0,156.43,0
2.0,2,1,8.0,4,1,3.0,4,4,1,1,3,0,12.0,1.0,2.0,4.0,145.44,0
13.0,1,1,17.0,3,1,4.0,4,0,3,2,9,0,22.0,3.0,2.0,3.0,259.64,0
20.0,0,3,32.0,4,1,4.0,5,2,4,2,10,0,16.0,2.0,3.0,3.0,204.91,0
14.0,1,1,9.0,4,0,4.0,4,4,5,1,6,0,18.0,2.0,2.0,3.0,158.77,0
16.0,1,1,20.0,3,1,4.0,2,2,5,1,7,0,19.0,2.0,2.0,1.0,180.38,0
9.0,0,1,9.0,3,1,3.0,4,2,1,1,4,0,15.0,2.0,2.0,8.0,182.62,0
12.0,0,2,9.0,6,1,4.0,4,4,4,1,7,0,14.0,3.0,4.0,9.0,150.92,0
1.0,0,1,16.0,4,1,4.0,4,2,5,1,6,0,18.0,1.0,2.0,8.0,178.46,1
1.0,1,1,17.0,3,1,3.0,4,2,5,2,3,0,16.0,1.0,2.0,9.0,167.13,1
13.0,0,3,27.0,4,1,3.0,4,2,1,1,4,0,19.0,2.0,3.0,3.0,166.27,0
17.0,0,1,16.0,4,1,3.0,4,4,3,2,6,0,14.0,2.0,2.0,3.0,149.38,0
15.0,1,1,12.0,4,1,3.0,2,2,4,2,5,0,13.0,1.0,2.0,3.0,193.7,0
15.0,1,3,11.0,5,0,3.0,4,0,3,1,2,1,14.0,6.0,9.0,3.0,229.47,0
4.0,1,1,17.0,3,0,4.0,4,0,3,2,10,0,15.0,1.0,2.0,3.0,221.67,0
1.0,2,2,27.0,3,0,4.0,4,4,4,1,2,1,12.0,1.0,2.0,5.0,146.48,1
10.0,1,1,28.0,3,0,4.0,4,2,4,1,6,0,23.0,4.0,4.0,3.0,214.26,1
14.0,1,1,8.0,4,0,3.0,4,2,1,1,6,0,18.0,1.0,2.0,4.0,190.13,0
8.0,1,3,15.0,2,1,4.0,2,2,3,1,3,0,22.0,3.0,5.0,9.0,192.99,0
27.0,0,3,9.0,3,1,3.0,4,1,4,1,6,0,23.0,1.0,9.0,11.0,287.91,0
9.0,1,1,30.0,3,1,4.0,5,4,3,1,2,0,17.0,1.0,2.0,4.0,152.05,0
21.0,1,1,11.0,4,0,4.0,5,0,4,1,10,1,13.0,6.0,9.0,3.0,228.33,0
14.0,1,1,19.0,4,0,3.0,4,2,5,1,4,0,13.0,2.0,8.0,8.0,169.48,0
27.0,1,1,14.0,3,0,4.0,4,2,1,1,6,0,16.0,2.0,2.0,8.0,193.54,0
5.0,0,3,14.0,5,0,4.0,4,0,5,1,4,0,15.0,3.0,3.0,3.0,221.37,0
2.0,1,1,8.0,3,0,4.0,4,4,5,1,3,0,23.0,2.0,2.0,3.0,160.91,0
12.0,1,3,9.0,5,0,4.0,5,2,1,1,4,1,21.0,1.0,2.0,4.0,179.05,0
1.0,1,3,17.0,3,1,3.0,4,2,1,2,3,0,14.0,2.0,2.0,3.0,171.84,0
27.0,0,1,22.0,4,1,3.0,4,1,3,1,4,1,15.0,1.0,3.0,3.0,282.87,0
1.0,0,1,21.0,3,0,3.0,4,4,3,2,3,0,17.0,2.0,2.0,1.0,140.14,0
1.0,1,2,25.0,6,1,3.0,2,4,5,1,2,0,18.0,2.0,2.0,1.0,154.56,1
1.0,2,2,20.0,6,1,3.0,5,4,5,1,6,1,16.0,3.0,3.0,1.0,148.35,1
19.0,0,3,9.0,4,0,4.0,4,2,3,1,6,0,23.0,4.0,6.0,8.0,176.54,0
10.0,1,1,9.0,6,0,4.0,4,2,4,1,6,1,23.0,2.0,2.0,1.0,194.62,0
17.0,0,3,9.0,4,1,4.0,4,2,1,1,3,0,21.0,6.0,8.0,8.0,181.75,0
1.0,0,1,12.0,4,0,3.0,4,4,1,2,2,1,15.0,2.0,2.0,3.0,148.79,0
3.0,0,1,27.0,3,1,3.0,4,4,1,1,3,0,14.0,2.0,4.0,11.0,163.12,0
6.0,0,3,17.0,5,1,4.0,4,2,1,2,10,0,14.0,1.0,2.0,1.0,171.48,0
16.0,0,1,17.0,1,1,3.0,4,4,3,1,5,0,23.0,4.0,4.0,4.0,154.36,0
21.0,2,1,16.0,4,0,4.0,4,4,3,2,6,0,13.0,1.0,3.0,1.0,146.05,0
20.0,1,1,9.0,4,1,3.0,4,0,1,1,5,0,15.0,1.0,5.0,3.0,210.78,0
2.0,0,2,8.0,4,1,3.0,4,4,1,1,3,0,16.0,2.0,3.0,3.0,152.06,0
3.0,1,1,32.0,4,1,4.0,5,2,3,1,10,0,18.0,1.0,2.0,7.0,188.84,0
16.0,1,1,15.0,4,1,3.0,4,4,3,2,6,0,14.0,2.0,2.0,1.0,164.68,0
1.0,1,3,9.0,5,1,3.0,5,2,4,2,9,1,13.0,2.0,3.0,3.0,224.07,1
20.0,1,3,10.0,2,0,3.0,2,1,5,1,4,0,13.0,3.0,2.0,9.0,257.25,0
1.0,1,3,30.0,3,0,3.0,5,2,3,1,3,0,22.0,4.0,6.0,9.0,160.4,0
3.0,1,2,13.0,3,1,3.0,5,4,4,1,3,0,12.0,2.0,2.0,1.0,153.04,0
17.0,1,1,13.0,3,0,3.0,5,5,3,1,9,0,15.0,6.0,7.0,11.0,291.97,0
22.0,1,1,17.0,4,1,4.0,5,5,4,1,6,0,15.0,4.0,9.0,10.0,291.97,0
1.0,0,1,31.0,4,1,4.0,5,4,1,2,3,1,23.0,2.0,2.0,1.0,149.39,1
10.0,1,3,17.0,4,0,4.0,4,0,4,1,7,0,22.0,2.0,2.0,8.0,198.14,1
1.0,0,1,22.0,4,0,4.0,5,4,5,1,2,0,20.0,1.0,8.0,4.0,172.74,0
13.0,1,1,26.0,6,1,3.0,4,2,1,1,10,0,15.0,1.0,3.0,3.0,164.02,0
27.0,1,1,9.0,1,1,4.0,5,4,1,1,10,0,21.0,2.0,2.0,5.0,151.62,0
2.0,1,3,10.0,3,0,4.0,4,4,4,1,3,0,20.0,2.0,2.0,1.0,153.56,0
1.0,2,3,16.0,3,1,3.0,4,4,1,2,3,0,14.0,1.0,2.0,1.0,135.81,1
1.0,1,1,14.0,4,1,4.0,4,4,4,2,3,1,23.0,2.0,2.0,1.0,149.72,1
10.0,1,3,17.0,1,0,4.0,5,2,3,1,3,1,14.0,1.0,2.0,8.0,181.73,0
5.0,1,1,27.0,4,1,3.0,4,2,3,1,3,0,12.0,1.0,2.0,3.0,166.97,0
8.0,1,3,11.0,4,1,4.0,4,0,1,1,4,1,14.0,1.0,2.0,3.0,222.13,0
3.0,2,1,14.0,4,1,3.0,4,4,5,2,5,0,15.0,1.0,2.0,3.0,145.62,0
11.0,1,1,14.0,3,1,4.0,4,2,5,1,7,1,23.0,1.0,2.0,5.0,167.84,0
9.0,1,1,23.0,6,0,3.0,5,2,4,1,2,1,12.0,1.0,2.0,3.0,172.88,0
19.0,1,1,32.0,4,0,4.0,5,2,1,1,2,0,14.0,1.0,4.0,9.0,184.06,0
10.0,0,2,9.0,6,1,4.0,5,2,1,2,3,0,22.0,2.0,2.0,9.0,163.86,0
14.0,1,1,8.0,4,1,4.0,4,1,5,1,4,0,15.0,3.0,9.0,11.0,291.97,0
1.0,1,1,8.0,4,0,3.0,5,4,3,1,3,1,14.0,1.0,2.0,1.0,154.33,0
1.0,1,3,9.0,3,0,3.0,2,2,3,2,2,0,15.0,1.0,2.0,8.0,190.0,0
22.0,0,1,29.0,3,0,3.0,4,1,1,1,5,0,15.0,2.0,5.0,8.0,291.97,0
18.0,1,1,8.0,4,1,4.0,2,2,5,1,4,0,16.0,2.0,3.0,3.0,175.33,0
1.0,0,1,23.0,1,1,3.0,5,4,5,1,3,1,23.0,1.0,4.0,1.0,148.07,1
20.0,1,1,31.0,4,1,4.0,4,4,1,2,3,0,17.0,1.0,2.0,1.0,150.87,1
10.0,1,3,24.0,5,1,3.0,5,2,4,1,4,0,17.0,2.0,2.0,4.0,180.07,0
15.0,1,3,15.0,5,0,3.0,4,2,4,1,7,0,22.0,1.0,2.0,5.0,168.93,0
16.0,1,1,13.0,3,1,3.0,4,0,5,1,10,0,14.0,6.0,2.0,8.0,258.48,0
5.0,1,3,17.0,3,0,3.0,4,2,1,1,4,1,12.0,2.0,2.0,5.0,190.83,0
8.0,1,3,10.0,3,0,4.0,5,2,1,1,5,1,13.0,1.0,2.0,2.0,206.03,0
5.0,1,1,11.0,3,0,4.0,2,4,3,1,10,0,13.0,2.0,3.0,3.0,164.78,0
1.0,0,1,13.0,6,1,4.0,2,4,1,1,2,0,19.0,3.0,8.0,8.0,150.44,0
19.0,0,1,8.0,3,1,3.0,4,2,3,2,6,0,13.0,1.0,2.0,4.0,178.99,0
7.0,1,3,17.0,5,1,3.0,4,2,3,2,3,0,15.0,1.0,2.0,10.0,179.87,0
2.0,0,3,8.0,4,1,3.0,5,2,1,1,3,1,13.0,2.0,2.0,8.0,193.34,0
1.0,0,3,31.0,1,1,3.0,2,4,5,2,3,0,18.0,1.0,2.0,1.0,135.91,1
13.0,0,3,28.0,4,0,3.0,5,2,3,1,8,0,20.0,1.0,2.0,3.0,182.36,0
1.0,2,1,9.0,1,1,3.0,4,4,4,1,3,0,12.0,1.0,2.0,3.0,147.26,0
8.0,0,1,29.0,6,1,3.0,5,2,1,1,3,1,16.0,4.0,7.0,11.0,182.47,0
1.0,1,3,20.0,5,0,3.0,4,2,3,2,5,1,12.0,1.0,3.0,3.0,223.54,1
21.0,0,1,21.0,1,1,4.0,4,2,4,1,10,0,19.0,1.0,2.0,8.0,179.67,0
27.0,1,3,18.0,5,0,3.0,5,2,5,1,6,0,17.0,1.0,2.0,1.0,178.8,0
13.0,1,1,16.0,3,1,3.0,4,2,5,1,3,0,23.0,1.0,8.0,10.0,176.51,0
12.0,0,1,15.0,3,0,3.0,5,2,4,1,3,1,17.0,2.0,2.0,8.0,146.33,0
27.0,1,3,28.0,4,0,4.0,4,1,1,1,6,1,15.0,1.0,2.0,1.0,291.97,0
1.0,0,1,12.0,4,0,3.0,2,4,3,2,5,1,15.0,1.0,2.0,4.0,149.32,1
12.0,1,1,16.0,4,1,4.0,4,4,1,1,4,0,20.0,1.0,2.0,4.0,172.71,0
23.0,0,1,9.0,4,1,3.0,4,5,1,1,5,0,15.0,5.0,5.0,4.0,291.97,0
16.0,1,3,19.0,5,1,4.0,4,2,1,1,5,1,13.0,2.0,2.0,1.0,175.87,0
1.0,0,2,29.0,6,0,3.0,5,4,4,1,3,0,13.0,2.0,2.0,1.0,153.63,1
9.0,1,3,25.0,3,1,4.0,4,2,5,1,2,0,17.0,2.0,2.0,5.0,180.61,0
2.0,0,1,23.0,3,1,3.0,4,4,3,2,3,0,15.0,1.0,2.0,5.0,146.44,0
5.0,0,1,10.0,3,1,3.0,4,4,5,1,3,1,14.0,3.0,3.0,4.0,155.65,0
10.0,0,1,16.0,4,1,4.0,2,4,4,1,3,0,23.0,2.0,2.0,3.0,153.1,0
8.0,1,3,8.0,5,1,3.0,4,0,1,2,3,0,22.0,3.0,3.0,3.0,223.88,0
8.0,1,3,20.0,3,1,3.0,4,0,3,1,3,0,19.0,1.0,2.0,3.0,211.28,0
1.0,1,1,8.0,3,1,4.0,4,4,5,2,2,0,14.0,6.0,8.0,7.0,153.67,0
3.0,1,1,8.0,4,1,3.0,4,2,5,1,2,0,13.0,1.0,2.0,3.0,178.73,0
6.0,0,1,22.0,3,0,3.0,4,2,1,1,7,0,19.0,1.0,2.0,3.0,191.67,0
5.0,0,1,8.0,4,1,3.0,5,2,5,1,3,0,22.0,6.0,9.0,8.0,175.03,0
1.0,2,1,24.0,1,1,3.0,5,4,1,1,7,0,13.0,2.0,2.0,4.0,148.67,1
12.0,1,3,8.0,4,1,3.0,5,4,5,2,6,0,15.0,2.0,2.0,1.0,153.58,0
9.0,1,3,14.0,4,0,3.0,4,2,1,1,3,1,12.0,2.0,2.0,10.0,177.04,0
1.0,1,3,16.0,5,1,3.0,4,2,1,2,3,0,15.0,2.0,2.0,8.0,166.05,0
6.0,1,1,12.0,4,1,3.0,5,2,1,2,10,0,23.0,2.0,2.0,3.0,221.79,0
1.0,0,3,32.0,5,1,4.0,4,2,1,1,3,1,12.0,1.0,2.0,9.0,181.17,1
17.0,1,3,31.0,4,1,4.0,4,0,5,2,8,1,14.0,1.0,3.0,3.0,229.48,1
27.0,1,1,16.0,4,0,4.0,4,2,3,1,5,0,12.0,2.0,3.0,4.0,153.97,0
7.0,0,1,14.0,4,1,3.0,4,2,3,1,3,0,21.0,1.0,3.0,9.0,184.68,0
17.0,1,1,18.0,4,1,2.0,4,0,3,1,3,0,18.0,2.0,2.0,10.0,200.1,0
12.0,0,2,8.0,6,1,3.0,4,4,4,1,2,1,12.0,1.0,2.0,3.0,154.91,0
27.0,1,2,32.0,6,1,4.0,2,5,4,1,6,1,15.0,2.0,2.0,5.0,291.97,0
5.0,2,1,9.0,3,0,3.0,5,4,1,1,3,1,12.0,1.0,2.0,1.0,136.29,0
13.0,1,3,22.0,5,1,4.0,4,1,5,2,2,0,13.0,5.0,2.0,11.0,258.41,0
16.0,0,1,30.0,4,1,3.0,5,2,3,2,3,0,13.0,4.0,4.0,8.0,168.32,0
5.0,0,1,17.0,3,0,3.0,4,0,3,1,6,0,21.0,4.0,2.0,9.0,235.31,0
27.0,1,1,17.0,3,0,4.0,4,2,5,2,8,1,20.0,1.0,2.0,5.0,169.4,0
1.0,1,1,8.0,4,1,3.0,5,2,3,2,3,0,13.0,2.0,2.0,3.0,171.17,0
1.0,1,1,19.0,6,1,4.0,4,4,1,2,3,0,14.0,2.0,2.0,5.0,151.47,0
14.0,0,1,18.0,1,0,4.0,4,2,3,1,3,0,12.0,6.0,9.0,5.0,188.23,0
14.0,1,3,9.0,5,0,4.0,4,2,4,1,5,0,15.0,2.0,6.0,11.0,181.77,0
1.0,2,2,9.0,6,0,3.0,4,4,4,1,6,0,15.0,1.0,2.0,3.0,146.87,0
4.0,1,1,8.0,3,1,4.0,4,4,4,1,3,0,14.0,2.0,2.0,8.0,162.48,0
1.0,1,1,9.0,6,1,3.0,4,4,3,1,8,1,20.0,1.0,2.0,3.0,164.77,0
21.0,1,1,32.0,3,1,3.0,4,0,3,2,4,0,23.0,6.0,9.0,3.0,211.33,0
7.0,0,1,8.0,3,1,3.0,5,4,3,1,3,0,13.0,1.0,2.0,1.0,145.08,0
12.0,1,3,8.0,4,1,3.0,4,2,4,1,2,0,16.0,2.0,6.0,9.0,169.4,0
5.0,1,3,9.0,4,1,3.0,4,4,3,1,2,0,20.0,1.0,2.0,3.0,155.67,0
12.0,0,1,13.0,4,1,4.0,5,2,3,1,4,0,12.0,3.0,8.0,8.0,178.21,0
16.0,1,1,25.0,4,1,3.0,4,2,5,1,8,1,18.0,2.0,2.0,3.0,179.1,0
15.0,1,1,8.0,4,1,4.0,4,4,1,1,5,0,23.0,1.0,2.0,1.0,152.82,0
21.0,0,1,8.0,3,0,4.0,4,0,4,1,2,0,19.0,1.0,2.0,11.0,244.57,0
9.0,1,1,18.0,3,1,3.0,4,4,3,1,9,1,12.0,3.0,3.0,3.0,151.6,0
1.0,1,1,8.0,4,1,4.0,4,4,3,2,2,0,13.0,2.0,2.0,3.0,158.75,0
9.0,1,1,16.0,3,1,3.0,4,2,3,2,3,0,20.0,1.0,2.0,9.0,175.98,0
7.0,1,1,22.0,3,0,4.0,4,2,1,1,2,1,14.0,6.0,9.0,2.0,173.78,0
6.0,1,1,32.0,4,0,3.0,5,4,4,2,3,0,14.0,1.0,5.0,2.0,153.37,0
14.0,2,1,8.0,4,1,3.0,4,4,1,1,10,0,20.0,2.0,2.0,1.0,149.06,0
6.0,2,3,8.0,3,1,4.0,5,4,4,1,2,0,15.0,3.0,3.0,3.0,147.69,0
13.0,1,1,31.0,4,1,3.0,4,2,1,2,9,0,14.0,1.0,2.0,8.0,166.08,0
12.0,1,1,17.0,3,0,4.0,5,0,3,1,5,0,13.0,1.0,2.0,11.0,257.06,0
6.0,1,3,8.0,5,0,3.0,4,0,1,1,3,0,20.0,1.0,6.0,3.0,229.22,0
11.0,1,1,17.0,4,0,3.0,2,0,1,1,3,1,23.0,1.0,7.0,9.0,262.44,0
1.0,1,3,15.0,6,0,3.0,4,2,3,1,2,1,23.0,1.0,2.0,5.0,174.07,0
26.0,0,3,32.0,4,1,3.0,4,4,1,1,4,0,16.0,2.0,2.0,1.0,159.82,0
18.0,2,1,8.0,3,1,3.0,4,4,1,2,8,1,13.0,2.0,2.0,3.0,149.36,0
1.0,2,3,12.0,3,1,3.0,4,4,5,2,3,1,12.0,2.0,2.0,3.0,148.8,0
13.0,0,1,16.0,4,1,3.0,4,5,1,2,4,0,15.0,2.0,2.0,4.0,291.97,0
1.0,0,3,16.0,5,1,3.0,4,4,5,1,3,0,20.0,2.0,2.0,1.0,142.9,1
10.0,1,3,10.0,3,0,4.0,5,0,1,1,2,0,20.0,1.0,4.0,5.0,201.44,0
10.0,0,1,11.0,4,0,4.0,4,2,4,1,9,0,14.0,1.0,2.0,3.0,176.31,0
27.0,0,1,8.0,4,1,3.0,4,2,3,1,3,0,22.0,1.0,2.0,10.0,188.06,0
1.0,1,1,8.0,3,1,3.0,4,4,1,1,10,1,15.0,3.0,3.0,3.0,172.87,1
16.0,1,1,9.0,4,1,3.0,4,5,3,1,7,0,15.0,1.0,5.0,11.0,291.97,0
20.0,2,1,14.0,1,1,4.0,4,4,3,1,10,0,12.0,6.0,9.0,9.0,148.39,1
15.0,1,1,32.0,4,0,3.0,5,1,4,1,2,0,23.0,2.0,2.0,11.0,260.7,0
8.0,1,3,32.0,5,0,4.0,5,2,3,1,3,0,22.0,2.0,2.0,8.0,192.12,0
10.0,0,3,22.0,5,1,3.0,5,2,1,1,3,0,23.0,6.0,9.0,11.0,179.06,0
15.0,1,3,10.0,4,1,3.0,5,2,4,1,4,0,12.0,2.0,2.0,3.0,214.38,0
6.0,2,1,9.0,1,1,4.0,4,4,5,2,3,0,15.0,1.0,2.0,3.0,149.39,0
9.0,1,2,32.0,4,0,3.0,4,0,1,2,3,1,17.0,2.0,2.0,3.0,213.37,0
12.0,1,3,17.0,4,0,4.0,4,2,1,1,3,0,12.0,1.0,2.0,10.0,178.43,0
14.0,0,3,8.0,4,1,4.0,4,2,3,1,9,0,13.0,2.0,2.0,2.0,192.28,1
10.0,1,3,18.0,5,0,4.0,5,2,1,1,6,0,14.0,2.0,2.0,1.0,191.52,0
19.0,1,3,27.0,4,0,3.0,4,2,3,2,10,0,16.0,1.0,2.0,2.0,173.5,0
14.0,1,1,9.0,4,1,2.0,5,4,3,2,4,0,15.0,1.0,3.0,3.0,153.09,0
9.0,0,1,25.0,4,1,4.0,4,2,3,1,3,1,15.0,1.0,2.0,3.0,181.89,0
14.0,2,1,9.0,3,0,4.0,4,4,3,1,4,0,15.0,1.0,2.0,3.0,145.01,0
9.0,1,1,8.0,4,0,4.0,5,4,1,1,3,0,13.0,2.0,2.0,2.0,154.77,0
3.0,1,1,20.0,6,1,3.0,5,2,4,1,6,1,14.0,1.0,2.0,4.0,165.25,0
3.0,1,1,32.0,3,0,4.0,5,4,5,2,3,0,15.0,1.0,2.0,5.0,162.85,0
14.0,1,3,32.0,5,1,3.0,5,0,5,1,6,1,14.0,3.0,2.0,1.0,233.54000000000002,1
13.0,1,3,31.0,5,0,3.0,5,1,1,1,2,0,12.0,4.0,2.0,7.0,245.31,0
5.0,0,1,12.0,3,1,4.0,4,2,5,2,2,0,20.0,2.0,2.0,3.0,224.36,0
1.0,1,3,12.0,6,0,2.0,5,4,3,2,2,0,19.0,2.0,2.0,1.0,154.66,0
10.0,0,1,30.0,3,1,3.0,2,2,1,1,6,0,18.0,1.0,2.0,4.0,150.71,0
13.0,1,1,13.0,3,1,3.0,5,0,5,1,6,0,16.0,1.0,2.0,3.0,224.91,0
1.0,1,1,11.0,4,1,3.0,2,2,4,1,3,1,21.0,1.0,2.0,4.0,186.42,0
23.0,0,3,9.0,3,1,4.0,5,2,4,1,4,0,15.0,2.0,2.0,9.0,178.9,0
8.0,1,1,15.0,3,1,3.0,2,2,3,1,4,0,13.0,2.0,2.0,3.0,169.04,0
9.0,1,3,15.0,5,1,2.0,3,0,1,1,5,0,11.0,1.539214468884413,4.0,3.0,200.96,1
12.468129346912011,0,1,32.0,4,1,3.0,4,0,4,1,4,1,13.48937644897067,3.042494204117319,2.0,5.595611959263968,238.62070433274184,1
4.42234844720582,1,3,15.570391407867637,3,0,3.0,5,2,3,2,9,0,15.718434368529454,1.5703914078676366,2.0,3.5703914078676364,178.37407828157353,1
0.7406261488943705,2,1,8.740626148894371,5,1,3.481252297788741,4,4,3,2,7,0,16.25937385110563,0.7406261488943705,2.0,1.0,145.3605023897003,1
0.13702760101303746,0,2,7.137027601013037,4,0,3.1370276010130373,3,1,4,1,2,0,11.137027601013038,1.1370276010130373,5.862972398986963,7.137027601013037,197.45790403435024,1
1.0,2,1,28.06377815801503,3,0,3.468110920992486,4,4,3,1,4,1,12.0,1.0,2.0,3.4043327629774573,146.39489774735878,1
8.0,0,1,8.421135611609618,3,1,3.789432194195191,4,4,4,0,3,0,13.0,2.789432194195191,2.789432194195191,3.789432194195191,148.46211356116095,1
1.0,1,3,9.109639953940448,4,1,3.0,5,0,2,0,4,0,12.0,4.593573364039701,5.483933410099253,3.0,229.09287417693636,1
0.0,0,3,14.0,1,0,3.0,5,3,5,2,1,0,21.0,1.0,1.0,0.0,123.25,1
20.0,0,1,14.0,4,1,2.0,4,3,1,1,10,1,14.0,0.6547700463300276,1.0,0.0,123.80000000000001,1
4.514794446569018,1,1,21.41420092557183,3,0,3.0,3,0,1,0,4,0,12.656803702287322,0.4142009255718303,1.8284018511436606,4.171598148856339,179.6226036482827,1
1.0,0,1,15.197241594438005,3,1,3.0,4,4,5,2,4,0,12.0,1.2675861351873314,2.0,1.8027584055619945,156.15271739340287,1
1.0,1,1,9.355012553001862,2,1,3.0,4,4,2,0,6,1,14.0,3.0,3.0,3.0,159.61278237093651,1
11.90654148021011,1,3,32.0,5,1,2.121495391087765,4,0,4,1,4,1,13.0,0.24299078217553083,2.0,0.36448617326329624,209.4390658940495,1
11.0,0,3,16.0,4,1,3.0,5,1,3,1,9,0,12.0,3.461442974050478,2.0,11.0,254.36,1
1.0,0,2,15.0,6,0,4.0,5,4,1,1,8,0,12.0,2.0,2.0,3.0,146.8,1
3.6447548824722045,0,2,29.93426464741661,3,0,3.881584960824068,2,0,3,1,6,1,16.526339843296274,1.881584960824068,2.710490235055591,1.828905274231523,257.4326065629719,1
1.0,1,2,25.78810566955989,5,0,3.211894330440109,4,4,3,0,3,0,19.21189433044011,1.211894330440109,2.0,1.0,149.7233041252323,1
13.244009978930722,1,2,16.37799501053464,4,0,2.3110024947326804,3,0,2,0,2,0,17.37799501053464,1.8660149683960816,7.31100249473268,7.31100249473268,175.8775646862194,1
0.0,2,1,24.0,6,0,3.0,2,3,4,1,1,0,17.333862141635002,1.0,1.0,0.0,129.12097128374998,1
1.0,2,1,21.487458965048685,3,1,3.0,4,4,2,0,6,1,14.0,1.243729482524342,2.0,4.512541034951316,149.20645042600967,1
9.0,1,3,15.0,4,1,2.2676007988617073,3,0,1,1,4,0,12.338003994308538,2.92959680455317,4.0,4.07040319544683,199.68354418942965,1
1.0,0,3,17.99297850088282,4,1,3.66432616696094,4,4,5,0,3,0,19.33567383303906,2.0,2.0,1.0,144.5143125857151,1
0.0,2,1,14.0,3,1,3.0,4,4,3,2,2,1,11.0,1.0,1.0,2.0,139.89,1
9.0,1,1,8.0,5,1,2.5719122038506006,3,3,3,1,7,1,14.571912203850601,0.0,1.0,0.8561755922987986,123.02000000000001,1
0.0,2,1,14.0,0,1,2.0,3,3,3,0,3,1,13.0,0.9862466719514015,1.0,2.027506656097197,123.7386645966706,1
1.0,2,1,29.755792519097586,1,1,3.585264173032529,4,4,2,1,3,0,19.82947165393494,2.0,2.0,1.0,148.55345225597796,1
15.0,1,1,11.0,4,1,3.0,4,4,3,0,10,1,13.0,1.246134926163075,3.0,8.0,149.61,1
12.614405264129601,1,3,17.871468421376534,4,0,3.128531578623466,4,0,2,0,3,0,19.3855947358704,1.1285315786234662,7.228810528259203,8.0,201.1029926326802,1
11.789784930380419,0,1,15.963064520885874,4,1,2.678978493038042,4,0,2,2,3,0,14.715913972152167,2.0,2.0,6.247150548733707,233.4518107623287,1
0.0,0,1,12.411864740417496,4,0,3.0,3,3,1,1,2,1,17.17627051916501,0.0,1.0,0.823729480834992,129.095254103833,1
0.753594630745753,0,2,31.26078389223726,5,0,2.753594630745753,4,1,5,1,7,0,15.753594630745752,1.0,1.753594630745753,2.0,193.81789648417703,1
1.0,1,1,23.796332862227317,4,0,3.0,3,4,3,2,3,0,14.611001413318055,4.40733427554537,8.203667137772685,8.611001413318055,149.65079831082667,1
3.6897913392794703,1,3,8.637760825900662,4,0,3.6724478348198675,4,2,1,2,7,1,12.0,1.0,2.0,5.344895669639735,184.11439510870147,1
1.0,0,1,27.0,4,1,4.0,4,0,3,0,5,0,13.0,2.0,2.0,3.0,223.24,1
2.972134288996962,1,2,6.0,3,1,2.4245906127138515,4,0,3,0,7,0,12.273771838141554,1.4245906127138517,6.4524563237168895,6.5754093872861485,205.5507699218534,1
1.0,0,1,10.02214147547263,3,0,3.0,4,2,3,0,2,0,19.93357557358211,2.0,2.0,3.0,166.6486681129408,1
1.0,1,1,16.0,3,1,4.0,5,4,3,0,2,1,18.0,1.9451141887560088,2.0,1.0,158.88,1
0.0,0,3,32.0,3,1,3.0,5,2,5,2,9,0,18.0,0.69662727121739,2.0,2.0,149.69,1
13.0,0,3,10.469926251623237,2,1,2.504296249768109,3,2,3,0,6,0,12.991407500463783,1.0,1.0,1.9914075004637821,167.6170785501577,1
0.0,0,1,9.866254468816617,1,1,3.0,3,4,2,1,6,0,15.799381703224924,0.0,1.0668727655916916,2.0,138.8249788431823,1
13.682713304247514,1,1,14.0,3,0,2.8781911305016568,4,2,3,0,3,0,13.682713304247514,5.560904434749172,7.439095565250828,7.439095565250828,150.34966450963677,1
0.9804355702703718,0,1,15.0,3,1,3.9804355702703718,4,4,3,1,3,0,12.980435570270371,2.0,2.0,1.0195644297296282,144.0392174228108,1
1.0,0,2,7.512284757243485,4,0,3.0,4,4,4,1,3,1,12.0,2.02456951448697,2.512284757243485,2.02456951448697,148.10291159126862,1
15.542856920008083,1,1,15.22857153999596,3,0,2.8857142300020207,4,1,3,0,3,0,16.228571539995958,5.314285380012123,7.88571423000202,7.88571423000202,174.6534286900957,1
9.0,0,2,6.0,2,0,2.0,3,3,3,2,1,0,11.705597082622168,0.7648009724592773,1.0,2.7055970826221682,123.02000000000001,1
0.0,1,2,6.963306824766478,1,0,3.0,3,3,4,2,1,0,17.926613649532957,0.0,1.0,4.0,131.69889772507784,1
1.0,2,1,23.31896016391676,1,1,3.0,4,4,1,0,7,0,13.227013278694413,1.0,2.0,4.227013278694413,148.82663916229913,1
0.0,2,1,13.0,4,1,3.0,3,2,3,0,2,0,18.0,0.048557971274318934,1.0,1.0,148.83,1
1.0,1,1,22.22351069734898,5,0,3.2235106973489818,4,2,3,1,8,0,15.223510697348981,1.2235106973489818,2.0,1.4470213946979638,174.43520241701,1
9.0,2,3,9.165990193350058,0,0,2.0,3,2,2,1,2,0,13.388663397783354,0.0,1.0,1.2226732044332937,123.02000000000001,1
1.2853821952783182,0,1,31.714617804721684,3,1,4.0,4,4,4,2,2,0,12.285382195278318,1.857308902360841,2.0,4.857308902360841,160.39643716496641,1
0.0,2,1,13.0,1,0,2.0,3,3,3,1,4,1,13.0,1.9802606819364055,7.0,7.0,133.39,1
0.0,0,1,9.0,4,1,3.0,3,3,5,2,2,1,11.0,5.408119056825923,9.0,7.0,133.48,1
1.0,0,1,9.885619764241774,4,1,3.0,4,4,2,0,2,0,12.0,1.1143802357582269,2.0,1.2287604715164535,153.74503484322545,1
1.0,0,1,21.33429861764688,3,0,4.0,4,4,2,0,3,0,12.778099539215628,2.778099539215627,2.778099539215627,2.5561990784312543,150.88919456225483,1
0.0,2,3,13.570717450182551,5,0,3.0,3,3,4,2,2,0,13.0,1.0,1.285358725091276,0.5707174501825516,127.02114056732393,1
1.0,1,3,8.118436545059243,4,1,3.881563454940757,5,2,4,1,3,0,12.118436545059243,2.118436545059243,6.526253819763028,3.0,222.36858253196434,1
18.19394955910989,1,2,10.612100881780222,3,1,3.0,4,2,1,1,5,0,16.731316519703295,3.074733921186815,8.0,5.074733921186815,176.0115831781502,1
1.0,0,3,23.90817374283843,5,0,4.0,3,2,3,2,7,0,15.394550838107714,1.6972754190538568,2.0,3.6054491618922864,178.17945508381078,1
0.0,2,1,14.0,1,0,3.0,4,3,4,0,6,0,16.0,0.24736170592816398,1.0,1.0,125.46000000000001,1
0.0,1,3,8.139779006797422,3,1,2.0,4,0,2,0,3,0,11.0,5.5349447516993555,9.0,9.395165744901933,204.97196546894833,1
1.0,2,1,23.125829317842975,3,0,3.125829317842974,4,4,4,1,3,0,14.0,2.0,2.0,2.7483413643140517,148.52489821191594,1
9.0,0,3,6.796563524863909,3,0,2.0,3,3,4,2,2,1,11.0,1.7965635248639087,1.7965635248639087,2.0,123.02000000000001,1
9.0,1,2,28.0,6,1,2.0,5,4,3,1,2,0,11.0,0.0,1.0,0.0,123.02000000000001,1
1.0,0,2,20.142035120474045,5,0,3.2855087801185117,4,2,2,2,4,1,23.0,3.1434736596444655,7.0,8.0,168.91993187561545,1
1.5315773967749933,2,1,29.0,4,1,3.0,3,4,4,1,1,0,12.531577396774994,0.46842260322500684,1.4684226032250067,2.0631547935499865,139.74731813086976,1
17.531685386228013,1,2,11.936629227543971,3,1,3.0,4,2,2,1,5,0,16.510561795409338,3.9577528183626476,8.0,5.957752818362648,175.52813033194644,1
0.0,0,1,13.0,4,1,3.0,5,2,3,2,2,1,23.0,1.0,1.0,6.0,160.74,1
8.190862687191965,0,1,14.0,5,0,2.5954313435959824,3,3,2,1,6,0,11.404568656404017,1.0,1.0,2.0,123.26274119384242,1
0.0,0,1,27.453033278874525,4,0,2.515655573708491,3,0,3,0,6,0,13.453033278874527,1.0,1.0,0.9686888525830173,198.8502739771273,1
0.0,0,1,8.0,3,1,2.9866323167406046,3,3,1,0,6,1,13.0,1.9866323167406044,2.0,2.0,137.18551137719075,1
9.819478472885878,0,1,29.048696182214695,3,0,3.409739236442939,2,2,3,1,5,0,18.31234687201355,1.0,2.590260763557061,5.770782290671183,189.14117562143153,1
19.647774232950344,1,1,8.352225767049658,3,1,2.7044515340993156,3,5,4,1,7,1,14.647774232950342,3.943322698851026,6.534419630652395,6.943322698851026,291.97,1
9.0,0,2,17.953475008120222,4,1,2.9844916693734076,3,3,5,0,2,0,17.93796667749363,1.0,1.0,0.0,123.02000000000001,1
0.0,1,3,6.0,0,0,3.0,3,3,3,0,6,0,17.876472139255025,0.28088196518624375,1.0,2.0,128.306161342053,1
0.0,0,1,8.0,3,1,2.79204364071061,3,3,1,1,6,1,13.0,0.20795635928938994,2.0,2.0,136.68347259303337,1
1.1259562867287647,0,1,22.377868860186293,3,0,3.0419854289095882,3,0,3,1,8,1,13.167941715638353,1.0419854289095882,7.748087426542471,7.706101997632882,260.92534061573616,1
0.0,2,1,9.562219730256388,0,1,2.0,3,3,2,1,3,1,13.0,1.5207399100854624,2.0,2.0,134.52022982068033,1
1.0,1,1,7.363446586456313,3,1,3.8182767067718437,5,4,2,1,2,1,14.818276706771844,2.0,2.1817232932281563,3.0,161.81661604001312,1
5.201570777419661,0,1,20.74308153963138,3,0,2.74308153963138,3,0,1,1,1,0,11.25691846036862,1.0276738414744795,2.5415107622117192,5.51383692073724,178.68809654343337,1
1.0,1,1,22.0,3,1,3.0,4,0,3,0,9,1,13.0,1.0,8.0,8.0,261.1,1
0.0,0,3,14.0,5,0,2.0,5,3,3,1,1,0,16.0,0.5455851826691478,1.0,0.0,123.50999999999999,1
11.926829370084565,0,1,32.0,4,0,3.0,3,2,5,1,3,0,19.89024405512685,0.0,1.0,2.945122027563425,142.8403658531496,1
1.0,1,3,18.351435714411785,3,0,3.0,4,0,4,1,7,0,15.297128571176428,1.9009571429411907,5.198085714117619,3.0,226.0238368569529,1
2.4598953693252534,0,1,15.486631789775085,3,1,3.5133682102249155,4,4,3,2,3,0,13.973263579550169,1.4866317897750845,2.0,1.0,144.5947602403436,1
1.0,0,1,9.0,4,1,3.01078224604225,4,4,4,1,8,1,15.01078224604225,1.0,2.0,2.9784355079155,145.42517547810027,1
0.0,1,3,7.768451564034951,4,1,2.231548435965049,4,2,4,1,6,0,11.768451564034951,1.0,2.9261937438601953,3.1577421798252443,198.62311151858745,1
1.4021784222616631,0,1,16.057454060323096,3,1,3.057454060323095,4,4,4,2,3,1,12.0,1.0574540603230949,2.0,1.1149081206461895,156.5844084176375,1
0.0,0,1,16.0,3,1,3.0,3,0,3,1,7,0,11.0,0.9571624448808868,1.0,0.0,200.48,1
1.0,0,1,9.553613109736805,4,1,3.0,4,4,3,0,2,0,12.0,1.4463868902631947,2.0,1.8927737805263896,154.3692073536948,1
1.0,1,3,14.140007024266131,5,0,3.0,4,4,4,2,3,0,14.0,1.0700035121330658,2.0700035121330655,1.1400070242661315,151.84670284482777,1
1.0,0,1,11.541530514172713,1,0,3.270765257086357,4,4,4,2,3,0,19.729234742913643,2.0,2.0,1.0,154.6027403291694,1
1.0,0,1,14.0,4,1,4.0,5,2,3,2,3,1,23.0,2.0,2.0,7.0,185.74,1
8.413268526935193,1,1,14.706634263467596,4,1,2.0,3,3,5,1,4,0,13.413268526935193,1.0,1.0,0.5867314730648072,123.19601944191945,1
1.0,2,1,31.0,1,1,3.625519600031983,4,4,2,1,3,1,18.625519600031982,1.625519600031983,2.0,1.0,148.65464667197827,1
0.6305180659686197,0,1,10.0,4,1,3.2610361319372396,4,3,3,2,2,1,12.0,5.26103613193724,8.261036131937239,6.522072263874479,158.40610361319372,1
0.0,2,3,8.0,5,1,3.0,3,3,5,1,1,0,11.0,0.9546807210391054,1.0,2.0,130.41,1
1.0,1,2,9.0,1,1,3.0,5,4,1,2,3,0,13.0,1.6500550604703603,2.0,1.0,150.64,1
1.0,0,3,26.0,5,1,4.0,2,2,1,2,10,1,14.0,1.9292884022620593,2.0,5.0,178.04,1
0.0,1,3,19.345414239736858,4,0,3.0,3,0,5,2,3,1,18.862320388458652,0.0,1.0,1.1376796115413468,184.35062977358646,1
19.168632293778032,1,1,14.0,4,1,2.83136770622197,3,3,1,1,3,0,15.66273541244394,0.0,1.0,0.0,125.52093115187948,1
20.369302018999736,1,1,13.21162752374967,2,0,3.157674495250066,5,0,4,1,7,0,15.315348990500132,1.842325504749934,5.369302018999736,3.0,225.3338559373526,1
0.0,0,1,6.373241156379234,4,0,3.0,2,0,4,2,2,0,11.0,2.2535176872415326,4.0,7.0,174.46,1
1.0,2,2,9.0,3,0,3.368011319603811,4,4,3,1,3,0,13.631988680396189,2.0,2.0,2.263977360792378,145.55040339588115,1
0.19074320454611726,0,1,31.713885193180825,0,1,3.0,3,3,4,2,1,0,11.190743204546116,0.9046283977269414,1.0,3.9046283977269414,135.19532930966048,1
8.68896425779717,0,1,10.414714322937106,1,1,2.0,3,3,1,1,10,1,22.274249934860066,1.0,1.0,0.0,123.15996608399128,1
8.951342336338287,1,2,15.340603645631994,4,0,2.0973153273234266,3,0,1,1,4,0,11.048657663661713,0.04865766366171331,3.9026846726765734,3.1459729909851397,201.14587227518774,1
6.0,0,1,26.0,3,1,3.0,2,4,3,1,8,1,13.0,1.837969813249781,3.0,3.0,152.59,1
2.1478580447478057,0,2,28.72178706712171,4,0,3.426070977626097,2,0,3,1,5,0,14.72178706712171,1.4260709776260971,2.0,1.278212932878291,228.23318249465297,1
13.355902930007279,0,2,12.644097069992721,3,0,3.54803235666424,4,4,3,1,6,1,12.45196764333576,1.54803235666424,5.7401617833212,8.0,150.67318277192865,1
0.0,2,1,14.0,2,0,3.0,4,3,4,1,6,0,17.915707237966448,1.0,1.0,0.5210731905083879,124.77992393052192,1
0.0,2,2,6.7004059821814606,1,0,3.0,3,3,3,1,7,0,19.35020299109073,1.0,1.0,3.7510149554536514,127.67431121828562,1
0.3225265851765271,0,2,7.0,4,0,3.322526585176527,3,1,4,1,2,0,11.322526585176528,1.9675797555295813,5.6774734148234725,7.3225265851765275,197.88826167760953,1
1.0,1,1,25.0,6,0,3.758501880916391,3,4,2,1,2,0,19.517003761832783,2.0,2.0,1.0,152.5651400531899,1
0.0,0,3,32.0,4,1,2.014628258877676,3,2,1,1,2,1,17.89760218785627,0.0,6.912230446733946,7.014628258877676,158.10132861259976,1
9.0,1,2,27.20724229976888,6,1,2.0,4,3,3,1,2,0,12.585515400462244,0.7927577002311217,1.0,0.0,123.02000000000001,1
0.5735282638333263,0,1,6.8602923957499895,3,0,3.0,2,0,4,1,3,0,11.286764131916662,2.4264717361666737,3.4264717361666737,6.426471736166674,174.19904463995584,1
2.8401394820984973,0,2,31.613379827366167,3,1,3.386620172633834,5,0,4,2,3,0,13.0,1.386620172633834,2.0,3.0,214.50177295780213,1
1.0,2,1,15.0,6,1,4.0,5,4,5,0,3,1,12.0,1.3375160530583918,2.0,8.0,146.19,1
1.0,0,2,10.959112020796326,4,0,4.0,4,4,4,1,3,1,14.306074680530884,2.0,2.0,1.0,144.46004681307974,1
13.0,0,3,10.873958781362903,2,1,2.3907551523296373,3,2,3,1,5,0,13.218489695340725,0.3907551523296371,1.0,2.218489695340726,167.69428649641586,1
1.0,0,1,15.0,3,1,4.0,4,4,3,2,3,0,13.0,1.158678873689685,2.0,1.0,144.04,1
1.0,0,1,9.25823101966616,1,1,3.0,5,4,2,1,2,0,12.74176898033384,1.7417689803338399,2.0,1.0,151.3862876468352,1
10.0,1,3,16.0,4,1,3.3945882424924125,4,0,1,1,4,0,13.972941212462064,2.1837647274772385,5.0,3.0,224.07781408331118,1
9.0,1,1,6.0,2,0,2.0,3,3,3,2,1,0,12.700510666054502,0.4331631113151664,1.0,3.700510666054501,123.02000000000001,1
9.0,0,3,6.225697317055404,2,0,2.0,3,3,4,2,2,1,11.0,1.2256973170554049,1.2256973170554049,2.0,123.02000000000001,1
20.557754864815028,0,1,8.852584954938342,3,1,2.852584954938343,4,3,1,1,9,0,15.147415045061658,1.0,2.7370752253082866,1.2948300901233145,149.21276212617266,1
0.5416464182167599,0,2,30.62493925465028,5,0,2.54164641821676,4,1,5,1,8,0,15.541646418216759,1.54164641821676,1.54164641821676,2.0,195.41598600664562,1
9.0,1,1,14.75826729205606,4,0,2.0,3,3,4,2,3,0,13.516534584112119,0.7582672920560591,1.0,0.0,123.02000000000001,1
1.0,2,1,8.38619097361086,4,0,3.69309548680543,4,4,5,0,3,1,12.69309548680543,1.69309548680543,2.0,1.0,146.4919160573267,1
7.829942430800156,0,1,14.0,0,1,3.0,3,3,3,1,2,0,12.0,1.1700575691998436,1.5850287845999218,1.7550863537997654,123.25401151383997,1
10.436111618915845,0,2,14.712777676216831,4,1,2.0,3,0,1,1,4,0,12.148889295132676,0.28722232378316903,3.138333028650493,3.0,202.55121167375876,1
11.841364021548909,1,3,17.61378800718297,4,0,3.3862119928170307,4,0,2,1,4,0,20.15863597845109,1.3862119928170307,5.682728043097816,8.0,200.22687922442208,1
1.0,1,3,7.0,1,0,4.0,4,4,4,2,3,1,17.0,1.4114950648410112,2.0,5.0,157.02,1
18.258508883669954,1,1,18.88776332550493,3,0,2.8146272209174885,3,3,4,1,8,0,17.443881662752467,3.5561183372475345,4.5561183372475345,3.741491116330046,149.58921798860183,1
0.599771314970498,0,3,30.799313944911493,4,0,3.199542629940996,4,1,2,0,2,0,12.400228685029502,0.599771314970498,2.400228685029502,9.400228685029502,178.04421396991958,1
1.0,1,1,17.72302741445379,3,0,4.0,5,2,4,1,6,0,15.584541121680681,2.1384862927731065,2.1384862927731065,1.2769725855462128,172.2479066762454,1
2.7372792796468515,1,1,12.474558559293703,3,0,3.8686396398234257,4,4,5,1,9,0,21.868639639823424,2.0,2.8686396398234257,3.6568018008828718,149.438021891335,1
0.0,0,1,9.27565559367046,3,0,2.0,3,4,2,1,2,0,12.82696678101138,5.724344406329539,6.448688812659079,6.724344406329539,139.75667351687508,1
8.305206072010362,0,3,18.254246620923873,4,1,2.0,2,1,4,2,2,1,13.27123310461937,1.7457533790761262,2.0,10.237260137228379,237.41982462881793,1
10.0,1,1,28.0,3,0,4.0,4,2,4,1,6,0,23.0,3.115854890301401,4.0,3.0,214.26,1
1.0,2,1,22.169336180331648,3,1,3.0,4,4,2,1,5,1,14.0,2.0,2.0,3.8306638196683505,148.99165910319553,1
0.0,0,3,14.0,5,0,2.0,5,3,3,1,1,0,16.0,0.133650581410518,1.0,0.0,123.50999999999999,1
1.0,2,1,9.0,3,0,3.556140811578699,4,4,4,1,3,0,13.443859188421301,1.556140811578699,2.0,1.8877183768426022,145.6068422434736,1
0.5492237161136362,0,1,30.64767114834091,3,1,3.0984474322272724,4,3,3,1,2,0,12.450776283886364,1.0,1.5492237161136362,3.1968948644545447,159.50601094115157,1
0.0,2,1,14.0,0,1,2.9584978356677403,4,3,2,1,2,0,18.08300432866452,1.0,1.0,0.0,123.41535580080294,1
11.293260587869868,1,3,17.43108686262329,4,0,3.5689131373767107,4,0,2,1,5,0,20.706739412130133,1.5689131373767107,4.586521175739737,8.0,199.60569533291917,1
17.802629420388968,1,2,29.549342644902758,3,0,3.0,3,0,3,1,4,0,12.549342644902758,3.8026294203889695,5.154601485680697,3.8026294203889695,203.86710599706774,1
1.0,0,1,21.933497201441796,5,0,3.4667486007208974,5,4,4,1,3,1,23.0,1.5332513992791026,4.3337430036044875,5.3337430036044875,163.25147753726878,1
0.36323828295567284,2,1,20.636761717044326,6,1,2.363238282955673,3,2,3,1,7,0,14.726476565911346,0.7264765659113457,1.7264765659113457,0.36323828295567284,148.34363238282955,1
0.0,1,1,15.496465662663791,3,0,2.0,3,3,3,1,2,1,11.0,0.0,1.0,0.7482328313318959,123.06280041867359,1
5.675125628512617,0,2,27.900167504683488,4,0,3.774958123829128,4,4,3,1,3,1,23.0,1.0,2.0,2.5499162476582558,156.4472587939959,1
1.0,0,3,16.0,5,0,3.0,4,4,3,2,3,0,14.471275580901564,1.5287244190984357,2.5287244190984355,3.0,150.54052571146016,1
1.3481645853679392,0,1,31.65183541463206,3,1,4.0,4,4,4,2,2,0,12.34816458536794,1.8259177073160304,2.0,4.82591770731603,160.52984974390685,1
0.46311471383751146,0,2,15.463114713837511,4,0,3.4631147138375113,3,2,5,1,3,0,17.463114713837513,0.46311471383751146,1.4631147138375113,5.315573569187557,180.48942638169422,1
0.0,2,1,14.0,3,1,3.0,4,4,3,2,2,1,11.0,1.0,1.0,2.0,139.89,1
1.0,0,1,10.3452909246437,1,1,3.654709075356299,4,4,5,2,2,0,21.964127226068896,1.345290924643701,2.0,3.6188363014251963,155.57457470720962,1
16.47130218739737,1,3,31.176232604200877,4,1,3.823767395799123,4,0,5,1,7,1,14.0,1.352465208401754,2.823767395799123,2.647534791598246,230.19550437305554,1
9.0,1,1,14.063140292927391,4,0,2.0,3,3,4,2,2,0,12.126280585854783,0.06314029292739132,1.0,0.0,123.02000000000001,1
12.330371450221682,1,3,17.776790483407225,4,0,3.2232095165927728,4,0,1,1,3,0,19.66962854977832,1.0,6.6607429004433625,8.0,200.78108764358456,1
0.7134082681529152,0,2,8.0,4,0,3.0,4,3,1,1,7,0,13.82164793296177,0.0,1.0,0.0,127.83751535530732,1
1.0,1,2,9.538477072411393,3,0,3.538477072411393,4,2,3,2,9,0,16.38456878276582,1.5384770724113932,3.0,1.4615229275886068,169.87003029120223,1
0.9833056568184674,0,1,7.0333886863630655,4,0,3.9666113136369345,2,0,3,1,2,0,11.983305656818468,3.9833056568184673,4.9666113136369345,7.983305656818468,199.523271560658,1
1.0,0,2,29.0,6,0,3.0,5,4,4,1,3,0,13.0,2.0,2.0,1.0,153.63,1
0.0,0,2,18.320987694687,4,0,2.2263374351043344,3,1,3,1,4,0,11.0,0.22633743510433424,1.7736625648956656,1.5473251297913315,198.9790946241024,1
1.0,0,3,7.7478385744120715,1,1,4.0,4,4,3,0,5,0,16.0,2.0,2.0,3.0,154.09,1
1.0,1,1,11.150608103218275,1,1,3.0,4,4,1,1,3,1,15.698783793563452,4.698783793563452,5.548175690345178,6.397567587126904,161.53347974195432,1
1.5655382270939784,0,1,8.565538227093977,3,0,3.0,3,1,4,1,5,0,11.782769113546989,1.7827691135469892,2.4344617729060216,5.434461772906022,173.74768010667225,1
3.752069079749025,1,1,21.463990131464424,3,0,3.0,3,0,2,0,2,0,11.92798026292885,0.0,1.0,2.680049342677875,180.62910194057991,1
1.0,2,1,23.735995650040532,3,0,3.0,4,4,3,1,3,1,14.0,4.207986950121603,6.415973900243205,6.679978250202671,148.88455908650852,1
0.0,0,2,25.923795138329798,5,0,3.0,3,3,3,1,1,0,11.58475902766596,0.5847590276659596,1.0,0.0,128.12340601375246,1
1.3346076702312377,0,1,23.003823010693715,3,0,3.1115358900770795,3,0,3,1,8,1,13.446143560308318,1.1115358900770793,7.330784659537525,7.219248769460445,260.63601069727935,1
0.8243268918792692,0,2,6.824326891879269,4,0,3.0,4,4,3,2,2,0,13.17567310812073,1.8243268918792692,1.8243268918792692,1.1756731081207308,138.36338169052425,1
9.0,0,1,16.0,0,0,3.0,4,4,4,2,2,1,23.0,0.6300398784799822,1.0,0.0,123.02000000000001,1
1.0,0,1,21.28375921149779,5,0,3.1418796057488967,5,4,4,1,3,1,23.0,1.8581203942511035,2.7093980287444825,3.7093980287444825,162.67970810611806,1
10.297365665896505,1,3,8.78377238901725,5,0,3.5675447780344984,5,5,3,1,3,0,15.0,2.6486828329482526,2.864910443931003,10.567544778034499,291.97,1
1.0,0,1,14.713045204477329,3,1,3.0,4,4,5,2,4,0,12.0,1.4289849318408905,2.0,2.2869547955226714,155.81055194449732,1
0.0,2,1,14.0,0,1,2.0,3,3,1,0,6,0,12.201065152049946,0.0,1.0,3.201065152049945,123.80873495491446,1
6.971597919981321,1,2,15.971597919981322,4,0,2.9715979199813214,4,2,3,2,6,0,12.51420104000934,0.9715979199813216,1.4857989599906607,3.0,153.8972190639916,1
1.0,1,3,23.0,4,0,4.0,4,0,3,1,4,0,15.84639782230015,1.0,2.0,1.5275422349428998,207.67299760340995,1
6.309258796188779,0,2,28.74567839491837,4,0,3.563580401270407,4,4,3,1,3,1,23.0,1.0,2.0,2.127160802540814,156.49164811573323,1
10.999368541296617,1,3,8.666771909783897,5,0,3.3335438195677947,5,5,3,1,3,0,15.0,1.6664561804322056,3.332912360864411,10.333543819567794,291.97,1
0.0,0,1,31.811345147417914,3,0,2.0,4,2,3,2,1,0,22.094327426291045,2.9056725737089564,3.5659645577462618,8.188654852582086,145.16583795792485,1
1.0,0,1,15.748004736371403,3,1,3.7480047363714033,4,2,5,1,6,0,18.0,1.2519952636285967,2.0,6.740023681857017,178.40960094727427,1
0.0,2,1,14.0,0,1,2.0,3,3,3,1,2,1,13.0,0.812713619893062,1.0,1.812713619893062,123.7599658208171,1
8.413675711561082,2,1,13.293162144219458,4,1,2.7068378557805413,3,3,5,1,4,0,13.413675711561082,0.29316214421945885,1.0,2.7068378557805413,123.19589728653169,1
2.901790762579097,1,2,28.032736412473636,4,1,2.9672635875263653,4,2,3,0,3,1,12.032736412473634,1.0,1.0,0.03273641247363446,163.64810304612234,1
1.0,1,1,9.479956172381922,4,0,3.0,4,4,3,2,3,0,13.82665205746064,1.1733479425393596,2.0,1.0,139.094257755051,1
1.0,0,1,12.806187455753076,3,0,3.9030937278765383,4,4,2,2,3,0,19.096906272123462,2.0,2.0,1.0,154.30554594789803,1
0.0,1,3,9.933571083457648,3,1,2.0,4,0,1,0,2,0,11.0,5.800713250372944,8.601426500745887,7.9335710834576485,203.95017831259324,1
0.0,1,2,30.397304016252384,3,0,2.0,4,2,3,2,1,0,22.801347991873808,2.0,7.808087951242851,9.602695983747617,145.80922667260518,1
9.0,1,1,30.3257411579935,4,0,2.325741157993501,3,3,3,1,4,1,15.628705789967505,0.0,2.9544469479610056,4.628705789967505,123.02000000000001,1
15.994281418639211,1,3,8.994281418639211,5,0,2.994281418639211,5,5,2,0,2,0,15.994281418639211,5.99428141863921,6.99428141863921,9.994281418639211,291.97,1
0.0,1,1,11.136696987107502,2,0,2.4658257532231245,3,3,3,1,3,1,12.068348493553751,4.931651506446249,7.931651506446249,7.0,133.43192431779008,1
1.0,1,3,16.0,4,1,3.0,5,3,5,2,9,0,23.0,1.0,2.0,4.0,159.07,1
1.0,1,3,9.087909182656,4,1,3.0,5,0,2,0,4,0,12.0,4.6080605448959995,5.520151362239998,3.0,229.1134459737523,1
14.954313340710415,1,3,31.681895553096528,4,1,3.318104446903472,4,0,5,1,6,1,14.0,3.0,2.318104446903472,1.6362088938069441,232.2484959455719,1
0.0,0,2,17.15536233715934,6,1,2.0,2,2,3,1,8,0,12.07768116857967,0.9611594157101652,1.0,1.9223188314203303,147.1193275420481,1
1.0,2,1,9.0,3,0,3.8917108652027457,4,4,4,1,3,0,13.108289134797253,2.0,2.0,1.2165782695945082,145.70751325956084,1
1.0,2,2,28.150820994498297,6,1,3.0,5,4,3,1,3,0,13.698358011003409,1.8491790055017043,2.0,1.0,145.35635317113966,1
9.0,0,3,6.406011801706111,2,0,2.0,3,3,4,2,2,1,11.0,1.4060118017061107,1.4060118017061107,2.0,123.02000000000001,1
9.0,0,1,8.041095651226744,4,1,2.0136985504089147,3,3,5,0,7,0,14.041095651226744,1.0,1.0,1.972602899182171,123.02000000000001,1
8.839555507088573,0,1,14.0,5,0,2.919777753544286,3,3,1,1,6,0,11.080222246455714,1.0,1.0,2.0,123.06813334787344,1
1.0,1,3,11.687803631782396,5,1,3.0,5,2,2,2,3,1,12.312196368217604,2.2487854728704146,3.873178209305622,4.312196368217604,182.70224494930278,1
9.078714564978386,0,2,14.984257087004323,4,1,2.0,3,0,1,1,4,0,11.062971651982707,3.952771261012969,3.952771261012969,3.0,201.04721573799605,1
1.0,1,1,9.965700436169604,1,0,3.0171497819151982,4,4,5,2,7,0,12.034299563830396,1.0171497819151982,2.0,5.051449345745595,151.51940814335015,1
1.0,0,1,15.833206603284822,3,1,3.083396698357589,4,4,4,1,2,1,22.91660330164241,2.0,2.0,3.0,148.17163751875552,1
2.1753659915237837,0,1,9.881524493642837,4,1,3.293841497880946,4,4,5,1,8,0,15.881524493642837,1.2938414978809458,2.0,2.4123170042381084,145.6109969736226,1
1.0,2,3,28.0,6,1,3.0,5,4,4,2,3,1,14.0,1.6910440099318473,2.0,1.0,146.21,1
0.2652891552019063,0,1,7.2652891552019065,3,0,3.0,2,0,4,1,2,0,11.132644577600953,1.0,3.7347108447980935,6.7347108447980935,174.33929343438314,1
8.0,2,1,10.0,4,1,3.0,4,4,5,0,6,0,13.0,2.0,2.0,3.0,148.62,1
0.021384643417457827,2,1,30.97326919572818,4,0,3.0,3,3,1,2,2,1,22.994653839145634,0.0,1.0,1.0053461608543643,127.96844425494754,1
9.0,2,2,26.0,0,0,3.0,3,3,4,1,1,1,11.0,0.0,1.0,4.0,123.02000000000001,1
0.0,0,2,30.755554641833157,4,1,2.585184880611053,3,2,1,0,2,1,11.829630238777895,0.4148151193889472,1.0,5.096294164277369,157.41029720697296,1
1.1953300895253345,0,1,7.7929951342880015,3,0,3.0,3,1,4,1,4,0,11.597665044762667,2.4023349552373325,2.8046699104746655,5.804669910474665,173.916124809266,1
1.0,0,3,25.781187215163563,4,0,4.0,4,2,3,0,3,1,16.265844746927524,3.2188127848364356,3.609406392418218,3.0,170.92517351583,1
0.0,2,1,24.0,6,0,3.0,2,3,1,1,1,0,18.86134333922447,1.0,1.0,0.0,127.11233350891983,1
18.361677760208174,1,1,8.361677760208174,3,1,3.3616777602081735,3,5,5,1,6,1,14.638322239791826,1.3616777602081735,1.3616777602081735,4.361677760208173,291.97,1
1.0,1,1,8.733003619628354,3,1,3.0,4,4,2,1,8,0,17.19901085888506,3.0,3.0,2.266996380371647,169.90133534050517,1
1.0,0,3,31.0,3,1,3.67612539758829,4,4,2,2,3,0,15.97162380723513,1.6761253975882902,2.0,1.0,136.09255385734883,1
19.446258026682422,1,1,8.138435493329395,4,0,2.1384354933293945,3,5,3,1,7,0,15.138435493329395,6.0,8.723129013341211,8.276870986658789,291.97,1
9.0,0,3,6.0,2,0,2.4211598319644074,4,3,4,2,2,1,11.0,1.0,1.0,2.0,123.02000000000001,1
1.0,0,2,26.44412412662197,3,1,4.0,4,0,3,1,3,0,13.569484484172254,1.430515515827746,2.0,1.8610310316554923,209.02519204379365,1
1.0,0,1,18.0,3,0,3.8684107879413823,4,2,3,1,7,0,15.605232363824147,2.0,2.0,1.263178424117236,172.67788755155897,1
1.6208723416243531,1,3,8.241744683248706,3,0,2.379127658375647,3,2,3,0,6,1,18.758255316751296,1.0,1.3791276583756469,1.137382975126941,152.6150591481929,1
14.170682732427355,0,3,19.628514056340567,4,1,3.0,2,1,3,2,5,1,16.142570281702827,1.0,5.857429718297171,9.742971887318868,262.18403614450546,1
1.0,2,1,22.85558117615456,1,1,3.0,4,4,1,0,7,0,13.381472941281814,1.6185270587181857,2.0,4.381472941281815,148.93321632948445,1
20.266145306999025,0,1,13.036200811505356,4,0,3.0,4,4,2,0,10,1,16.10078203950146,1.0,2.733854693000974,1.733854693000974,149.10454969759542,1
9.0,0,2,14.0,6,0,3.0,4,3,1,1,7,0,11.0,1.0,1.0,2.0,123.02000000000001,1
1.0,0,1,12.443059362330422,3,0,3.0,4,4,3,1,2,0,17.55694063766958,1.0,2.0,2.113881275339158,148.9054278527454,1
1.0,0,1,9.494147670637883,3,1,4.0,4,4,2,1,7,0,14.0,1.4941476706378827,2.505852329362117,3.0,163.74691630227105,1
5.416864101490065,0,2,27.555818801986753,4,0,3.8610452995033118,4,4,3,1,3,1,23.0,1.0,2.0,2.7220905990066235,156.4291804871043,1
1.0,1,1,30.15533239498436,3,1,3.0,4,4,2,1,3,0,22.07766619749218,2.0,2.0,1.5388330987460899,151.02232235275866,1
10.0,1,3,16.0,3,1,3.9399317919698227,4,0,1,1,3,0,16.699658959849113,3.819795375909467,5.0,3.0,221.47652535230395,1
1.0,2,1,9.495996236403673,4,1,3.504003763596326,4,4,3,2,3,0,13.495996236403673,2.0,2.0,1.0,139.06391898382898,1
0.0,0,1,16.0,3,1,2.9492006931808916,3,0,3,1,7,0,11.304795840914652,1.152397920457326,1.2539965340955428,0.0,200.6110622115933,1
1.0,1,2,25.832831901869074,5,0,3.167168098130924,4,4,3,0,3,0,19.167168098130926,1.1671680981309243,2.0,1.0,149.59807067476657,1
0.0,1,3,10.0,3,1,2.0,5,0,1,0,2,0,11.0,6.0,9.0,8.0,204.0,1
20.454565685186463,1,1,13.31820710648308,2,0,3.136358578703384,5,0,4,1,8,0,15.272717157406769,1.8636414212966161,5.454565685186465,3.0,225.29953731171247,1
0.0,2,3,26.0,4,0,3.0,5,2,3,0,4,1,11.0,0.11006328420111522,2.0,2.0,145.59,1
4.524669772598898,0,3,29.224858473970958,4,0,4.0,4,2,3,0,4,1,13.0,1.9250471753430145,2.0,1.2248584739709565,188.8127419801917,1
0.0,0,1,27.105069454751327,4,0,2.6316435150828914,3,0,3,0,6,0,13.105069454751325,1.0,1.0,0.7367129698342167,198.70412917099557,1
9.0,1,2,10.891218502955377,2,1,2.0,3,2,1,1,3,0,13.94560925147769,0.0,1.0,0.0,123.02000000000001,1
0.7114865526983769,0,1,7.711486552698377,3,0,3.0,2,0,4,1,3,0,11.35574327634919,1.3557432763491883,3.2885134473016233,6.288513447301623,174.13627361852224,1
14.0,1,3,32.0,5,1,3.0,5,0,5,1,6,1,14.0,1.0515046917104878,2.0,1.0,233.54000000000002,1
1.0,0,1,9.930199345385372,4,1,3.0,4,4,2,0,2,0,12.0,1.069800654614629,2.0,1.1396013092292578,153.6612252306755,1
1.0,0,3,18.0,6,1,3.0,2,2,3,0,10,0,13.0,2.0,2.0,3.0,172.07,1
11.0,0,3,16.0,4,1,3.0,5,1,3,1,9,0,12.0,3.0088226009625103,2.0,11.0,254.36,1
9.0,0,1,8.18974141330047,3,0,3.0,3,4,3,2,2,0,12.0,0.0,1.0,0.0,123.02000000000001,1
1.0,1,3,7.586172534679204,4,1,3.0,5,2,4,2,8,0,16.0,1.0,2.0,1.0,192.35,1
8.162500967485812,1,1,26.979167204158784,3,0,4.0,4,1,4,1,5,0,22.591666881663514,2.0,3.5916668816635138,3.0,213.52091705581094,1
0.0,2,1,14.0,0,0,3.0,3,3,5,1,2,1,17.0,0.0,1.0,0.0,123.97999999999999,1
9.0,2,1,6.84054768580555,1,0,2.0,3,3,3,2,1,0,13.579726157097225,0.42027384290277525,1.0,3.739178471291674,123.02000000000001,1
1.0,1,1,18.358733210802832,3,1,3.0,4,2,5,1,3,0,16.90582214053522,1.0,2.0,6.282533578394335,167.22058221405354,1
1.102511209700578,0,2,30.0,5,0,3.0,3,0,4,1,9,1,16.0,1.948744395149711,2.0,2.846233185449133,224.88134170008615,1
1.0,1,3,27.0,4,0,4.0,5,2,3,0,5,1,12.0,1.9393950922850902,3.0,3.0,170.59,1
14.056186030338017,0,1,11.943813969661983,3,0,3.3146046565539944,4,4,3,1,8,1,12.685395343446006,2.258418626215977,4.573023282769972,8.0,150.22033303371475,1
0.0,2,1,14.0,0,1,2.0,3,3,4,1,3,1,13.0,1.0,1.0,2.0,123.72999999999999,1
0.17143417671054273,1,3,16.0,3,0,2.3428683534210855,4,0,5,1,8,0,17.17143417671054,3.485697469868372,5.314263293157829,0.6857367068421709,203.77659485865007,1
1.0,1,2,14.90715799984567,3,1,3.546421000077166,4,4,2,1,2,1,22.453578999922833,2.0,2.0,3.0,147.9586463399645,1
1.0,1,3,19.18410709962008,4,0,4.0,4,1,5,2,2,1,19.364617328408606,1.454872442802868,2.0,3.545127557197132,208.78656630552976,1
0.0,0,3,8.0,4,0,3.0,4,3,1,2,8,0,14.0,0.0,1.0,0.0,127.85,1
1.0,2,1,22.73063910460327,3,1,3.0,4,4,4,1,4,1,14.179573930264487,2.0897869651322436,2.0897869651322436,2.8204260697355132,148.69588095324974,1
1.0,0,3,31.0,4,1,4.0,5,4,1,2,3,1,15.0,2.0,2.0,1.0,136.18,1
0.0,2,1,15.0,3,0,2.0,3,3,5,2,8,0,22.04646490214849,0.9535350978515088,1.0,3.9535350978515087,141.63153332596247,1
12.763231279755995,0,2,6.0,5,1,2.1183843601220023,3,1,3,2,4,1,13.881615639877998,0.0,1.0,0.0,148.05304987159667,1
0.0,2,3,15.0,5,0,3.0,5,3,4,2,2,0,13.0,1.4155002044692098,2.0,2.0,127.6,1
3.667583901837655,1,2,29.498624147243518,4,1,4.0,4,2,3,0,4,1,14.163456343568209,1.8337919509188274,2.0,1.0,189.28698958380784,1
0.642577610323634,2,1,15.357422389676366,4,1,3.285155220647268,4,3,5,0,2,0,13.072267169029098,1.285155220647268,1.642577610323634,8.0,144.73886509791396,1
1.0,2,1,27.157115661847456,3,0,3.921442169076273,4,4,3,1,2,1,12.0,1.0,2.0,4.764326507228819,146.4674307470522,1
1.0,1,1,7.0,4,1,4.0,5,4,3,2,2,1,15.0,1.25943527674049,2.0,3.0,162.3,1
0.0,0,1,15.0,4,1,3.0,3,2,5,1,5,0,17.0,0.0,1.0,7.0,153.46,1
0.0,0,2,25.029586097151437,4,0,3.0,3,3,3,1,1,0,11.405917219430288,0.4059172194302876,1.0,0.0,127.90521900770494,1
8.0,0,1,7.702640205858229,3,1,3.702640205858229,4,4,4,1,3,1,13.0,2.702640205858229,3.0,4.0,148.42,1
0.06652760821085524,2,1,9.0,3,1,3.0665276082108552,3,4,4,0,5,0,13.0,1.0,1.0665276082108552,1.9334723917891448,140.218191900669,1
5.61523207644081,1,3,15.769205346073468,4,0,3.0,5,2,3,2,9,0,14.923178615706128,1.0,2.0,3.769205346073468,178.4138410692147,1
15.91567223226165,1,3,8.91567223226165,5,0,2.9156722322616497,5,5,2,0,2,0,15.91567223226165,5.91567223226165,6.91567223226165,9.91567223226165,291.97,1
8.0,2,1,10.0,4,1,3.0,4,4,5,0,6,0,13.0,2.0,2.0,3.0,148.62,1
0.24628601881053158,0,2,15.246286018810531,4,0,3.2462860188105314,3,2,5,1,2,0,17.246286018810533,0.24628601881053158,1.2462860188105316,4.231430094052658,181.3090388488962,1
0.0,1,1,14.0,1,0,2.0,2,3,3,1,3,1,13.309320228851993,0.6906797711480066,1.0,2.3093202288519934,123.91249893502267,1
0.0,2,1,8.0,4,0,3.0,3,3,5,0,8,0,20.0,1.0,1.0,7.0,127.07,1
9.0,0,1,22.0,1,1,2.0,5,3,5,1,2,1,23.0,1.504727099753845,3.0,0.0,123.07,1
11.0,0,3,14.0,0,0,3.0,3,3,3,1,3,1,11.0,1.071439075035749,7.0,7.0,126.55000000000001,1
16.0,1,3,9.0,5,0,3.0,5,5,1,0,3,0,16.0,4.633092445184982,7.0,10.0,291.97,1
9.621030012988786,1,3,32.0,5,1,2.3754411096679124,4,0,4,1,4,1,13.0,0.7508822193358253,2.0,1.126323329003738,211.31826421154256,1
1.0,0,1,17.0,3,1,3.800073432076868,4,0,3,1,8,0,13.199559407538793,1.799706271692528,2.9996328396156597,3.0,225.99581054524168,1
1.0,1,3,12.461666828315249,5,0,3.0,4,4,3,2,3,0,14.0,2.0,2.115416707078812,1.2308334141576245,153.40497079655827,1
0.12522055951683142,2,1,14.749558880966337,3,0,2.250441119033663,3,4,5,1,7,0,22.12522055951683,1.1252205595168314,1.1252205595168314,3.8747794404831684,142.46707268699777,1
0.0,2,2,15.0,1,0,3.0,3,3,3,0,2,0,15.0,1.7994470221547334,2.0,2.0,127.41999999999999,1
9.0,1,1,15.567545981744441,4,0,2.0,4,4,4,2,2,0,12.78377299087222,0.0,1.0,0.0,123.02000000000001,1
0.0,1,1,14.0,0,1,2.0,3,3,3,1,1,0,20.617576381226918,1.0,1.0,0.6175763812269193,123.59707861325647,1
5.0,0,3,18.0,4,1,2.0,3,1,5,2,1,1,12.0,4.412158220213133,2.0,11.0,237.57999999999998,1
1.0,2,1,29.143025305904235,2,1,3.381008435301412,4,4,2,1,3,0,20.237983129397175,2.0,2.0,1.0,148.62902687893848,1
1.0,1,1,11.703866498447505,1,0,3.059226700310499,4,4,3,2,3,1,14.177680100931497,1.0,2.940773299689501,3.1184534006209983,159.2684481862579,1
1.0,1,2,9.551823065614611,3,0,3.775911532807306,4,2,2,1,10,0,15.0,2.224088467192694,3.0,1.448176934385388,171.24058578110467,1
1.0,1,2,22.872063075488217,5,0,3.872063075488217,4,2,4,1,7,0,15.872063075488217,1.8720630754882168,2.0,2.7441261509764336,177.61310906989226,1
1.0,2,2,26.695014164850363,4,1,3.0,4,4,3,0,3,0,19.695014164850363,1.3475070824251811,2.0,1.0,149.00489745032692,1
19.564606353824264,0,1,14.0,4,1,2.4353936461757355,3,3,1,1,6,0,14.870787292351471,0.5646063538242644,1.0,0.0,124.70126484758379,1
12.228268878766766,1,1,10.604038411252395,4,1,3.0,4,4,3,0,8,0,13.0,2.0,2.604038411252395,6.020192056261975,149.21799802713988,1
1.0,0,2,32.0,3,1,3.669308609161879,4,2,5,1,9,0,19.0,0.6693086091618792,2.3386172183237584,2.0079258274856375,172.05769652892855,1
1.0,0,1,9.108106896743438,2,0,3.0,4,4,5,2,8,0,12.0,1.1081068967434375,2.0,1.4324275869737497,150.7137826208737,1
4.857639755340484,0,1,30.30605146352279,4,1,3.0,3,3,2,1,3,1,22.30605146352279,0.0,1.0,0.306051463522788,130.4898516435066,1
19.344368590736444,0,2,8.448122863578813,3,1,2.4481228635788144,3,2,1,1,7,0,15.551877136421187,0.8962457271576287,4.759385682105928,2.1037542728423713,150.34525598197934,1
0.4211811561728287,0,1,31.368228265740758,0,1,3.0,3,3,4,2,1,0,11.421181156172828,0.7894094219135857,1.0,3.789409421913586,135.68500995686725,1
21.0,1,1,14.0,3,0,3.0,5,0,5,0,9,1,15.0,3.751345823463952,6.0,3.0,225.08,1
3.4956456148021124,0,2,31.831881871600704,4,1,3.168118128399296,5,0,4,2,3,0,13.0,2.0,2.0,3.0,215.31460056235463,1
18.525049034736252,1,1,8.525049034736252,3,1,3.5250490347362518,3,5,5,0,6,1,14.474950965263748,1.5250490347362518,1.5250490347362518,4.525049034736252,291.97,1
9.0,1,2,27.05522252074303,6,1,2.0,4,3,3,1,2,0,12.889554958513942,0.0,1.0,0.0,123.02000000000001,1
0.9423834540022769,0,1,32.0,3,0,3.8847669080045537,4,3,3,1,2,0,20.115233091995446,1.0576165459977231,7.7119172700113845,8.942383454002277,145.21193368356032,1
1.0,1,3,12.0,5,1,3.0,5,2,3,2,3,1,12.0,1.925178794805027,2.0,4.0,182.44,1
2.2461731389976873,1,1,8.438456715250577,4,0,3.0,4,3,1,1,3,1,12.123086569498843,0.0,1.0,0.0,128.10884253643795,1
1.0,1,1,21.0,6,1,3.0,5,4,4,1,3,1,23.0,2.0,2.0,3.0,162.43,1
1.0,2,1,30.970607664574572,4,0,3.0,4,4,3,1,6,1,14.955911496861857,1.0,2.0,3.9706076645745707,145.2952840144212,1
4.0,0,3,31.0,4,0,4.0,2,1,4,2,6,1,17.0,2.0,2.0,1.0,256.94,1
11.970116332488773,1,3,32.0,5,1,2.1144315186123586,4,0,4,1,4,1,13.0,2.0,2.0,0.3432945558370757,209.38679323773147,1
1.0,0,1,10.008706147062544,1,1,3.9912938529374564,4,4,5,2,2,0,22.97388155881237,1.0087061470625436,2.0,4.965175411749826,156.00876907028933,1
2.0,1,1,9.0,3,1,3.0,4,2,4,1,6,0,12.0,1.8444285631306978,2.0,5.0,173.55,1
0.7927270209323324,1,1,17.414545958135335,3,1,3.0,4,3,2,1,8,0,13.792727020932332,1.0,2.0,3.585454041864665,159.54843693269294,1
0.6305809415830923,1,3,15.47767623366763,4,1,2.6305809415830925,3,3,1,1,3,1,22.36941905841691,2.3694190584169075,3.477676233667631,4.477676233667631,147.0333270266712,1
0.0,2,1,6.659120371174201,3,0,2.2197067903914003,3,3,1,1,10,0,14.0,1.7802932096085997,2.0,1.5605864192171992,147.40861574017808,1
1.0,0,1,10.0820832589173,3,0,3.979479185270675,4,4,4,1,3,1,12.04104162945865,5.917916741082699,8.979479185270675,8.0,158.47815312667436,1
9.0,0,3,6.173381654497511,2,0,2.8266183455024887,3,3,4,2,2,1,11.0,1.1733816544975113,1.1733816544975113,2.0,123.02000000000001,1
9.0,1,1,14.365595701003967,4,0,2.0,3,3,4,2,2,0,12.731191402007934,0.36559570100396677,1.0,0.0,123.02000000000001,1
1.0,0,1,12.353696686580735,3,0,3.0,4,4,3,1,2,0,17.646303313419267,1.0,2.0,2.2926066268385323,148.96887535252768,1
1.0,2,1,24.395041941664147,3,1,3.0,4,4,1,1,3,1,14.0,1.3024790291679267,2.0,2.3024790291679267,148.84160335533312,1
1.0,1,1,11.926119831439262,1,1,3.0246267228535793,4,4,3,2,3,0,13.950746554292841,1.0,2.9753732771464207,2.9507465542928415,159.42083575805557,1
0.0,2,1,14.0,3,0,3.0,4,3,4,1,6,0,19.319538330762875,0.8298845826907185,1.0,0.17011541730928148,124.28156389257917,1
1.0,0,3,20.0,4,0,3.8982380639532352,4,2,4,1,7,0,13.79647612790647,1.8982380639532352,2.8982380639532352,2.7964761279064705,185.96449845598744,1
0.0,2,1,14.0,0,1,2.0,3,3,3,1,3,0,12.776803332139888,0.776803332139888,1.0,2.223196667860112,123.71660819992839,1
0.0,2,3,14.0,5,1,2.0,4,3,4,0,2,1,18.0,0.0,1.0,0.0,124.13,1
1.0,1,1,12.973458203001698,5,1,3.9867291015008486,4,4,4,1,6,1,23.0,2.0,2.0,2.973458203001697,145.75813430481819,1
15.542731927078021,0,1,13.371804218765936,3,0,3.2713659635390107,5,0,1,1,3,0,16.27136596353901,1.0,2.0,3.7286340364609893,230.19472971537735,1
1.0,0,1,10.0,1,1,4.0,4,4,5,2,2,0,23.0,1.0,2.0,5.0,156.02,1
1.0,1,2,29.341371531748482,5,1,3.1706857658742407,5,4,2,1,3,0,12.512057297622722,1.1706857658742407,2.0,1.0,139.80410320312959,1
13.2933244663223,0,3,7.0,4,1,3.0,3,2,3,1,7,0,12.8799733989669,1.0,1.2933244663223,1.0,168.7466223316115,1
2.1483435823662975,0,1,7.851656417633702,4,0,3.6172188058779007,3,3,1,0,8,1,12.851656417633702,2.2344376117558014,2.2344376117558014,3.7655623882441986,161.3434310654604,1
0.0,0,1,8.0,3,1,2.8440191363010667,3,3,1,0,6,1,13.0,2.0,2.0,2.0,136.81756937165676,1
9.0,1,2,12.521503883744039,4,1,2.478496116255962,2,3,2,1,2,1,21.0,0.5215038837440381,1.0,1.0430077674880762,123.02000000000001,1
1.0,1,2,18.780556026887215,3,0,3.219443973112786,2,4,4,2,3,0,16.0,1.2194439731127862,2.0,1.0,151.90544499118917,1
19.178256371136957,0,1,14.30362393814384,3,0,3.0,5,0,3,1,7,0,15.30362393814384,2.0,4.7855042474246385,3.3036239381438404,227.02926568288348,1
1.0,2,1,7.688310171484958,1,1,4.0,5,4,5,2,8,0,14.0,1.6883101714849587,2.0,8.0,148.62,1
14.0,2,1,14.0,4,1,2.0,3,3,3,0,10,1,12.0,0.9968590939518779,2.0,7.0,124.61000000000001,1
9.0,2,2,7.6515131967092405,0,0,2.0,3,3,3,2,1,0,13.174243401645379,0.8257565983546205,1.0,2.5227302049361384,123.02000000000001,1
3.501622500487337,2,2,26.622971874390828,4,0,3.0,3,3,3,2,2,1,22.124594374878164,0.0,1.0,1.8754056251218343,130.97014940667034,1
0.4417464916377071,2,2,26.44174649163771,3,0,3.441746491637707,4,2,3,0,3,1,11.441746491637707,1.0,2.0,3.325239474913121,145.98315437755755,1
0.0,2,1,14.0,4,0,2.0,3,3,3,2,2,1,13.0,3.984234499234434,7.0,7.0,123.94,1
15.0,0,1,15.0,4,1,3.0,5,0,1,2,4,0,16.0,1.6042920364262074,2.0,4.0,231.5,1
0.0,2,1,14.0,0,1,2.0,3,3,3,1,2,1,13.0,0.7151864547802412,1.0,1.7151864547802411,123.77557016723514,1
9.0,2,1,23.0,4,0,3.0,3,3,4,0,2,0,13.0,0.28191904290472913,1.0,0.0,123.02000000000001,1
0.3638096411409335,2,2,27.0914289234228,4,0,3.0,4,2,3,0,4,1,11.363809641140934,1.0,2.0,2.0,145.85558103803288,1
0.8092740124091053,1,1,8.61854802481821,3,1,2.809274012409105,4,3,3,2,7,0,17.427822037227315,0.8092740124091053,2.6185480248182107,1.6185480248182107,168.53963279824137,1
0.0,0,3,32.0,5,1,3.0,3,2,1,1,2,1,11.0,0.0,1.0,8.0,156.17,1
9.0,0,1,13.811049918317428,2,0,3.0,2,4,4,1,2,1,21.905524959158715,0.0,1.0,0.0,123.02000000000001,1
0.9917728809792494,1,1,8.975318642937747,3,1,2.9917728809792496,4,3,3,2,7,0,17.975318642937747,2.975318642937748,2.983545761958499,1.9835457619584989,168.8079061350395,1
19.992605139215357,0,1,8.664201713071785,3,1,2.664201713071786,4,3,1,1,8,0,15.335798286928215,1.6642017130717857,3.6789914346410715,1.6715965738564287,149.740235203399,1
0.0,2,1,24.0,6,0,3.0,2,3,4,1,1,0,17.398491908816627,1.0,1.0,0.0,129.03598313990614,1
19.775192792042244,1,1,13.865115675225347,1,1,3.955038558408449,4,4,3,1,10,0,12.044961441591552,5.775192792042244,8.730231350450694,8.955038558408448,148.44485295874168,1
0.0,2,1,24.0,6,0,3.0,2,3,2,1,1,0,18.747287037370977,1.0,1.0,0.0,127.26231754585717,1
16.187223993634763,0,3,7.8748895974539055,4,1,3.0,4,2,2,2,5,0,15.874889597453905,1.5625552012730473,4.624668792361716,2.312334396180858,174.16976153050044,1
20.0,0,1,14.0,3,1,2.0,3,3,1,1,8,0,16.113557040649102,1.0,1.0,0.0,124.03249127447141,1
0.05958079269925309,0,3,31.702096036503733,4,0,2.119161585398506,4,2,4,1,5,0,14.821257621902241,1.0,1.1191615853985062,1.1191615853985062,167.17627827749828,1
1.0,1,3,23.0,4,0,4.0,4,0,4,1,4,0,20.889237796022254,1.984176828003179,2.0,2.968353656006358,210.5762326168528,1
1.0,0,3,22.136560849371218,5,0,3.5227601415618697,4,2,2,0,3,1,20.90895943375252,4.0,5.431719575314391,5.386199292190652,170.9825108467154,1
1.0,1,1,10.0,4,0,3.0,4,2,3,0,2,1,20.0,2.0,2.0,3.0,166.71,1
0.0,0,3,25.0,5,1,3.0,2,2,1,2,9,1,13.0,0.656055021975704,1.0,4.0,153.04,1
0.0,2,1,20.0,6,1,2.0,4,4,4,1,2,1,23.0,1.0,1.0,2.0,137.43,1
0.0,1,1,15.68703915058248,3,1,2.0,3,4,2,2,2,0,11.62592169883504,0.6870391505824806,1.0,0.6870391505824806,123.02000000000001,1
1.0,1,1,16.632330338996763,3,0,4.0,4,2,3,0,5,0,17.02575224575243,2.0,2.0,1.3419174152508098,173.13243246016586,1
1.0,0,1,14.64896482542616,3,1,4.0,4,4,3,2,3,0,13.234023449715892,2.0,2.0,1.0,144.00957695153693,1
0.0,0,3,7.599435827237439,3,0,3.0,4,3,2,1,7,0,15.001410431906402,0.20028208638128042,1.0,0.40056417276256084,127.88004231295719,1
1.0,0,1,12.0,3,0,3.0,2,4,3,2,4,0,15.369697727148974,1.0,2.0,3.876767424283675,149.30767674242836,1
1.0,0,1,15.397061250418274,1,0,3.0,4,4,3,0,3,0,16.301469374790862,2.3970612504182744,2.6985306252091372,3.0,152.85411589969883,1
1.0,2,1,9.416145367640606,4,1,3.5838546323593934,4,4,3,2,3,0,13.416145367640606,2.0,2.0,1.0,139.04235924926297,1
1.0,1,3,7.0,3,0,3.0,5,4,3,1,8,1,20.0,1.486149265423402,2.0,3.0,153.0,1
12.806596028751422,0,2,6.0,5,1,2.096701985624289,3,1,3,2,4,1,13.90329801437571,0.0,1.0,0.0,147.9114639661266,1
1.0,0,1,16.110116273526515,3,0,3.1101162735265135,5,4,4,2,2,1,23.0,2.0,2.0,2.779767452946973,147.70126281630752,1
0.0,0,1,16.0,3,1,2.8178563056550296,3,0,3,1,7,0,12.092862166069823,0.0,1.9107184717248522,0.0,200.94993073141,1
1.4695548586310303,0,1,15.121780565475879,3,1,2.4898516195436766,3,0,2,1,8,0,12.0,4.46955485863103,2.0,6.510148380456323,241.28752865096754,1
1.0,0,1,15.472479620267666,3,1,3.263760189866167,4,4,3,1,2,1,22.73623981013383,2.0,2.0,3.0,148.08867031266158,1
1.0,1,1,16.46130883344357,3,0,4.0,4,4,5,1,3,1,17.02579411103762,1.0,2.0,1.0,149.963947947852,1
0.0,2,2,24.0,6,1,3.0,2,3,5,1,1,0,17.0,1.0,1.0,0.0,129.56,1
18.1805691673697,1,1,30.8055516664658,3,0,3.5972241667671003,4,0,3,0,4,0,13.4027758332329,3.9861208338355008,6.1805691673697005,2.1944483335342,230.30304501612233,1
1.0,1,3,8.029764655585122,4,1,3.970235344414877,5,2,4,1,3,0,12.029764655585122,2.0,6.880941377659507,3.0,222.19744578527929,1
0.0,2,1,14.0,4,0,2.0,4,3,5,0,2,1,11.0,0.0,1.0,0.0,123.19,1
0.0,2,1,14.0,1,0,3.0,4,3,4,1,6,0,17.03358952219286,1.0,1.0,0.7416026194517855,125.09307571962154,1
1.0,0,2,31.27941588417607,3,0,3.0,5,2,3,2,2,0,23.0,4.441168231647856,7.60292057911964,10.441168231647856,170.73573154539977,1
0.0,0,3,6.868346411206741,1,1,3.0,3,3,3,0,4,0,15.0,1.0,1.0,2.0,129.09,1
14.726482749534012,0,3,7.290593099813605,5,1,3.0,4,2,2,2,5,0,15.290593099813606,1.8547034500931976,2.8717792994408153,1.4358896497204077,172.90768109559738,1
1.0,0,1,15.669395427724078,1,0,3.0,4,4,3,0,3,0,16.165302286137962,1.8346977138620386,2.8346977138620386,3.0,152.65803529203865,1
1.0,2,1,7.0,1,1,3.0,4,4,3,2,2,0,15.0,1.0,2.0,6.0,145.58,1
1.981530013424721,1,3,27.490765006712362,4,0,3.5092349932876394,4,2,3,0,4,1,12.0,1.5092349932876394,2.018469986575279,1.5277049798629188,167.25770560442308,1
9.0,1,1,12.0,4,1,3.0,2,3,5,1,3,1,21.406556783808103,0.0,1.0,0.8131135676162085,123.02000000000001,1
1.0,0,2,15.709572336503287,4,1,3.0968092211655707,3,4,5,0,3,0,20.193618442331143,2.0,2.0,1.0,142.71703057199707,1
9.0,0,2,14.0,6,0,3.0,4,3,1,1,7,0,11.0,1.0,1.0,2.0,123.02000000000001,1
0.0,1,3,9.423385992870282,3,1,2.0,4,0,1,0,2,0,11.0,4.270157978610847,5.540315957221694,7.423385992870283,203.56753949465272,1
1.0,1,1,30.323702166126807,3,1,3.5587659446243975,4,2,2,0,3,1,17.323702166126807,4.0,7.4412340553756025,8.0,185.1750833573253,1
1.0,0,1,20.113508548058594,3,0,4.0,4,4,2,0,3,0,12.371169516019531,2.0,2.371169516019531,1.7423390320390628,150.50261104021857,1
1.0,0,1,10.571286207058254,1,1,3.7856431035291274,4,4,3,2,7,0,17.21435689647087,1.0,2.2143568964708726,2.7856431035291274,164.98606165477784,1
0.0,0,1,26.0,4,1,3.0,3,0,3,0,4,0,12.0,1.0,1.0,0.0,198.24,1
6.061105039958725,0,1,25.87778992008255,2,1,3.0,2,4,3,1,8,1,13.244420159834899,1.061105039958725,2.9388949600412753,2.87778992008255,152.3932417713329,1
0.0,2,3,30.0,3,0,2.0,4,2,4,2,1,1,23.0,3.7879704100939215,9.0,10.0,145.99,1
14.0,0,3,9.699842605399185,3,1,3.662519674325102,4,2,3,1,7,0,13.674960651349796,1.6625196743251018,2.0,2.6749606513497963,192.50948662145893,1
9.0,1,1,15.458927539663328,4,0,2.0,4,4,4,2,2,0,12.729463769831664,0.0,1.0,0.0,123.02000000000001,1
19.426776805550407,1,1,14.0,4,1,2.5732231944495916,3,3,1,1,5,0,15.146446388899182,0.42677680555040853,1.0,0.0,124.98657201251066,1
9.0,0,1,14.649402792003063,1,0,3.0,3,4,4,1,2,1,22.32470139600153,0.0,1.0,0.0,123.02000000000001,1
1.0,1,2,7.022956704009107,3,0,3.0,4,4,3,1,8,0,20.011478352004552,2.0,2.0,3.0573917600227665,152.98932513263577,1
12.050474691696529,0,1,7.0,4,1,3.9747626541517356,4,0,3,2,9,1,14.025237345848264,1.0252373458482642,2.0,1.0,178.64520013161084,1
0.25264603062128665,1,3,18.24206190813614,3,1,2.2526460306212868,3,2,5,1,3,0,17.75793809186386,0.5052920612425733,1.2526460306212868,1.7473539693787132,142.47400823745414,1
1.0,2,1,13.0,4,1,4.0,2,4,5,0,3,1,22.0,1.5200740611111505,2.0,1.0,141.01,1
1.0,0,1,18.0,4,0,3.521953003478564,4,2,3,0,8,0,14.565859010435691,2.0,2.0,1.9560939930428722,172.435367102435,1
1.5889330749455641,1,1,29.822133850108873,2,1,3.0,2,4,5,2,1,0,15.05533462527218,0.8221338501088717,1.4110669250544359,2.1778661498911283,137.75336052457962,1
1.0,1,1,9.744971483931241,4,0,4.0,4,4,4,1,3,1,13.496647655954161,2.0,2.0,1.0,145.25328529716492,1
0.6234778305192964,2,1,15.376522169480703,4,1,3.2469556610385926,4,3,5,1,2,0,13.12956650844211,0.6234778305192964,1.6234778305192963,8.0,144.66131999190833,1
1.0,1,1,29.0,3,1,4.0,4,2,3,0,3,1,16.0,4.799437078943926,7.0,8.0,186.79,1
9.732427685434784,0,3,15.732427685434784,3,1,3.9464855370869567,4,0,2,2,3,0,17.107028925826086,1.2675723145652165,5.16054338873913,3.0,221.04872181790955,1
1.0,1,3,8.506121151157194,3,1,3.0,5,0,2,1,5,0,12.0,6.0,9.0,3.0,230.30305169852036,1
9.83972130149422,0,3,16.69616721910347,4,1,3.0,4,1,3,1,7,0,12.232055739701156,1.767944260298844,3.624390177908092,11.0,256.2674981803435,1
14.0,0,3,12.877039107184196,2,1,3.2653701116019755,4,2,3,1,6,0,14.469259776796049,1.2653701116019755,2.0,3.469259776796049,192.77954832411066,1
1.0,2,2,8.10867494868069,2,0,3.0,4,4,3,2,2,0,14.445662525659655,1.0,2.0,4.336987576978966,145.50239275359235,1
0.0,0,2,29.600989370140784,4,0,3.0,4,3,2,1,2,0,13.600989370140784,1.0,1.0,0.0,124.13922481675512,1
0.29394910101689753,1,2,30.587898202033795,3,0,2.587898202033795,4,2,4,1,1,1,22.11815269694931,3.1181526969493074,8.706050898983102,9.706050898983102,145.763659192217,1
1.0,0,1,10.94833883406936,3,0,3.76291529148266,4,4,4,1,3,1,12.47416941703468,5.051661165930639,8.76291529148266,8.0,158.45866237623343,1
1.1029941135636105,2,1,16.79401177287278,3,0,4.0,4,4,5,1,8,1,21.051497056781805,2.0,2.0514970567818054,1.1029941135636105,149.04,1
1.0,2,1,17.0,4,0,3.0,5,4,5,2,3,0,14.0,1.9446657321710952,2.0,1.0,139.16,1
0.0,2,1,13.0,4,1,3.0,3,2,3,0,2,0,18.0,0.3900584414039483,1.0,1.0,148.83,1
0.0,1,3,14.0,1,1,2.0,4,2,5,2,7,0,17.0,0.9245224687318999,1.0,2.0,153.26,1
1.0,1,3,21.50068851827861,5,0,4.0,4,0,3,1,3,0,14.856749418126508,1.7858126454683731,2.0,1.6425620635948803,206.74493803335494,1
9.0,0,1,7.179895765603618,4,0,2.410052117198191,3,3,4,0,7,1,13.589947882801809,1.0,1.8201042343963825,4.050260585990956,123.02000000000001,1
9.0,1,2,28.01287042299359,4,1,2.0,3,3,3,2,2,1,18.96782394251602,0.0,1.0,0.019305634490387136,123.02000000000001,1
0.772516286079404,2,1,20.227483713920595,6,1,2.772516286079404,4,3,4,1,6,0,15.545032572158808,1.545032572158808,2.5450325721588083,0.772516286079404,148.3477251628608,1
1.0,0,1,8.404976683176937,4,0,3.297511658411531,4,4,4,0,8,1,14.702488341588468,2.0,2.5950233168230623,4.487558292057656,145.93767028563605,1
1.0,0,1,31.615253653282416,3,0,3.0,5,2,3,2,2,0,23.0,3.615253653282414,5.92373173358793,9.769492693435172,170.43011917551303,1
0.0,1,1,28.0,3,1,3.0,3,2,3,0,2,1,15.0,4.520848623364944,6.0,7.0,161.79,1
0.5129221647747657,2,1,16.512922164774764,1,1,2.512922164774766,4,3,2,1,5,0,12.487077835225234,0.5129221647747657,1.5129221647747657,2.487077835225234,134.59805138642253,1
1.0,1,1,16.816333085285358,3,0,4.0,4,2,3,0,5,0,16.887750186035984,2.0,2.0,1.295916728678661,173.08367173239938,1
13.0,0,3,6.518623306188053,3,1,2.935172086726493,3,2,3,0,7,0,12.129655826547014,1.0,1.0,1.1296558265470134,167.32408298102598,1
7.751610031692173,1,1,15.248389968307828,4,0,2.6241949841539136,3,3,3,2,2,0,11.375805015846087,0.6241949841539137,1.0,1.2483899683078274,126.97739619953583,1
1.0,1,1,12.875634495298124,1,1,3.2918781650993747,4,4,3,2,3,1,13.41624366980125,2.7081218349006253,2.7081218349006253,3.0,161.00949234474456,1
19.475687818010957,1,1,8.52431218198904,3,1,3.0486243639780826,3,5,4,0,7,1,14.47568781801096,3.427063454032876,5.329814726076711,6.427063454032876,291.97,1
0.0,0,1,14.0,0,1,2.0,4,3,4,1,2,0,15.0,0.6743996518139815,1.0,0.0,125.96000000000001,1
1.0,0,1,31.0,4,1,4.0,5,4,1,2,3,1,23.0,2.0,2.0,1.0,149.39,1
1.0,0,2,6.954547499564204,1,0,3.954547499564204,5,4,4,1,2,0,21.727284997385226,1.954547499564204,2.0,1.0,148.373176276181,1
1.0,1,1,20.58640177579465,4,0,3.353399556051338,4,2,3,0,8,0,15.353399556051338,1.353399556051338,2.0,1.0,173.13856225305074,1
1.0,2,1,7.0,3,0,4.0,5,4,4,2,8,0,14.0,1.7732588155930555,3.546517631186111,8.0,147.49104212923413,1
19.670032537807568,2,1,14.0,1,1,2.329967462192433,3,3,2,2,4,0,20.690227764652967,0.6700325378075668,1.0,0.0,125.14636485916782,1
3.126679256264746,0,1,9.468330185933814,4,0,3.0,5,4,1,0,4,1,13.063339628132374,1.0,2.0,1.0,153.13124763945035,1
0.0,2,3,10.320658225594661,5,0,3.0,3,3,3,1,1,0,12.547105483729775,1.0,1.0,0.4528945162702256,128.9402497904567,1
0.12340081520559643,1,3,16.0,3,0,2.246801630411193,4,0,5,1,9,0,17.123400815205596,0.12340081520559643,5.506396739177614,0.4936032608223857,203.5758154075594,1
19.373677648343804,1,1,14.0,4,1,2.626322351656195,3,3,1,1,4,0,15.25264470331239,0.3736776483438049,1.0,0.0,125.09648726792832,1
1.0,2,1,29.556941457855103,4,0,3.0,4,4,3,1,6,1,12.835412186782657,1.0,2.0,2.5569414578551046,146.03039044191533,1
2.705963990661183,1,1,12.705963990661182,2,1,3.8529819953305915,4,4,4,1,9,1,22.14701800466941,2.0,2.8529819953305915,2.705963990661183,148.8650485744434,1
1.0,2,2,27.0,3,0,4.0,4,4,4,1,2,1,12.0,1.0,2.0,5.0,146.48,1
1.0,1,1,9.0,3,1,3.0036017063209446,4,4,1,1,6,0,13.99279658735811,1.9963982936790554,2.9963982936790554,2.992796587358111,159.6407563583274,1
0.0,0,2,24.019962987863583,4,0,3.0,3,3,3,1,1,0,11.203992597572716,0.2039925975727167,1.0,0.0,127.65887096903872,1
1.0,0,1,12.507468140856009,3,0,3.7537340704280044,4,4,1,2,3,0,19.246265929571994,1.2462659295719956,2.0,1.0,154.37574498689884,1
1.0,2,1,16.784499241132448,3,1,3.0,4,3,2,2,3,0,12.431001517735101,1.784499241132449,2.0,1.784499241132449,135.24516054638465,1
0.0,2,1,17.0,3,0,3.0,5,2,4,0,6,0,15.0,1.0,1.0,0.0,147.77,1
7.931365083524559,1,1,15.06863491647544,4,0,2.5343174582377204,3,3,3,2,2,0,11.465682541762279,0.5343174582377205,1.0,1.068634916475441,126.40757268522717,1
0.0,2,1,14.0,0,1,2.0,4,3,1,2,2,1,13.0,0.0,1.0,1.0,123.88999999999999,1
15.170068269844062,0,1,14.489795190467811,3,0,3.085034134922031,5,0,1,1,3,0,16.085034134922033,1.9149658650779686,2.0,3.914965865077969,231.09098581102504,1
0.18913910002298462,0,2,15.189139100022985,4,0,3.1891391000229845,3,2,5,1,1,0,17.189139100022985,0.18913910002298462,1.1891391000229845,3.945695500114923,181.52505420191312,1
0.0,1,1,16.0,3,1,2.0,3,4,3,2,2,1,11.0,0.9223674846701029,1.0,1.0,123.02000000000001,1
1.0,0,2,19.217501390583767,6,1,3.0,3,2,3,0,9,0,13.608750695291883,1.695624652354058,2.0,2.391249304708116,172.45655669151034,1
21.0,1,1,14.0,3,0,3.0,5,0,5,0,9,1,15.0,3.8323121920551158,6.0,3.0,225.08,1
1.0,0,2,7.999206356409697,1,0,3.8001587287180607,4,4,4,2,2,0,21.200634914872243,1.8001587287180605,2.0,1.399682542563879,148.44384603314347,1
9.0,1,1,15.94447496719085,4,0,2.0,3,3,5,2,2,0,13.05552503280915,0.055525032809150554,1.0,0.0,123.02000000000001,1
0.0,2,1,14.0,4,0,2.4315351014920603,3,3,3,0,2,1,11.0,0.4315351014920601,1.0,0.0,124.03580879892444,1
10.742421583355538,0,3,15.0,2,1,3.0,4,0,1,1,3,0,15.651515683328892,2.6515156833288924,3.303031366657785,5.954547049986678,195.06439565715232,1
1.0,0,1,13.632344348064064,3,1,3.0,4,4,5,2,4,0,12.0,1.0,2.0,3.3676556519359355,155.04685667263195,1
1.7741751766981744,2,2,24.887087588349086,5,0,3.0,2,3,4,1,1,0,19.217718970872717,0.5564562058254564,1.0,0.8870875883490872,130.37612058128116,1
1.0,1,1,14.0,1,0,3.0,4,4,3,1,5,1,14.0,4.569480208287721,8.0,8.0,158.39,1
15.32986810908996,0,1,14.01039567273012,3,0,3.16493405454498,5,0,1,1,3,0,16.16493405454498,1.0,2.0,3.83506594545502,230.70666719763864,1
1.0,0,1,16.927355180586297,3,0,3.0,5,4,3,2,2,0,21.145289638827407,2.0,2.9273551805862974,3.0,151.02915974898235,1
1.0,0,1,13.36588580955688,4,0,3.6341141904431193,4,4,1,1,3,1,18.26822838088624,1.0,2.0,1.7317716191137609,154.11364567617724,1
1.0,2,1,15.636099145101838,4,0,3.0,5,4,4,2,3,0,13.318049572550919,1.3180495725509187,2.0,1.0,138.10297683745392,1
0.0,2,2,8.248278017942425,3,0,2.7494260059808084,3,2,2,1,10,0,14.0,1.2505739940191913,2.0,0.5011479880383827,146.29620538744032,1
1.0,0,1,9.0,3,1,3.431112405097005,4,4,1,0,7,1,14.0,3.0,3.0,3.0,160.75227000515025,1
0.08754866402778061,0,1,14.91245133597222,4,0,3.0,3,2,4,0,4,0,17.0,0.08754866402778061,1.0875486640277807,6.649805343888877,153.4950194656111,1
0.2828011306704997,0,3,16.868795477318002,5,1,2.2828011306705,3,2,1,1,3,1,22.7171988693295,4.151596607988501,4.868795477318001,5.868795477318001,146.35863419350076,1
1.0,1,1,23.41858228553149,4,0,3.0,2,4,4,2,3,0,15.744253143405533,5.162835428937022,8.581417714468511,9.744253143405533,150.9691478234951,1
1.0,0,1,10.0,4,0,3.292516425476252,4,4,3,2,3,0,12.707483574523748,6.0,8.292516425476252,8.0,163.68707910849477,1
18.33897214526339,1,1,13.003383287158035,1,1,3.6677944290526785,4,4,3,1,10,0,12.332205570947322,4.3389721452633925,7.00676657431607,8.667794429052678,148.79529079655572,1
15.118672281476828,1,3,30.58755181234878,4,1,2.7062240938256092,3,0,5,1,6,1,13.0,2.0,2.0,1.4124481876512185,205.67273017906803,1
0.0,0,1,9.08299833436616,4,0,3.0,3,3,2,0,1,1,11.08299833436616,0.041499167183079444,1.0,0.0,128.52917001665634,1
1.0,1,1,14.0,4,1,4.0,4,2,3,0,3,0,19.0,1.6370947008244425,2.0,2.0,173.83,1
9.0,0,3,7.805415159293061,3,0,2.4027075796465307,4,4,2,2,2,0,12.0,0.0,1.0,0.0,123.02000000000001,1
1.0,1,1,11.960150495436041,2,0,3.0,4,4,5,2,5,0,12.0,2.0,2.0,4.34661650152132,153.54975200039038,1
1.0,0,3,9.423070311899117,3,0,3.8076901039663724,4,4,1,2,3,0,13.0,1.1923098960336276,2.0,1.0,140.28614921832937,1
1.0,2,1,8.40869091677503,4,0,3.7043454583875146,4,4,5,1,3,1,12.704345458387515,1.7043454583875146,2.0,1.0,146.46435362695058,1
9.0,0,1,9.760768146110156,4,1,2.380384073055078,3,4,3,2,2,0,13.380384073055078,0.3803840730550777,1.0,0.0,123.02000000000001,1
9.0,0,1,8.0,4,1,2.4003724315400787,3,3,4,1,7,1,14.40037243154008,0.0,1.0,1.1992551369198428,123.02000000000001,1
0.4936696906457322,1,1,8.493669690645731,3,1,2.4936696906457323,3,4,3,1,7,0,16.012660618708537,2.0,2.0,1.9873393812914644,144.60987150503317,1
1.0,0,2,12.649586749989803,4,0,3.0,4,4,3,1,2,0,17.3504132500102,1.6495867499898025,2.0,1.7008265000203948,148.75879340750723,1
9.0,0,3,9.174137990450621,2,0,2.91293100477469,3,3,1,1,2,0,12.174137990450621,0.9129310047746899,1.0,0.0,123.02000000000001,1
9.0,0,3,11.0,5,1,3.0,3,4,4,2,2,1,14.0,1.0,1.0,0.0,123.02000000000001,1
2.088761687125497,0,1,9.455619156437251,4,0,3.0,4,3,4,1,3,1,21.633142530688247,1.4556191564372516,2.0,1.9112383128745032,163.85200057129558,1
1.0,1,1,16.0,3,0,3.0,4,3,5,2,9,0,23.0,1.6781138309542087,2.0,4.678113830954208,164.44744267946686,1
1.0,1,3,8.827914276532944,3,1,3.0,5,0,2,0,5,0,12.0,3.8279142765329435,9.0,3.0,230.13491479051152,1
0.0,0,1,16.0,3,1,2.6531140236356143,3,0,3,1,8,0,13.081315858186313,0.0,2.734429881821928,0.0,201.3749658190201,1
0.0,1,1,30.56435520954349,0,1,2.0,3,3,4,2,3,0,18.69306562863047,0.5643552095434902,1.56435520954349,1.1287104190869803,123.08207907304978,1
0.0,2,1,14.0,0,1,2.0,4,3,1,2,2,1,13.0,0.0,1.0,1.0,123.88999999999999,1
0.0,2,1,29.05309591159371,4,0,3.0,3,3,2,2,2,0,21.88748337805355,1.0,1.0,0.7218708445133876,127.66630826140364,1
0.0,2,1,31.0,4,1,3.0,3,3,1,2,2,1,23.0,0.14225523977681542,1.0,1.0,127.94999999999999,1
0.0,2,1,24.0,6,0,3.0,3,3,1,2,2,0,19.0,1.0,1.0,0.0,126.93,1
8.150465784512098,1,3,8.150465784512098,5,0,3.1504657845120985,5,5,4,2,3,1,15.849534215487902,1.1504657845120987,1.1504657845120987,11.0,288.8012373762301,1
0.0,1,1,8.53393828913808,4,1,2.0889897148563468,3,3,1,2,2,0,22.088989714856346,1.0,1.0,0.0,123.1712825152558,1
16.0,1,3,30.0,4,1,3.0,3,0,5,2,7,1,13.0,0.016607853255096394,2.0,2.0,204.48,1
0.5410028989276625,0,2,31.082005797855324,3,1,3.5410028989276627,4,1,2,1,2,0,12.0,1.0,1.5410028989276625,9.0,183.94693246148765,1
1.0,1,1,11.045462768098718,1,0,3.0,4,4,1,1,3,1,15.969691487934188,4.954537231901282,6.030308512065812,7.015154256032906,161.85665701876417,1
1.0,1,1,27.694982110429887,2,1,3.0,4,4,3,1,3,0,21.122007155828044,2.1220071558280447,2.1220071558280447,1.0,148.7272974954602,1
0.0,0,3,14.0,5,0,2.0,3,3,1,2,2,1,14.0,0.5471862857890832,1.0,2.0,123.22999999999999,1
1.0,1,3,7.595473223816048,4,1,3.0,5,0,2,0,6,0,12.0,2.3969821492106984,8.007544626973255,3.0,230.52628534812078,1
0.0,1,3,20.845806564044032,4,0,3.0,3,0,5,2,3,1,19.505345670304585,0.8351152234348616,1.0,0.49465432969541534,185.07939175967851,1
1.0,2,1,16.520021272260085,4,0,3.0,5,4,4,2,3,0,13.760010636130042,1.0,2.0,1.0,138.78801648600157,1
12.101326405645374,0,1,15.869602078306388,4,1,2.710132640564537,4,0,2,2,3,0,14.840530562258149,3.159469437741851,2.0,6.029071516048239,233.26239354536762,1
1.0,2,1,31.181150015805535,4,0,3.0,4,4,3,1,3,0,12.727050005268513,1.0,2.0,2.0,147.4905505084823,1
0.6585747303957017,2,1,27.975724191187105,4,0,3.0,4,3,3,0,5,1,11.658574730395701,1.0,2.0,2.0,146.07075955318885,1
1.0,0,2,31.102442392010772,4,1,3.551221196005385,4,2,1,0,3,1,12.89755760798923,1.4487788039946148,2.0,5.8585483720376965,182.51184862394388,1
10.566163402107282,0,3,16.26030195873563,4,1,3.0,4,1,3,1,8,0,12.086767319578543,1.9132326804214563,2.607371237049806,11.0,255.07322736693564,1
11.378786835769692,0,1,6.0,4,1,2.810606582115154,3,0,3,2,8,1,13.189393417884846,0.0,1.0,0.0,152.57326098121194,1
2.0100531052196065,1,1,31.98492034217059,3,1,4.0,4,2,4,0,8,1,19.964814131731377,2.0,2.0,1.0,191.71527220085326,1
0.0,2,1,24.0,6,0,3.0,2,3,4,1,1,0,17.12019282075634,1.0,1.0,0.0,129.40194644070542,1
0.0,1,3,22.0,5,0,3.0,3,2,5,2,6,0,15.0,1.0,1.0,2.0,153.24,1
0.0,0,3,19.0,3,0,2.6475164648433633,3,2,4,1,6,0,12.295032929686727,1.2950329296867262,1.6475164648433631,1.2950329296867262,160.03933575527202,1
0.27304061932780677,2,1,6.81912185798342,4,1,3.2730406193278068,4,4,3,2,1,0,13.726959380672193,0.5460812386556135,1.2730406193278068,1.7269593806721932,137.74505620950433,1
0.0,1,1,12.291229995955236,1,0,2.177192501011191,3,3,3,1,3,1,12.645614997977617,4.177192501011191,7.354385002022382,7.0,133.405947325091,1
1.0,0,1,22.294266736637113,3,1,3.7057332633628857,4,4,3,0,3,0,13.294266736637114,2.7057332633628857,2.7057332633628857,3.0,150.40258783417002,1
17.65560921824616,0,2,18.54081229099488,4,1,2.1147969272512803,2,0,2,2,6,0,16.88520307274872,1.0,2.0,7.54081229099488,236.3243567464805,1
1.0,0,1,10.0,4,1,3.0,5,4,1,0,2,1,12.0,1.0,2.0,1.0,153.53,1
15.294762953808398,1,1,14.0,4,1,2.0,3,3,2,0,10,1,12.431587651269467,0.7842061743652669,1.7842061743652669,5.489443220556868,124.43520700123588,1
0.4623911769125407,0,1,19.688044115437297,3,0,3.462391176912541,5,4,4,2,2,1,22.46239117691254,0.9247823538250814,4.150435292349837,4.225652938524756,141.2245211784152,1
0.0,1,1,9.135037394884797,2,1,3.0,3,4,4,1,6,0,13.405112184654394,0.864962605115202,1.0,2.0,140.12499876900782,1
1.0,2,2,27.0,3,0,4.0,4,4,4,1,2,1,12.0,1.0,2.0,5.0,146.48,1
0.7171205684721935,1,1,24.0,4,0,3.7171205684721933,3,3,3,0,2,0,15.131517726111227,2.2828794315278067,2.2828794315278067,1.2828794315278065,146.8284357457333,1
0.0,1,3,8.56839749704123,4,1,2.1438675009862567,4,0,2,0,2,0,11.0,3.0,3.4316025029587696,7.0,202.37096956897398,1
0.0,0,2,14.0,0,0,2.6432312883767275,4,3,4,1,1,0,20.64323128837673,1.0,1.0,0.0,123.4355197300441,1
0.0,0,1,9.0,4,0,2.0,3,4,3,2,2,0,12.0,5.029857781802871,7.0,7.0,140.84,1
10.0,1,3,16.0,3,1,3.7049276507356907,4,0,1,1,3,0,15.524638253678454,3.114782952207072,5.0,3.0,222.59749510599076,1
0.0,2,1,14.0,0,1,2.0,3,3,3,1,2,0,19.10342859422291,0.7011428647409692,1.0,0.0,123.86264571193031,1
1.0,0,1,9.0,4,1,3.0,4,4,5,0,8,1,15.0,1.107057178554186,2.0,3.0,145.42,1
7.080406325565791,0,2,31.4400580465094,4,0,3.5599419534906014,2,0,4,1,4,1,15.239767813962406,3.3201741395281963,2.0,4.960522418584588,251.02121927444858,1
1.0,1,1,9.189135719492267,1,0,3.270288093502578,4,4,5,2,7,0,12.540576187005156,1.7297119064974222,2.0,5.810864280507733,150.7726501241674,1
1.0,2,1,24.940220805571286,3,0,3.059779194428715,4,4,2,1,3,0,14.0,1.0597791944287152,2.0,1.9402208055712848,148.7829952419726,1
1.0,0,1,15.603796991929096,2,1,3.603796991929096,4,2,5,1,6,0,18.0,1.3962030080709038,2.0,6.018984959645481,178.38075939838583,1
0.0,2,1,15.0,0,1,3.0,4,3,3,0,1,1,17.0,0.13686446226426097,1.0,0.0,133.88,1
1.0,0,2,24.887526753548865,4,0,3.0,4,4,3,1,2,0,12.177505350709772,1.1775053507097728,2.0,1.0,152.62655652786592,1
9.866715264876404,0,3,15.0,2,1,3.0,4,0,1,1,2,0,15.82665694702472,2.6533138940494383,3.6533138940494383,6.479970841074158,195.63010193888985,1
1.0,0,3,20.0,3,0,3.5141825710873684,4,2,4,1,7,0,13.028365142174737,2.5141825710873684,2.5141825710873684,2.028365142174737,184.5473336873124,1
1.0,0,1,23.58461767762696,1,1,3.0,4,4,4,1,3,0,22.766152928949218,3.766152928949217,3.766152928949217,1.0,148.15184647486777,1
1.0,0,2,20.953540515315094,3,0,3.3178468384383653,4,2,5,1,3,0,19.589234192191824,1.0,3.5892341921918254,4.589234192191825,166.33196092730356,1
0.949899668246076,2,1,8.949899668246076,4,1,3.949899668246076,3,3,3,2,3,0,12.899799336492151,0.949899668246076,1.949899668246076,0.949899668246076,138.725590646444,1
1.0,0,1,13.137089458078757,4,0,3.8629105419212433,4,4,1,1,3,1,18.725821083842487,1.0,2.0,1.274178916157513,154.20516421676848,1
1.0,1,3,22.0,3,1,3.0,5,2,1,1,8,1,15.0,1.2661168691974587,3.0,3.0,179.4,1
1.0,0,1,16.36776184913214,3,1,3.0,4,4,3,1,5,0,12.735523698264277,1.0,2.0,2.103285547396417,157.58791796395184,1
12.0,1,3,17.0,5,0,2.0,3,0,1,0,2,0,18.0,0.0,7.0,7.0,176.54,1
0.0,2,1,13.219759530623321,0,0,2.3901202346883395,3,3,5,2,4,0,11.0,0.0,1.0,3.6098797653116605,127.75206431110566,1
14.0,0,3,12.514078465723312,2,1,3.3551316477538125,4,2,3,0,6,0,14.289736704492375,2.0,2.0,3.289736704492375,192.71851047952742,1
20.95475081098111,1,1,8.954750810981112,4,1,2.9547508109811123,3,5,4,2,8,1,15.0,6.0,9.0,8.954750810981112,291.97,1
9.0,0,2,10.564182583495974,4,1,2.7820912917479865,3,4,3,2,2,0,13.782091291747987,0.7820912917479865,1.0,0.0,123.02000000000001,1
7.893761823992212,1,2,7.0,3,1,3.984823117713173,5,0,4,0,9,0,14.954469353139519,3.0455306468604806,4.075884411434134,3.0,229.83927464050427,1
0.0,2,1,14.0,0,1,2.0,3,3,3,1,2,0,18.255748683253938,0.41858289441797947,1.0,0.0,123.95023930273044,1
1.0,1,1,8.211706471755818,1,0,3.894146764122091,4,4,5,2,7,0,13.788293528244182,2.0,2.0,7.682440292366273,148.93226704583984,1
0.0,2,1,14.0,1,1,2.0,4,3,1,1,6,0,12.0,0.8730193940297161,1.0,3.0,123.66999999999999,1
1.0,2,1,17.0,4,0,3.0,5,4,5,2,3,0,14.0,1.5231430206971652,2.0,1.0,139.16,1
1.0,1,3,8.201240363765166,3,1,3.0,5,0,2,0,5,0,12.0,3.2012403637651663,9.0,3.0,230.4623519099327,1
1.0,0,3,19.0,4,1,4.0,5,4,5,0,3,0,19.0,2.0,2.0,1.0,145.33,1
9.0,2,1,29.242319236004196,4,1,2.0,4,3,3,2,2,0,12.439420190998952,0.0,1.0,0.5605798090010486,123.02000000000001,1
1.0,1,1,7.172022469100108,3,0,3.0573408230333694,4,3,1,1,10,0,15.0,2.9426591769666306,3.0,2.885318353933261,172.74958427162994,1
1.0,0,1,21.16546807924734,5,0,3.082734039623671,5,4,4,1,3,1,23.0,1.9172659603763291,2.413670198118354,3.413670198118354,162.57561190973766,1
8.0,0,1,31.0,4,1,3.0,4,4,3,1,5,1,23.0,1.0,2.0,1.0,156.61,1
1.0,2,1,12.119953307642177,4,1,3.7799883269105443,2,4,4,1,3,0,22.220011673089456,1.0,2.0,1.0,139.9121417512836,1
1.0,1,2,9.703788379352002,3,0,3.901262793117334,4,2,2,1,10,0,15.0,2.098737206882666,3.0,1.1974744137653317,170.97734813445362,1
0.0,0,1,9.0,4,0,2.075661103904111,3,3,3,2,2,0,11.92433889609589,5.92433889609589,7.151322207808222,7.0,140.28313427526575,1
1.0,1,1,18.36154139875404,3,0,3.6384586012459614,4,4,4,2,3,0,16.0,1.0,2.0,1.0,151.41938802255467,1
0.0,1,1,15.907832041527568,3,1,2.0,3,4,2,2,2,0,11.184335916944864,0.9078320415275677,1.0,0.9078320415275677,123.02000000000001,1
1.0,0,3,8.24476467338139,3,0,3.414921557793797,4,4,2,2,3,0,13.0,1.585078442206203,2.0,1.0,139.46133527136698,1
1.0,2,1,9.0,4,0,4.0,4,4,5,1,3,1,13.0,2.0,2.0,1.0,145.74,1
9.0,2,1,14.0,6,1,3.0,5,3,5,0,2,1,11.0,0.10430203680062766,1.0,7.0,123.02000000000001,1
0.7835000808452567,0,1,8.432999838309486,3,0,3.5670001616905136,2,0,4,2,2,0,14.164999191547434,2.0,4.783500080845257,7.783500080845257,198.67194029427674,1
12.897936442696334,1,3,8.0,5,0,2.300294793900524,5,5,2,0,2,0,15.300294793900523,3.7988208243979047,4.498526030497381,9.600589587801048,290.8499004187511,1
9.0,0,1,9.850832082153506,4,1,3.0,4,3,4,1,7,0,16.233888054769004,0.6169440273845019,1.0,0.0,123.02000000000001,1
18.40960280897561,0,2,8.136534269658537,3,1,2.1365342696585365,3,2,1,1,5,0,15.863465730341463,1.0,6.317328651707316,2.726931460682927,151.2177040449561,1
9.0,0,3,6.0,3,0,2.2230620615427568,3,3,4,2,2,1,11.0,1.0,1.7769379384572432,2.0,123.02000000000001,1
9.0,0,2,14.0,6,0,3.0,4,3,1,1,7,0,11.0,1.0,1.0,2.0,123.02000000000001,1
10.052538507879738,2,1,13.210507701575947,4,1,2.789492298424052,3,3,4,1,5,1,13.578984596848105,0.0,1.2105077015759478,3.8420308063037907,123.35470724550576,1
1.0,1,1,9.496321652775372,1,0,3.2518391736123142,4,4,5,2,7,0,12.503678347224628,1.2518391736123144,2.0,5.755517520836944,150.82707443784366,1
4.071210253475532,1,2,22.561255678074925,4,0,4.0,4,0,2,0,3,0,13.122511356149849,1.0,2.0,3.1937216096253795,205.80709789087712,1
0.2462441609706001,1,2,18.5075116780588,4,1,3.0,4,2,4,1,6,0,13.2462441609706,1.0,2.0,2.4924883219412,160.78348819620646,1
4.035164588056725,0,1,30.423547915991897,4,1,3.0,3,3,2,1,3,1,22.423547915991897,0.42354791599189634,1.0,0.42354791599189634,130.05981462746965,1
1.0,0,3,27.23857607276719,4,1,4.0,3,2,2,2,10,0,15.032146727305992,2.0,2.2064293454611983,4.587141309077603,177.34846169270497,1
1.0,0,1,14.0,4,0,3.0,4,4,3,0,3,1,17.0,1.0,2.0,3.0,153.86,1
1.0,2,1,13.0,4,1,4.0,2,4,5,0,3,1,22.0,1.7820507692637584,2.0,1.0,141.01,1
9.0,0,1,12.720212221462699,4,1,2.7599292595124334,2,4,5,1,2,0,20.51985851902487,0.2400707404875665,1.0,0.0,123.02000000000001,1
9.0,1,1,13.288618401443205,4,1,2.855690799278397,3,3,5,2,4,0,14.0,0.14430920072160303,1.0,2.567072397835191,123.02000000000001,1
0.0,2,1,24.0,6,0,3.0,3,3,1,2,2,0,19.0,1.0,1.0,0.0,126.93,1
0.027250011950815112,1,3,18.918249964147556,3,1,2.027250011950815,3,2,5,1,3,0,17.081750035852444,0.054500023901630223,1.027250011950815,1.972749988049185,142.34553250681196,1
0.0,1,1,9.523586485221452,2,1,2.476413514778547,3,3,3,0,2,1,13.094345940885812,5.476413514778547,6.905654059114188,6.476413514778547,135.27590164430958,1
1.0,0,3,32.0,4,1,3.2182598726937295,4,2,1,1,3,1,17.472180891143893,3.3452203819188115,6.690440763837623,8.218259872693729,182.70221064952028,1
0.010568234220368455,0,2,16.978863531559263,6,0,2.021136468440737,2,2,2,1,8,0,12.0,1.0105682342203686,1.0105682342203686,2.0105682342203686,147.0671465767605,1
0.0,0,3,8.0,4,0,3.0,4,3,1,2,8,0,14.0,0.0,1.0,0.0,127.85,1
0.8621147306439896,1,3,9.27577053871202,5,1,2.86211473064399,4,3,4,1,2,0,11.86211473064399,1.0,1.8621147306439896,3.0,155.6899070967927,1
0.0,1,1,14.0,0,0,2.0,3,3,3,1,2,1,13.311237459188634,0.6887625408113653,1.0,3.5561872959431735,123.7082133778568,1
3.0,1,3,28.0,5,1,3.0,4,2,3,0,3,1,12.0,1.0,1.0,0.0,163.8,1
1.0,0,1,13.745179495369614,4,0,3.2548205046303855,4,4,2,1,3,1,17.509641009260772,1.0,2.0,2.490358990739229,153.96192820185217,1
1.0,0,1,24.076439861039447,3,0,3.0,4,4,2,1,2,1,12.152879722078895,1.0,2.0,1.0764398610394477,152.14093168914113,1
0.10411581880734044,1,1,8.10411581880734,3,1,2.1041158188073403,3,4,3,1,7,0,16.79176836238532,0.10411581880734044,2.0,1.2082316376146809,143.98658531009173,1
8.206070614140035,1,1,20.557505701019753,3,0,3.5878587717199295,3,0,1,1,3,0,11.793929385859965,1.6182118424201057,2.4121412282800705,5.381788157579894,203.99281025398506,1
1.0,0,1,12.158303900105615,3,0,3.0,4,4,3,1,2,0,17.841696099894385,1.0,2.0,2.6833921997887713,149.107604230925,1
0.0,2,1,14.0,4,0,2.948214111267183,3,3,2,0,2,1,11.0,0.9482141112671831,1.0,0.0,125.04849965808368,1
1.0,0,2,7.885378849371383,4,0,3.4426894246856916,4,4,3,2,3,0,13.0,1.5573105753143084,2.0,1.0,138.74051440439314,1
1.0,1,3,23.0,4,0,4.0,4,0,4,1,4,0,19.907749320620162,1.843964188660023,2.0,2.687928377320046,210.01117568029989,1
9.82704523702364,2,1,13.165409047404728,4,1,2.834590952595272,3,3,4,1,4,1,13.669181905190545,0.0,1.165409047404728,3.661636189618912,123.28300038537353,1
0.35833465667167375,1,2,30.71666931334335,3,0,2.7166693133433473,4,2,4,1,1,1,21.924996029984978,4.716669313343347,8.641665343328325,9.641665343328325,145.71408231436283,1
1.0,1,1,17.738677334209726,3,0,4.0,4,4,5,1,3,1,16.17421511052685,1.9128924447365754,2.0,1.0,150.8240427383679,1
0.0,0,1,8.565688172141005,4,1,3.0,3,3,2,1,1,0,11.0,0.43431182785899425,1.0,0.8686236557179885,129.34650623637492,1
0.0,1,1,8.0,0,1,2.1826723842396683,4,3,1,0,6,1,13.0,1.6346552315206637,2.0,2.0,135.11129475133833,1
9.0,1,1,30.5812033979206,0,1,2.0,3,3,3,2,4,1,19.8604011326402,0.1395988673598001,1.8604011326402,1.7208022652803998,123.11464412459041,1
1.0,1,1,13.270582687326739,1,1,3.423527562442246,4,4,3,2,3,1,13.152944875115509,2.576472437557754,2.576472437557754,3.0,161.7309310421835,1
11.0,0,3,14.0,0,0,3.0,3,3,3,1,3,1,11.0,3.2856508355873317,7.0,7.0,126.55000000000001,1
0.0,2,1,13.0,1,0,2.0,3,3,3,1,4,1,13.0,3.3445169432265462,7.0,7.0,133.39,1
1.0,1,2,9.724242595558719,3,0,3.7242425955587186,4,2,3,2,9,0,15.827272213323845,1.7242425955587186,3.0,1.2757574044412814,170.2322730613395,1
19.774519446526995,0,1,14.204246758912168,3,0,3.0,5,0,4,1,7,0,15.204246758912168,1.7957532410878325,5.18301296435133,3.2042467589121673,226.3912641922161,1
9.0,0,2,7.016756304492382,4,0,2.0167563044923824,3,3,4,2,2,0,11.016756304492382,1.9832436955076176,1.9832436955076176,1.9664873910152352,123.02000000000001,1
10.358398302402339,0,2,30.395995756005846,3,0,3.6791991512011695,2,2,3,1,5,0,15.887207639189477,1.6791991512011695,2.3208008487988305,4.962402546396492,189.06303224615166,1
9.0,1,1,9.0,4,1,2.0,3,4,3,2,2,0,13.0,0.07656825843353898,1.0,0.0,123.02000000000001,1
0.0,2,3,9.262283605297778,5,0,3.0,3,3,4,1,1,0,11.841522403531851,0.4207612017659258,1.0,1.1584775964681484,129.61055371664474,1
1.0,2,1,29.80504649205489,3,1,3.0,4,4,3,1,3,0,19.19495350794511,1.398317835981704,2.0,1.0,148.95652147084567,1
0.0,2,1,12.811326834759031,1,0,2.0,3,3,2,1,3,1,13.125782110160646,1.188673165240969,6.874217889839354,6.937108944919677,133.61137651388273,1
1.0,0,2,16.31180213695577,4,0,3.3118021369557686,4,4,4,1,3,0,20.935406410867305,1.6881978630442314,2.0,1.0,143.1151434744995,1
1.4995443248930396,1,3,13.7511391877674,1,0,3.0,4,2,4,1,7,0,18.24977216244652,2.0,2.0,2.50045567510696,178.04020049704707,1
7.729199228569508,0,3,17.962480462858295,4,1,3.0,4,1,4,1,4,0,12.654160154286098,1.3458398457139016,6.579121080002689,11.0,259.73719646823173,1
1.0,0,1,9.619239032053581,1,0,3.0,4,4,5,2,7,0,12.0,1.6192390320535817,2.0,3.4769561282143266,151.20446947077144,1
0.3321097833081246,2,1,15.332109783308125,0,1,3.0,4,3,2,1,1,0,16.003670650075627,1.0,1.3321097833081246,0.3321097833081246,134.52097188178467,1
1.0,0,1,9.78430550652936,4,1,4.0,4,4,4,2,3,1,12.143796328980427,6.0,8.928101835509786,8.071898164490214,158.0040341510748,1
1.0,1,2,25.5345869824689,4,1,3.0,5,4,4,1,3,1,19.62055069004147,1.0,2.3102753450207345,1.0,148.965554067139,1
15.552034908269837,0,1,9.343895275190487,2,0,2.776017454134919,4,0,1,1,1,0,15.77601745413492,0.0,1.0,7.656104724809513,202.76735604561105,1
1.0,1,1,15.0,3,1,4.0,5,4,3,2,3,1,12.0,2.0,2.0,3.0,164.89,1
9.0,2,1,13.0,4,1,3.0,3,3,5,2,4,1,14.0,0.0,1.0,3.0,123.02000000000001,1
0.9057115930771187,2,2,24.45285579653856,5,0,3.0,2,3,4,1,1,0,18.132139491346397,0.7735721017307203,1.0,0.45285579653855934,129.97662733281547,1
0.04404037938846439,0,2,32.0,4,0,2.088080758776929,4,2,5,2,5,0,15.264242276330787,1.0,1.0440403793884645,1.132121138165393,166.99875553386187,1
1.0,2,3,28.306664846265292,5,1,3.0,4,4,3,2,3,1,15.83998907759176,1.0,2.0,1.0,144.8422747856568,1
1.0,2,1,9.648235897382097,4,1,3.351764102617903,4,4,3,2,3,0,13.648235897382097,1.648235897382097,2.0,1.0,139.10502369229317,1
0.0,1,1,14.0,3,0,2.0,3,3,3,1,2,1,13.231480095912989,3.074079616348047,5.61111942452207,7.0,123.87518557314436,1
2.044059039724046,1,2,28.31864698675865,4,1,2.681353013241349,4,2,3,1,3,1,12.318646986758651,1.0,1.0,0.3186469867586512,162.32147798143987,1
1.1794504262437524,0,1,27.299084043739587,4,1,3.940183191252083,4,0,3,0,4,0,13.0,2.0,2.0,3.0,222.8033372961402,1
1.0,1,3,30.093571689943538,4,0,3.0,4,0,4,0,3,0,14.421072604745916,2.0,3.906428310056463,10.953214155028231,198.50176111026448,1
0.31965205529206253,0,2,32.0,4,0,2.639304110584125,4,2,5,2,5,0,16.917912331752376,1.0,1.3196520552920625,1.9589561658761876,167.24129380865702,1
1.0,1,1,25.0,6,0,3.438176716666355,2,4,3,1,2,0,18.87635343333271,2.0,2.0,1.0,153.4075952351675,1
17.40295856430124,1,1,9.503698205376551,2,0,3.8992603589246895,5,0,1,0,2,0,16.798520717849378,1.4029585643012417,2.4029585643012417,3.0,226.52780917786876,1
1.0,0,2,7.037738553390843,3,0,2.9622614466091566,3,3,4,1,3,0,11.962261446609157,1.9622614466091566,2.924522893218313,3.0377385533908434,148.04000143329716,1
9.0,1,2,28.0,6,1,2.0,5,4,3,1,2,0,11.0,0.0,1.0,0.0,123.02000000000001,1
0.0,0,1,12.500170472853148,4,1,2.750028412142191,4,3,1,2,2,0,22.750028412142193,0.7500284121421912,1.0,0.0,124.0475389246348,1
11.594983071293449,1,3,17.53166102376448,4,0,3.468338976235517,4,0,2,0,4,0,20.40501692870655,1.0,5.189966142586898,8.0,199.94764748079922,1
20.462217065258624,1,1,8.462217065258624,4,1,2.4622170652586233,3,5,4,2,8,1,15.0,5.462217065258623,9.0,8.462217065258624,291.97,1
1.0,1,1,11.887601939734575,3,1,3.0,4,4,5,1,3,0,12.0,1.0,2.0,3.7219004849336437,154.82526060720375,1
0.7830437541361205,1,1,11.21695624586388,1,1,3.0,4,3,2,0,3,1,16.43391249172776,6.0,6.216956245863879,7.0,161.86877831328587,1
17.152021383696166,1,2,8.711994654075959,4,0,2.711994654075959,4,5,1,1,4,0,15.711994654075959,4.576010691848082,7.576010691848082,9.423989308151917,291.97,1
4.105703949200445,0,1,31.55632800725708,4,1,3.0,4,4,2,1,3,1,23.0,1.5563280072570793,2.0,1.5563280072570793,154.5738394934391,1
1.0,0,1,17.0,3,0,4.0,5,4,4,2,3,1,23.0,1.029155186022089,2.0,1.0,143.59,1
1.0,1,3,8.814497888712811,2,0,3.0927510556435944,5,4,3,2,3,0,13.814497888712811,2.0,2.0,3.0,145.56057637233667,1
1.0,1,1,20.843716290450224,5,1,3.0,4,3,4,1,3,0,22.21858145225112,1.8437162904502238,2.0,3.0,163.1957901767939,1
1.0,0,2,11.559822646257228,4,0,3.0,4,4,2,1,2,1,13.559822646257228,1.0,2.0,1.0,153.51440177353743,1
0.48172382355235366,0,1,32.0,3,0,2.963447647104707,4,2,3,1,2,0,21.036552352895292,4.445171470657061,5.408619117761768,8.481723823552354,145.14744133529734,1
5.289885233662721,1,1,10.739311401976323,4,0,2.7101147663372793,5,3,2,1,6,0,13.710114766337279,0.7101147663372793,1.7101147663372793,1.5797704673254414,152.97712195889065,1
0.0,0,1,14.0,4,0,2.0,4,3,3,2,2,0,20.0,1.9042709452556026,2.0,2.0,126.25,1
10.0,1,1,28.0,3,0,4.0,4,2,4,1,6,0,23.0,2.6353893950943243,4.0,3.0,214.26,1
0.0,0,1,31.937349211148714,3,0,2.0,4,2,3,2,1,0,22.031325394425643,2.968674605574357,3.1879523665538567,8.062650788851286,145.10850610892734,1
1.0,0,1,16.0,3,1,3.0,4,4,5,2,4,1,12.0,1.0,2.0,1.0,156.72,1
1.0,2,1,29.626100290126296,4,0,3.0,4,4,3,0,6,1,12.93915043518944,1.0,2.0,2.6261002901262938,145.99442784913433,1
0.0,2,2,14.0,5,1,2.0,4,3,4,1,4,1,15.4905045281459,1.672996981236067,1.8364984906180335,0.0,123.47753117731793,1
0.0,2,3,18.0,4,0,3.0,2,3,4,2,2,0,15.0,0.0,1.0,0.0,127.16,1
1.0,0,2,31.46461316880897,3,0,3.0,5,2,3,2,2,0,23.0,3.0,6.676934155955146,10.070773662382058,170.56720201638385,1
0.0,0,1,14.0,0,1,2.6203832355483296,3,3,3,1,2,0,12.37961676445167,1.0,1.6203832355483296,2.0,125.20030826824953,1
1.0,0,2,31.316586759908652,3,0,3.0,5,2,3,2,2,0,23.0,3.0,7.417066200456745,10.366826480182699,170.70190604848312,1
0.0,2,1,14.0,0,1,2.0,3,3,3,1,2,0,19.142901217865706,0.7143004059552355,1.0,0.0,123.8585668741539,1
0.9086258951395908,2,1,16.725877685418773,3,0,3.0,4,4,4,2,2,0,13.725877685418773,1.0,1.9086258951395907,1.0913741048604093,139.2267030965481,1
9.0,2,1,30.685174170648352,1,1,2.0,4,3,3,2,5,1,18.111045023890107,0.0,1.6851741706483512,2.3148258293516486,123.09536915877132,1
1.9138951945686629,1,1,29.129157208147006,2,1,3.0,3,3,4,2,1,0,12.913895194568664,0.04305240271566857,1.0,3.0430524027156687,138.8570272884584,1
1.0,0,1,32.0,3,1,4.0,5,2,5,2,6,0,20.56192772728887,1.2190361363555646,2.2190361363555646,3.7809638636444354,169.34039753403562,1
1.0,0,3,31.0,2,1,3.6017722060419883,3,4,3,2,3,0,16.194683381874036,1.6017722060419883,2.0,1.0,136.07247849563134,1
0.5560961676800884,0,1,29.0,5,0,2.5560961676800886,4,3,3,0,3,0,13.0,1.5560961676800884,1.5560961676800884,1.0,156.0847881927291,1
1.0,0,1,11.0,1,1,3.1064054135498687,5,4,3,2,7,0,17.0,1.8935945864501316,2.0,3.0,163.94,1
1.367780064555117,0,1,8.65805498386122,4,0,3.0,4,3,2,0,2,1,11.683890032277558,0.0,1.0,0.0,128.27354123789593,1
1.0,1,1,12.99194089665788,3,0,3.0,4,4,4,2,3,0,12.01611820668424,2.0,2.0,3.975822689973641,154.59121557735708,1
1.0,0,2,16.056825177038714,4,0,3.056825177038715,4,4,4,1,3,0,20.170475531116146,2.0,2.0,1.0,142.9392093721567,1
6.339988738156022,0,1,31.23714446597771,4,1,3.0,4,4,2,1,4,1,23.0,1.2371444659777113,2.0,1.2371444659777113,155.74205125452158,1
1.7847716304802823,1,1,29.322842554279575,3,1,3.0,3,3,4,2,1,0,12.784771630480282,0.0,1.0,3.107614184759859,138.58263971477058,1
0.0,1,1,14.0,0,1,2.0,3,3,3,1,1,0,20.463743643238235,0.7681281783808822,1.0,0.4637436432382356,123.6401517798933,1
0.0,0,1,14.0,4,1,3.0,3,3,2,2,2,1,23.0,1.0,1.0,0.0,124.55484248576397,1
9.867541132036035,0,1,29.16885283009009,3,0,3.4337705660180173,2,2,3,1,5,0,18.096064905837842,2.5662294339819827,2.5662294339819827,5.698688301945947,189.13420653585476,1
9.748509239048225,1,3,16.249503079682743,4,0,2.750496920317258,3,0,3,0,5,0,20.251490760951775,0.7504969203172582,2.4970184780964506,7.0,173.9883104709213,1
4.167699570963769,1,2,8.094942979724637,4,1,3.4525285101376815,5,1,4,1,9,0,13.905057020275363,3.0,3.4525285101376815,3.0,226.67203893329167,1
1.0,1,3,8.451230789594826,2,0,3.0,5,4,3,2,3,0,13.451230789594826,1.2743846052025876,2.0,3.0,145.79669998676337,1
1.0,1,1,15.295250984138796,3,0,4.0,4,4,5,1,3,1,17.803166010574135,1.0984169947129323,2.0,1.0,149.17880232932012,1
1.0,1,3,11.784795520266806,5,1,3.0,5,2,2,2,3,1,12.215204479733194,2.076022398665964,3.291226878399157,4.215204479733193,182.6207717629759,1
1.0,0,1,9.0,3,1,3.1156448495442466,4,4,1,0,7,1,14.0,2.768710300911507,3.0,3.0,159.93836371182414,1
0.0,0,1,6.440594574272643,4,0,3.0,2,0,4,2,2,0,11.0,2.1188108514547137,4.0,7.0,174.46,1
1.0,1,1,7.171511866104759,3,1,3.0,4,4,1,1,10,1,15.0,3.0,3.0,3.0,172.87,1
0.712845995860955,0,1,10.861462012417135,1,1,3.712845995860955,4,3,4,2,2,0,23.0,1.0,1.712845995860955,5.287154004139045,157.3753668995363,1
1.0,2,2,16.30330488856325,3,1,3.0,4,3,1,2,3,0,13.393390222873498,1.0,2.0,1.3033048885632514,135.59162048023447,1
0.3243458076950557,2,1,9.0,3,1,3.324345807695056,3,4,4,0,5,0,13.0,1.3243458076950558,1.3243458076950558,1.6756541923049442,139.86240278538082,1
12.830515342638982,2,1,13.766103068527796,4,1,2.2338969314722035,3,3,3,0,8,1,12.467793862944408,0.7661030685277965,1.7661030685277965,6.064412274111186,124.23810387895921,1
11.0,1,1,6.0,4,1,3.0,4,0,3,2,10,1,13.0,0.0,1.0,0.0,153.81,1
2.0,2,1,14.0,0,1,3.0,3,3,5,0,8,1,21.0,1.0,2.0,2.0,124.03999999999999,1
4.281707281036081,1,3,7.17957317974098,4,0,3.82042682025902,4,2,1,2,9,0,12.71829271896392,1.0,2.0,5.1021341012951,186.2624329936781,1
1.0,0,1,16.440573528012308,3,0,3.0,5,4,4,2,2,0,22.118852943975384,1.4405735280123073,2.4405735280123073,3.0,149.5493435251574,1
1.0,2,1,8.0,3,1,2.0,3,2,4,1,5,0,11.0,0.8675953865035454,1.0,4.0,148.55,1
4.0,2,1,15.235495496045083,4,1,3.3822522519774583,4,4,5,2,5,0,15.0,1.6177477480225417,2.0,2.1467567559323752,145.74573333292665,1
0.0,2,1,14.0,0,1,2.3806565458630886,3,3,3,1,2,1,17.38065654586309,0.3806565458630886,1.0,0.0,123.82115354881311,1
1.0,1,1,18.36320946343986,3,1,3.0,4,2,5,1,3,0,16.908806308959907,1.0,2.0,6.273581073120283,167.220880630896,1
20.780189268482996,1,1,8.780189268482996,4,1,2.780189268482995,3,5,4,2,8,1,15.0,6.0,9.0,8.780189268482996,291.97,1
9.0,1,1,14.002377177748615,4,0,2.0,3,3,4,2,2,0,12.00475435549723,0.0023771777486145673,1.0,0.0,123.02000000000001,1
1.0,0,1,7.57339626534669,5,1,4.0,4,4,2,2,3,1,13.617735823102207,6.0,8.191132088448898,8.808867911551102,153.1252944255317,1
0.0,0,1,9.540349180340428,1,1,3.0,3,4,3,1,6,0,14.621047541021284,0.45965081965957244,1.0,2.0,139.56972162293363,1
1.0,1,1,15.0,3,1,4.0,5,4,3,2,3,1,12.0,2.0,2.0,3.0,164.89,1
5.6955074672510495,1,2,13.173044803506295,4,0,2.304492532748951,5,2,2,1,8,0,13.30449253274895,0.30449253274895083,1.304492532748951,2.391014934502098,153.25294507773071,1
1.0,0,1,19.59428655016087,3,0,4.0,4,4,2,0,3,0,12.19809551672029,2.1980955167202896,2.1980955167202896,1.3961910334405792,150.33819074088427,1
1.0,1,3,23.0,4,0,4.0,4,0,5,2,4,1,21.0,1.9343078835103409,2.0,3.0,210.64,1
0.0,0,3,19.0,1,0,2.0,3,2,4,2,6,0,11.0,0.11288068277630159,1.0,0.0,157.65,1
9.198486976863176,0,2,16.74045390694105,4,1,2.4198486976863176,3,0,3,2,2,0,13.67939479074527,4.32060520925473,2.0,8.061059116195777,235.02731991806718,1
0.49689551850004887,0,1,14.503104481499951,4,0,3.0,3,2,4,0,4,0,17.0,0.49689551850004887,1.496895518500049,5.012417925999804,153.65875820740004,1
18.667768192803663,1,3,9.166115903598168,3,1,3.0,3,1,1,2,6,0,17.16611590359817,2.3322318071963366,7.916942048200916,4.2491738553972525,177.2528355011408,1
9.0,1,3,27.223709522484054,5,1,2.0,3,3,3,2,2,1,14.342257134904314,1.0,1.0,0.0,123.02000000000001,1
0.0,2,1,15.0,3,0,2.0,3,4,5,2,8,0,22.0,1.0,1.0,4.0,142.0,1
4.911220291530318,1,2,25.172900161961287,3,0,4.0,4,0,4,1,4,0,21.869160064784516,2.3037400971767727,2.8691600647845155,3.0,212.21317971725995,1
13.55774772348044,0,3,8.230990893921764,5,1,2.557747723480441,4,3,3,1,3,1,14.55774772348044,1.5577477234804409,1.5577477234804409,1.6732431704413226,149.81775214183602,1
1.0,1,1,9.391633217736288,1,0,3.202788927421237,4,4,5,2,7,0,12.405577854842475,1.0,2.0,5.608366782263712,150.97177266410733,1
9.0,2,1,7.448465095223899,5,0,3.0,4,3,3,2,7,1,14.448465095223899,0.2757674523880508,1.5515349047761016,1.9303721667163556,123.02000000000001,1
0.690405721911072,2,2,15.690405721911072,2,1,3.0,4,3,1,1,2,0,14.928782834266784,0.690405721911072,1.690405721911072,0.690405721911072,135.21248304328836,1
0.3405448354798969,0,2,10.0,4,1,2.6810896709597936,4,2,3,2,2,1,12.0,6.0,7.681089670959794,5.362179341919587,158.34810896709598,1
0.8049637303992545,1,3,14.780145078402981,4,1,2.8049637303992547,3,3,1,1,3,1,22.195036269600745,2.5851088088022367,2.780145078402982,3.780145078402982,147.37162963697455,1
0.05239129559486122,2,1,6.157173886784584,3,1,2.104782591189722,3,4,1,1,9,1,14.104782591189723,1.947608704405139,2.0,1.947608704405139,147.76678914767814,1
0.15962490143216723,0,2,17.840375098567833,5,0,2.159624901432167,3,2,1,2,3,0,22.680750197135666,4.680750197135666,5.521125295703499,6.3615003942713315,146.678359463791,1
2.342493091911647,0,3,11.0,3,1,3.0,4,0,4,2,2,0,21.657506908088354,3.6712465459558237,6.006869818933735,3.0,220.05813517034014,1
0.0,2,2,6.384037205346407,1,0,2.923192558930719,3,3,3,2,2,1,15.769577676792156,0.0,1.0768074410692812,3.8463851178614377,132.2035697841556,1
1.0,0,2,16.234994277534692,4,0,3.2349942775346916,4,4,4,1,3,0,20.704982832604074,2.0,2.0,1.0,143.06214605149896,1
1.0,2,1,8.660301965995837,4,0,3.8301509829979183,4,4,5,1,3,1,12.830150982997917,1.8301509829979181,2.0,1.0,146.15613009165511,1
1.0,1,3,11.103496924419842,4,1,3.051748462209921,5,2,1,1,3,1,13.310490773259524,5.051748462209921,8.0,5.155245386629762,183.45801471000212,1
1.0,0,1,10.0,1,1,4.0,4,4,5,2,2,0,23.0,1.0,2.0,5.0,156.02,1
1.0,0,2,18.0,5,0,3.2645158039888384,3,2,3,0,9,0,13.793547411966514,2.0,2.0,2.4709683920223235,172.25516106279218,1
9.0,2,1,28.559785304492856,4,0,2.0,3,3,3,1,5,1,11.83967795673928,0.0,1.0,1.5597853044928538,123.02000000000001,1
0.7222809126491562,0,1,29.0,5,0,2.7222809126491563,4,3,3,0,3,0,13.0,1.7222809126491563,1.7222809126491563,1.0,155.16578655305017,1
15.0,1,3,11.0,4,1,3.0,3,0,4,2,10,1,19.0,5.964069817814027,7.0,7.0,184.46,1
13.926916346331108,0,3,7.0,5,1,3.0,3,2,3,1,5,0,14.780749038993324,1.926916346331108,1.926916346331108,1.0,171.91458173165555,1
0.0,0,1,8.0,3,1,2.7863018584296717,3,3,1,0,6,1,13.0,2.0,2.0,2.0,136.66865879474855,1
1.0,1,1,13.739987777755786,4,0,3.579995925918595,5,4,4,0,3,1,13.260012222244214,1.0,2.0,8.0,147.22741006298108,1
9.941878703554194,1,1,28.03874753096387,3,0,3.9903131172590323,4,1,4,1,5,0,22.90313117259032,2.0,3.9806262345180645,3.0,214.27627396300483,1
0.8579550909150572,2,1,13.284089818169885,5,0,3.7159101818301146,3,4,5,1,6,0,22.857955090915056,1.8579550909150573,1.8579550909150573,3.1420449090849427,145.20017248911316,1
3.0,1,3,28.0,5,1,3.0,4,2,3,0,3,1,12.0,1.0,1.0,0.0,163.8,1
1.0,0,2,20.372707753784077,4,0,3.053243964826297,4,1,3,1,5,0,12.053243964826297,2.946756035173703,2.946756035173703,3.0,223.5240268105521,1
0.0,1,1,14.0,0,0,2.0,2,3,3,1,3,1,13.218384520803601,0.7816154791963991,1.0,2.218384520803601,123.85884686727411,1
0.31370651205206523,0,2,8.372586975895869,4,0,2.6274130241041305,3,0,1,1,2,0,11.313706512052065,3.3137065120520655,3.6274130241041305,7.3137065120520655,202.06105231932267,1
5.0,0,1,25.0,0,1,3.0,2,3,3,1,7,1,12.0,0.4957467174568473,2.0,2.0,127.59,1
2.3954326151065857,1,1,11.790865230213171,3,0,3.697716307553293,4,4,5,0,9,0,21.697716307553293,2.0,2.697716307553293,4.511418462233536,149.95591958811352,1
8.0,0,1,8.092338325031498,3,1,3.0,4,4,4,1,4,0,13.0,2.0,2.6358872249895007,3.6358872249895007,148.4928225550021,1
1.0,2,1,22.30135495274215,2,1,3.0,4,4,1,0,7,0,13.566215015752617,1.0,2.0,4.566215015752617,149.0606883608693,1
1.0,0,1,22.987485057947058,4,0,3.99374252897353,5,4,4,1,3,1,23.0,4.981227586920589,6.968712644867649,7.968712644867649,164.1789868509934,1
1.0,2,1,25.0,3,1,3.0,5,4,1,2,3,1,14.0,1.0,2.0,2.0,148.89,1
21.0,0,1,9.0,4,1,3.0,5,4,1,1,10,1,15.0,1.5353679411816512,2.0,1.0,148.8,1
9.0,0,3,15.0,5,1,2.0,3,4,5,1,2,0,19.0,1.0,1.0,0.0,123.02000000000001,1
12.745641166621969,0,2,14.0,3,0,3.5029058889186873,4,3,3,0,3,0,12.745641166621969,2.9941882221626255,7.751452944459343,7.751452944459343,151.018109301143,1
8.0,0,1,31.0,4,1,3.0,4,4,3,1,5,1,23.0,1.0,2.0,1.0,156.61,1
0.0,0,2,14.486816916243221,2,1,2.486816916243221,3,2,5,1,6,0,17.0,0.0,1.0,4.434084581216106,153.35736338324864,1
8.194447644431689,1,1,20.63886648897818,3,0,3.6111047111366226,3,0,1,1,3,0,11.805552355568311,1.5833429332950657,2.3888952888633774,5.416657066704934,204.03720999827095,1
1.0,2,1,23.0,3,1,3.0,4,4,4,1,4,1,14.0,2.0,2.0,3.0,148.73,1
9.0,1,1,14.589504205939445,4,0,2.0,3,3,4,2,3,0,13.179008411878891,0.5895042059394454,1.0,0.0,123.02000000000001,1
9.0,2,1,8.0,6,1,3.0,4,3,3,2,7,1,15.0,0.0,1.0,0.0,123.02000000000001,1
0.2217819781923186,2,1,8.221781978192318,3,1,2.4435639563846374,3,4,3,2,7,0,16.77821802180768,0.2217819781923186,2.0,1.0,144.28130651464002,1
1.0,1,1,22.0,6,1,3.0,4,2,3,1,9,0,15.0,1.0,2.0,1.0,173.34,1
3.2218347977704114,1,2,6.778165202229589,3,0,3.0,3,2,2,1,8,1,11.778165202229589,1.5187768014863925,1.5187768014863925,4.481223198513607,159.85477736378448,1
7.0,1,2,6.0,3,1,3.0,4,0,5,0,10,0,14.0,2.0,3.0,6.0,204.82,1
0.08991624485970229,2,2,26.269748734579107,4,0,3.0,4,2,3,0,4,1,11.089916244859703,1.0,2.0,2.0,145.65563885874758,1
20.420251754297496,1,1,8.806750584765831,1,1,2.806750584765832,3,3,2,2,5,0,21.64725409336082,1.8067505847658318,2.966247076170841,1.3864988304683363,150.13978144157383,1
1.0,2,1,24.89888162408092,3,1,3.0,4,4,2,1,3,1,14.0,1.0505591879595388,2.0,2.050559187959539,148.88191052992647,1
1.0,0,1,9.373542980323073,2,1,3.0,5,4,1,1,2,0,12.626457019676927,1.626457019676927,2.0,1.0,151.7195392131337,1
9.0,0,3,6.0,4,0,2.0,4,3,3,2,2,0,11.712673283491098,1.0,1.287326716508902,0.5746534330178039,123.02000000000001,1
9.27974596776907,0,3,32.0,4,0,3.7202540322309288,3,2,4,0,4,0,14.160762096692787,0.720254032230929,1.720254032230929,1.559491935538142,166.7717881853783,1
0.0,0,2,26.340008528811175,5,0,3.0,3,3,3,1,1,0,11.668001705762235,0.6680017057622348,1.0,0.0,128.22496208102993,1
0.0,0,3,14.0,5,0,2.0,3,3,1,2,2,1,14.0,0.33720372579027835,1.0,2.0,123.22999999999999,1
5.12936611851651,1,1,9.776196711099058,4,0,2.8706338814834904,5,3,2,1,6,0,13.87063388148349,1.0,1.8706338814834904,1.258732237033019,152.86796896059124,1
1.6863914721105306,1,1,30.75908693255564,4,1,3.0,3,3,1,1,2,1,22.75908693255564,0.0,1.0,0.7590869325556384,128.83174182684635,1
0.27247076977490503,2,2,26.272470769774905,3,0,3.272470769774905,4,2,3,0,3,1,11.272470769774905,1.0,2.0,2.817412309324715,145.83249898509968,1
1.0,1,3,9.546826443197453,2,1,3.4843911856008494,4,0,5,1,2,0,17.67169695839066,2.5156088143991506,5.968782371201699,3.0,221.4593963649931,1
1.0,1,1,28.918583329097764,3,1,3.306194443032588,4,4,2,1,3,0,21.612388886065176,2.0,2.0,1.0,148.9598405546802,1
8.447237631966416,1,1,18.86933657623508,3,0,3.1055247360671663,3,0,1,1,3,0,11.552762368033584,2.3417128958992506,2.8944752639328337,4.658287104100749,203.07155224588828,1
10.0,1,3,16.0,5,1,3.0,4,0,1,1,6,0,12.0,4.134997887253885,5.0,3.0,225.96,1
0.0,1,2,8.20858836774105,4,1,3.0,3,3,4,0,1,0,11.0,0.7914116322589493,1.0,1.5828232645178986,130.01785386864682,1
0.29639200687528344,0,1,30.592784013750567,2,1,3.2963920068752834,4,0,3,1,2,0,12.0,1.0,1.2963920068752834,9.0,185.42682835840452,1
0.0,1,2,10.821605341939627,4,0,3.0,3,3,2,1,1,1,12.821605341939627,0.9108026709698133,1.0,0.0,128.5117839465806,1
1.0,0,2,7.0,1,1,3.5474148403797257,4,4,3,0,4,0,16.0,2.0,2.0,2.0948296807594518,152.67340845038854,1
0.7339053770018694,0,2,21.46781075400374,3,0,2.7339053770018693,4,1,1,1,6,1,14.201716131005607,2.5321892459962614,4.064378491992523,4.064378491992523,178.37021380899725,1
1.0,2,1,21.693117519633095,3,1,3.0,4,4,2,1,5,1,14.0,2.0,2.0,4.306882480366905,149.14166798131558,1
0.0,0,1,13.776852688004324,0,1,2.4077157706652255,3,3,5,2,3,0,11.0,0.0,1.0,1.2231473119956757,130.85564256618972,1
9.0,1,1,14.125565578637252,4,0,2.0,3,3,4,2,2,0,12.251131157274504,0.12556557863725137,1.0,0.0,123.02000000000001,1
9.0,1,1,8.513884873465011,5,1,3.0,4,3,3,1,7,0,15.342589915643341,0.17129495782167037,1.0,0.0,123.02000000000001,1
9.0,0,3,6.0,2,0,2.8273565548261455,4,3,4,2,2,1,11.0,1.0,1.0,2.0,123.02000000000001,1
9.0,1,1,30.415161368311118,4,0,2.415161368311118,3,3,3,1,4,1,16.07580684155559,2.4909682098667076,3.4909682098667076,5.07580684155559,123.02000000000001,1
0.3375324658838189,1,3,22.337532465883818,5,0,3.337532465883819,3,0,3,1,4,0,14.012597397651456,0.6750649317676378,1.337532465883819,1.0125973976514566,180.47251558997155,1
0.0,0,1,8.0,4,1,3.0,3,4,1,0,7,1,13.0,1.605702417991092,2.0,2.0,137.22,1
0.753480094362017,0,2,31.26044028308605,5,0,2.753480094362017,3,0,1,1,4,0,21.027840754896136,1.0,1.753480094362017,8.027840754896136,200.9240773783442,1
3.167771109798573,0,1,30.047934602799593,3,0,3.976032698600204,3,3,4,2,2,0,13.952065397200407,0.9760326986002038,1.976032698600204,3.976032698600204,164.038322288902,1
0.0,2,2,14.0,1,1,2.0,4,3,1,2,2,0,12.0,0.6551823922538302,1.0,0.0,125.63999999999999,1
0.3373109541512276,0,2,32.0,4,0,2.337310954151228,3,0,1,1,2,0,22.337310954151228,1.3492438166049103,2.0119328624536825,9.0,174.26156787930574,1
1.0,1,1,9.0,5,1,3.6880880944632946,4,4,3,1,8,1,15.688088094463295,1.0,2.0,1.6238238110734105,145.7502822853424,1
20.87788848407571,1,1,8.877888484075712,4,1,2.877888484075712,3,5,4,2,8,1,15.0,5.877888484075712,9.0,8.877888484075712,291.97,1
1.0,1,1,7.111137147332013,4,0,3.0,4,4,4,0,3,1,12.0,1.2222742946640248,2.1111371473320126,1.2222742946640248,148.17110668495357,1
16.11136979279526,0,2,14.296210069068247,1,0,2.6481050345341233,4,1,3,0,6,1,14.648105034534124,1.6481050345341233,3.0556848963976297,5.759474827329383,195.46549215411704,1
1.0,1,1,15.37464586632586,3,0,4.0,4,4,5,1,3,1,17.750236089116093,1.0,2.0,1.0,149.23226154999273,1
9.0,1,1,14.790520510271673,4,0,2.0,3,3,4,2,3,0,13.581041020543347,0.7905205102716735,1.0,0.0,123.02000000000001,1
20.0,1,1,31.0,4,1,4.0,4,4,1,2,3,0,17.0,1.0,2.0,1.0,150.87,1
16.09116424358413,0,1,11.726507269247602,2,0,3.5455821217920667,5,0,1,1,2,0,16.545582121792066,1.4544178782079336,2.0,3.4544178782079333,228.87574999418015,1
9.0,0,1,21.57763381609344,1,1,2.10559154597664,4,3,5,1,2,0,22.4720422701168,2.7888169080467202,2.7888169080467202,0.0,123.06472042270116,1
9.0,2,1,6.090589287226155,4,0,3.0,4,3,3,2,7,1,13.090589287226155,0.9547053563869226,2.909410712773845,6.682937494708458,123.02000000000001,1
10.374456562460932,1,3,16.030842421845698,3,0,3.0,4,0,1,1,2,0,17.030842421845698,2.3127717187695342,5.3744565624609315,7.343614140615233,198.0283356522915,1
9.0,1,1,9.0,4,1,2.0,3,4,3,2,2,0,13.0,0.5351523336803503,1.0,0.0,123.02000000000001,1
1.8359526295770583,1,1,29.246071055634413,2,1,3.0,3,3,4,2,1,0,12.835952629577058,0.08202368521147085,1.0,3.082023685211471,138.69139933785124,1
0.9650607535940116,0,1,8.034939246405989,4,0,3.930121507188023,2,0,3,1,2,0,11.965060753594011,2.0349392464059886,4.930121507188023,7.9650607535940114,199.5924197438787,1
7.979512826818669,1,1,16.97951282681867,4,0,3.9795128268186692,4,3,3,2,3,0,12.010243586590665,1.9795128268186692,1.9897564134093346,3.0,154.35078077206842,1
9.0,0,3,18.0,4,1,3.0,4,3,5,0,2,0,18.0,1.0,1.0,0.0,123.02000000000001,1
1.0,0,3,16.0,5,1,3.0,4,4,5,1,3,0,20.0,2.0,2.0,1.0,142.9,1
1.0,1,3,12.0,5,0,3.0,4,4,3,2,3,1,14.0,1.4953809753923044,2.0,1.0,153.51,1
0.0,2,3,8.0,5,1,3.0,3,3,5,1,1,0,11.0,0.882719852199555,1.0,2.0,130.41,1
1.0,1,1,9.0,4,0,3.0,4,4,5,0,9,0,21.0,2.0,2.0,8.0,152.07,1
1.0,1,3,15.296389987179294,5,0,3.0,4,4,4,2,3,0,14.0,2.0,2.6481949935896476,2.296389987179295,152.3150379448076,1
1.0,1,1,18.0,3,0,4.0,5,2,4,0,7,0,16.0,2.0,2.0,1.0,172.77,1
1.0,1,3,11.492917575939734,5,1,3.0,5,2,1,2,3,1,12.507082424060266,3.028329696241067,5.042494544361601,4.5070824240602665,182.8659492362106,1
1.0,0,1,11.0,1,1,3.0,4,4,1,2,10,1,23.0,2.0,2.0,1.0,147.85,1
1.9703491101813495,0,1,8.955523665272025,3,0,3.0,3,1,4,1,5,0,11.985174555090675,1.0296508898186505,2.0296508898186505,5.029650889818651,173.5634911548675,1
0.7680054353132096,2,2,15.76800543531321,2,1,3.0,4,3,1,1,2,0,14.69598369406037,1.0,1.7680054353132095,0.7680054353132096,135.3622504901545,1
0.4343614981412177,2,1,14.131277003717564,3,0,2.868722996282435,2,4,5,1,5,0,22.0,1.4343614981412176,1.4343614981412176,2.6969155055763467,141.56998211684018,1
2.1071161564069025,2,1,13.0,4,1,4.0,4,4,5,0,7,1,22.44644192179655,2.0,2.5535580782034515,3.0,147.56227723885343,1
9.0,1,1,12.0,4,1,3.0,2,3,5,0,3,1,21.381227922958995,1.0,1.0,0.76245584591799,123.02000000000001,1
1.6692695831621913,1,1,12.661460833675617,3,0,3.6653652084189043,4,2,3,0,4,0,19.0,2.0,2.0,1.6653652084189043,175.0179535101129,1
1.0,2,1,31.49928907416333,3,1,3.0,4,4,4,1,4,1,19.497867222489987,1.4992890741633287,2.499289074163329,1.9985781483266574,148.60567537954483,1
0.0,0,3,32.0,3,1,3.0,5,2,5,2,9,0,18.0,0.6448612228149799,2.0,2.0,149.69,1
0.0,2,1,16.0,3,1,2.0,3,2,5,2,2,0,15.0,0.0,1.0,8.0,142.13,1
9.0,0,2,9.0,3,0,2.570377136103156,3,4,1,2,2,0,12.429622863896844,1.0,1.0,0.0,123.02000000000001,1
1.0,2,2,13.278938076073477,5,1,3.7210619239265235,4,4,3,1,5,1,22.721061923926523,2.0,2.0,3.0,146.29345491366843,1
16.516697780972443,1,2,29.87082555475689,3,0,3.0,3,0,4,1,6,0,12.87082555475689,0.7750466714586624,2.904221116701773,2.5166977809724416,204.30432275446935,1
0.0,0,1,14.0,0,1,2.0,3,3,4,1,2,0,15.19909302561755,0.9004534871912249,1.0,0.0,125.77285255591951,1
0.0,1,1,14.0,0,0,2.3968078343853323,3,3,3,1,1,0,20.39680783438533,1.0,1.0,0.0,123.56365992611963,1
15.429198358542164,1,3,31.52360054715261,4,1,3.4763994528473883,4,0,5,1,6,1,14.0,1.0,2.4763994528473883,1.9527989056947765,231.60581822143962,1
13.74641588300363,0,3,8.985663532014524,5,1,2.746415883003631,4,3,3,1,3,1,14.74641588300363,1.4928317660072616,1.746415883003631,2.2392476490108923,150.67619226766652,1
1.941900117545029,0,1,31.05809988245497,3,1,4.0,4,4,4,2,2,0,12.941900117545028,1.0,2.0,4.529049941227486,161.79153774978317,1
1.0,0,1,23.0,1,1,3.0,5,4,5,1,3,1,23.0,2.476696945547225,4.0,1.0,148.07,1
0.0,1,3,19.0,5,1,3.0,4,2,5,1,6,1,13.0,1.1950089804386157,2.0,2.0,161.34,1
9.0,1,1,12.34790693811835,4,1,2.6520930618816507,2,3,3,0,2,1,21.0,1.0,1.0,0.6958138762366988,123.02000000000001,1
1.0,0,1,27.657241930841728,4,0,3.7809193563860903,4,0,3,0,6,0,13.657241930841728,2.0,2.0,3.0,223.51604161095352,1
0.0,0,3,19.0,1,0,2.208536459110481,3,2,4,1,6,0,11.417072918220962,0.20853645911048102,1.208536459110481,0.41707291822096204,158.41949953411768,1
0.0,2,1,9.192590507889635,0,1,2.0,4,3,1,1,4,1,13.0,0.6024698307034551,2.0,2.0,134.5485680610618,1
12.976722834961972,0,1,7.0,4,1,3.511638582519014,4,0,3,2,7,1,14.488361417480986,1.0,2.0,1.0,175.62099994384917,1
1.0,1,3,14.12201428601079,5,0,3.0,4,4,4,2,3,0,14.0,1.061007143005395,2.061007143005395,1.1220142860107898,151.83941578583438,1
17.56084350574197,0,3,8.42433740229679,3,1,3.0,4,2,1,2,5,0,16.42433740229679,2.0,6.273012206890365,3.1365061034451824,175.35656878896106,1
17.72018565966549,0,2,18.62691421288732,4,1,2.0932714467781697,2,0,2,2,6,0,16.90672855322183,1.09327144677817,2.0,7.62691421288732,236.44167061505897,1
1.0,0,1,11.819115804392368,2,0,3.0361768391215262,4,4,4,2,2,0,18.144707356486105,1.0361768391215262,2.0,2.9276463217569475,149.18490846605212,1
8.729839707548479,2,1,13.13508014622576,4,1,2.8649198537742393,3,3,5,1,4,0,13.729839707548479,0.1350801462257607,1.0,2.8649198537742393,123.10104808773546,1
20.24112295074449,1,1,9.0,4,0,3.0,4,5,3,1,8,0,15.151775409851101,6.0,8.696449180297796,9.151775409851101,291.97,1
1.0,2,1,24.0,4,0,4.0,4,4,4,0,3,0,14.0,1.889576618330492,2.0,1.0,147.1,1
3.0,1,3,31.0,5,1,2.0,4,0,4,2,3,1,12.0,0.05607171652354215,1.0,0.0,190.94,1
0.7658290392349099,0,2,6.76582903923491,4,0,3.0,4,4,3,2,2,0,13.23417096076509,1.7658290392349099,1.7658290392349099,1.2341709607650901,138.28791946061304,1
1.0,1,1,14.98378522898199,5,0,3.99459507632733,5,4,4,0,3,1,12.01621477101801,1.9945950763273301,2.0,8.0,146.2033501614715,1
0.0,2,2,15.0,3,0,2.0,3,3,5,2,8,0,22.998653729043436,0.0013462709565636999,1.0,3.0013462709565637,134.08067592868554,1
9.0,1,1,14.0,4,0,2.0,4,4,4,2,2,0,12.0,0.0,1.0,0.0,123.02000000000001,1
17.426418519956428,1,3,8.286790740021786,3,1,2.1433953700108925,3,2,2,1,4,0,15.856604629989107,0.28679074002178506,6.283023149945537,3.0,151.6329809351025,1
0.0,2,1,14.926455431393611,0,1,2.981613857848403,3,3,3,1,1,1,16.92645543139361,1.0183861421515972,1.0183861421515972,0.03677228430319457,133.88974465534034,1
0.0,0,1,9.464066689404504,2,0,2.0,3,4,2,1,2,0,13.392200068213514,5.07186662119099,6.07186662119099,6.535933310595495,139.0162179106403,1
9.0,2,1,7.886123794813943,5,0,3.0,4,3,3,2,7,1,14.886123794813944,0.05693810259302845,1.113876205186057,0.3985667181511996,123.02000000000001,1
9.0,0,1,14.323819574902432,5,0,2.6761804250975687,3,3,2,1,6,0,11.971458724707293,1.0,1.0,1.3523608501951372,123.02000000000001,1
1.0,2,1,24.322281356857392,3,1,3.0,4,4,2,1,3,1,14.0,1.3388593215713036,2.0,2.3388593215713036,148.8357825085486,1
19.0,2,1,14.0,4,1,3.0,3,3,1,2,2,0,16.0,0.0,1.0,0.0,125.87,1
1.0,1,3,17.757560725656173,5,0,4.0,4,1,4,1,2,0,16.995679585339328,1.0,2.0,3.246759689004497,207.08181953469096,1
9.0,0,3,9.0,3,0,3.0,3,4,1,2,2,1,12.0,0.6504252488238643,1.0,0.0,123.02000000000001,1
0.21233397428689127,0,2,32.0,4,1,3.2123339742868913,3,2,1,1,2,0,11.212333974286892,0.21233397428689127,1.2123339742868913,7.362998077139326,156.93864898691854,1
0.12200741357688905,0,2,32.0,3,1,2.2440148271537783,3,2,1,2,2,0,17.267955518538667,2.877992586423111,6.389962932115555,6.755985172846222,158.33253230653764,1
4.0,1,3,29.0,5,1,4.0,5,2,3,0,4,1,13.0,2.0,2.0,1.0,188.8,1
0.0,2,1,31.0,0,1,2.1134408171039167,3,3,3,2,4,1,20.34032245131175,1.0,1.8865591828960833,1.8865591828960833,123.67678473844087,1
1.0,1,1,29.009272344231935,3,1,3.996909218589355,4,2,2,1,3,1,16.009272344231935,5.99381843717871,7.003090781410645,8.0,186.77868774003704,1
13.0,0,3,6.0,6,1,2.0,3,2,3,2,4,1,14.0,0.8165475988497707,1.0,0.0,147.28,1
1.0,0,1,10.405858137243543,1,1,3.5941418627564574,4,4,5,2,2,0,21.782425588269373,1.4058581372435426,2.0,3.37656745102583,155.49644300295583,1
1.0,0,1,12.0,3,0,3.0,4,4,3,0,2,0,16.234123714237768,1.0,2.0,5.943127142937053,148.89036975999105,1
1.0,1,2,16.252772844811336,3,0,4.0,5,3,4,0,5,0,13.379159267217002,2.0,2.873613577594333,2.747227155188666,169.47647681246937,1
1.0,1,3,10.888624369690346,3,1,3.0,5,0,1,0,3,0,12.0,5.888624369690346,9.0,3.0,229.05819376683678,1
1.0,1,1,17.245464564585667,3,0,4.0,5,2,4,0,6,0,14.8681968468785,2.0,2.377267717707167,1.7545354354143334,171.34770070424398,1
1.7729697448434956,1,3,11.03378781894563,4,0,3.193242436210874,4,2,2,2,4,1,12.0,2.0,2.0,4.386484872421748,182.9211736661651,1
1.631937353973024,0,2,9.0,4,0,3.0,5,4,2,1,8,0,14.842015661506744,1.0,2.0,1.0,152.83894109630546,1
1.0,0,1,18.448140419230803,3,0,3.5172865269230655,4,0,3,1,6,0,12.0,1.0,2.4827134730769345,3.0,224.54353586223073,1
1.0,2,1,32.0,3,1,3.0,5,4,4,2,6,1,21.0,1.2225445328176145,3.0,3.0,148.13,1
2.0185414004656344,0,1,10.308611466045821,4,0,3.0,5,3,4,2,3,1,23.0,1.0,1.6728471334885446,2.6357643325572764,161.22444993611177,1
1.0,0,1,9.275745472500867,3,1,4.0,4,4,2,0,7,0,14.0,1.2757454725008668,2.7242545274991334,3.0,163.07205351002767,1
0.0,2,1,13.0,1,0,2.0,3,3,3,1,4,1,13.0,2.522202984334558,7.0,7.0,133.39,1
13.099764779273618,1,1,8.466353039031493,4,1,3.633411740242127,4,0,3,2,10,1,15.832941298789365,2.4663530390314916,3.8329412987893647,3.1995295585472374,180.88122366763199,1
2.166844518543658,0,1,7.611051827152114,3,0,3.805525913576057,2,0,4,1,4,0,12.388948172847886,2.0,4.611051827152114,7.611051827152114,200.50238110323235,1
9.0,1,1,8.0,4,0,3.0,3,3,4,1,2,0,12.0,1.0,1.0,0.0,123.02000000000001,1
1.0,1,3,10.223915603470335,3,1,3.0,5,0,2,0,3,0,12.0,6.0,9.0,3.0,229.40550409718674,1
1.0,1,3,17.0,3,1,3.0,5,0,5,1,10,0,18.0,2.6319326288437486,7.0,3.0,228.06,1
1.0,1,3,9.502296926887642,4,1,3.0,5,0,2,0,3,0,12.0,4.331802048741572,4.8295051218539315,3.0,228.72115890921302,1
1.0,2,1,23.04936831444917,3,1,3.0,4,4,3,1,3,1,14.0,1.9753158427754154,2.0,2.9753158427754154,148.73394946515592,1
1.0,0,1,32.0,3,1,3.6372463996008477,4,2,5,1,6,0,20.274492799201695,1.0,1.637246399600848,2.548985598403392,167.43734350355695,1
19.64008898488902,1,1,16.2665183585183,3,0,2.5466963282963397,3,0,4,1,8,1,15.90660734340732,2.0,4.186785313185359,5.266518358518301,230.46071458312244,1
0.0,0,1,10.0,1,1,2.839820352203488,4,4,3,2,6,0,16.0,0.16017964779651161,1.0,2.0,138.94,1
9.0,0,2,14.61754295957926,4,1,2.1274856801402464,2,4,5,1,2,0,19.254971360280493,0.8725143198597538,1.0,0.0,123.02000000000001,1
0.0,2,1,14.0,0,1,2.199793652316421,3,3,2,1,2,0,19.600412695367158,1.0,1.0,0.0,123.69607634864293,1
5.684954769663865,0,3,11.684954769663864,4,1,3.136990953932773,4,1,3,2,3,0,18.726018092134453,4.452036184268907,7.589027138201681,3.0,218.91165611838252,1
0.0,2,2,24.0,6,1,3.0,2,3,5,1,1,0,17.0,1.0,1.0,0.0,129.56,1
2.3356511262620288,0,3,11.593622722783124,3,1,2.851594319304219,5,0,2,0,3,0,11.851594319304219,6.0,9.0,3.0,229.0534260450505,1
15.0,1,1,11.0,4,1,3.0,4,4,3,0,10,1,13.0,1.008546432157208,3.0,8.0,149.61,1
1.0,2,1,7.0,3,0,4.0,5,4,4,2,8,0,14.0,1.7268388310482377,3.4536776620964753,8.0,147.55881530666957,1
9.430460636350023,0,1,14.0,0,0,3.0,3,3,3,1,2,0,11.784769681824988,1.645690954525036,2.291381909050072,1.5066122272250846,123.7797630231578,1
0.0,2,1,14.0,4,0,2.9944152675588733,3,3,1,1,2,1,11.0,0.9944152675588734,1.0,0.0,125.13905392441539,1
0.0,1,2,30.42192500210378,3,1,2.3945187494740545,3,2,1,1,2,1,16.816443751577836,1.183556248422164,6.605481250525945,7.0,159.57393862307504,1
1.0,2,1,31.0,1,1,4.0,5,4,1,2,3,1,19.0,1.6921136179837506,2.0,1.0,148.4,1
1.0,0,3,18.512592502228166,4,1,3.8375308340760554,4,4,5,1,3,0,19.162469165923945,2.0,2.0,1.0,144.9351999268048,1
1.0,0,1,31.614485777511632,3,0,3.0,5,2,3,2,2,0,23.0,4.385514222488369,5.927571112441844,9.771028444976738,170.43081794246442,1
1.0,0,1,16.0,3,1,3.0,5,4,5,2,2,1,23.0,1.4188045762790433,2.0,3.0,148.21,1
1.0,0,1,9.253635555514037,1,1,3.0,5,4,1,1,2,0,12.746364444485963,1.0,2.0,1.0,151.37300675543557,1
0.7563342695828866,2,1,13.487331460834227,5,0,3.512668539165773,3,4,5,1,6,0,22.756334269582887,1.0,1.7563342695828865,3.2436657304171135,144.82112682554416,1
20.673330896559616,1,1,13.591663620699519,2,0,3.081667275860096,5,0,4,0,8,0,15.163334551720192,4.673330896559615,5.673330896559615,3.0,225.21148431413476,1
10.39429656635729,0,2,15.470009495562628,4,1,3.0,4,1,2,1,9,0,12.0,6.0,2.0,10.621435353973306,253.77928183299505,1
0.32582346077048474,0,2,32.0,3,1,3.0,5,2,4,2,8,0,18.977470382311456,0.32582346077048474,2.3258234607704846,2.3258234607704846,149.18171540119803,1
9.233352083260057,1,1,28.511098611159962,3,0,3.8722253472100094,4,1,4,1,5,0,21.722253472100096,1.8722253472100094,3.744450694420019,3.0,214.47466141668718,1
1.0,0,1,12.442366533102419,3,0,3.0,4,4,3,1,2,0,17.55763346689758,1.0,2.0,2.115266933795162,148.90591976149727,1
1.0,0,2,16.042469909256532,4,0,3.0424699092565333,4,4,4,1,3,0,20.1274097277696,2.0,2.0,1.0,142.92930423738702,1
1.6846261942649663,2,1,29.0,3,1,3.0,3,4,4,1,1,0,12.684626194264967,0.3153738057350337,1.3153738057350337,2.3692523885299326,139.5162144466599,1
1.0,2,2,28.097294489554645,6,1,3.0,5,4,3,1,3,0,13.805411020890713,1.0,2.0,1.0,145.65931318912072,1
12.650947971445966,1,2,16.674526014277017,4,0,2.1627369928614915,3,0,1,1,2,0,17.674526014277017,0.976421957168947,7.1627369928614915,7.1627369928614915,176.193370205205,1
15.127369473447882,1,3,8.127369473447882,5,0,2.127369473447881,5,5,1,0,2,0,15.127369473447882,3.382108420343643,6.127369473447881,9.127369473447882,291.97,1
1.0,0,3,7.0,2,0,3.126271137107732,4,4,3,0,7,0,19.49491545156907,1.1262711371077319,2.0,3.0,153.13763553944742,1
1.0,2,1,16.813434482324265,3,1,3.0,4,3,2,2,3,0,12.373131035351472,1.0,2.0,1.813434482324264,135.22432717272653,1
0.07574572539688407,2,1,13.151491450793769,3,0,3.0757457253968843,3,2,3,1,2,0,18.0,0.07574572539688407,1.075745725396884,1.0,148.84136185880953,1
20.0,1,1,8.0,4,1,2.0,3,5,4,2,8,1,15.0,5.539330170166511,9.0,8.0,291.97,1
0.0,2,1,12.0,0,1,3.0,3,3,5,2,3,0,11.0,0.49897111691376594,1.0,3.0,129.6,1
1.0,1,1,11.0,1,1,3.0,4,4,1,0,3,1,16.0,5.681737958614274,6.0,7.0,161.91,1
18.31720464523076,0,2,8.105734881743587,3,1,2.105734881743586,3,2,2,1,5,0,15.894265118256413,0.10573488174358603,6.47132559128207,2.7885302365128277,151.30394233111795,1
1.0,1,1,22.644902905292355,3,1,3.355097094707644,4,4,3,0,3,0,13.644902905292357,2.355097094707644,2.355097094707644,3.0,149.5715801144571,1
0.0,2,1,14.0,0,0,2.2882515771673684,3,3,3,1,2,0,19.135245268497894,0.7117484228326315,1.0,0.0,123.83053283120515,1
1.0,1,1,9.298782871054252,3,0,3.2987828710542515,4,3,3,2,8,0,17.103651386837246,2.7012171289457485,3.0,1.7012171289457485,169.4026265985558,1
1.0,2,1,16.8912000730636,3,1,3.0,4,3,2,2,3,0,12.217599853872795,1.8912000730636023,2.0,1.8912000730636023,135.1683359473942,1
1.0,0,1,26.90456183265925,4,0,3.9863659760941785,4,0,3,0,5,0,12.986365976094179,1.9863659760941785,2.0136340239058215,3.0,223.24409020717175,1
1.0,0,2,19.031820281820085,4,0,3.3227265727266384,4,1,3,1,5,0,12.0,2.354546854546723,2.6772734272733616,3.0,224.16608955108967,1
1.6630700436491073,1,2,28.44564331878363,4,1,2.554356681216369,4,2,3,0,3,1,12.445643318783631,1.0,1.0,0.44564331878363095,161.73221500084395,1
0.0,0,1,16.444652386297975,3,0,2.851782537900675,3,0,3,1,6,0,11.0,1.1482174620993246,1.1482174620993246,0.29643492419864925,200.1924581235273,1
1.0,0,1,12.0,3,0,3.0,2,4,3,2,4,0,15.27629626259877,1.0,2.0,3.90790124580041,149.31079012458002,1
1.0,0,2,31.18472366890944,3,0,3.0,5,2,3,2,2,0,23.0,4.63055266218112,8.0763816554528,10.63055266218112,170.8219014612924,1
0.0,2,1,14.0,1,0,3.0,4,3,4,0,6,0,16.422382445405972,0.10559561135149276,1.0,0.8944043886485072,125.31005423188088,1
9.0,1,2,27.82360642079819,6,1,2.0,4,3,3,1,2,0,11.352787158403622,0.0,1.0,0.0,123.02000000000001,1
0.0,1,3,14.0,1,1,2.0,4,2,5,2,7,0,17.0,0.8987878897373477,1.0,2.0,153.26,1
14.893776057883256,0,1,11.31867182635023,3,0,2.4468880289416286,4,0,1,1,2,0,15.446888028941629,0.0,1.0,5.681328173649771,204.35046858079076,1
0.0,2,3,8.0,5,1,3.0,3,3,5,1,1,0,11.0,0.8122581209903419,1.0,2.0,130.41,1
1.0,2,1,7.0,2,0,4.0,5,4,4,2,8,0,14.0,1.3840426383911004,2.768085276782201,8.0,148.059297747949,1
14.665071445916155,1,1,15.667464277041923,3,0,2.6662678614790387,4,1,3,0,3,0,16.667464277041923,3.997607168874231,7.666267861479039,7.666267861479039,175.12084945504964,1
9.0,0,1,7.977671062778329,4,0,2.0111644686108354,3,3,4,0,7,1,13.988835531389164,1.0,1.022328937221671,2.055822343054178,123.02000000000001,1
1.0,2,1,32.0,4,1,3.0,5,4,3,2,3,0,13.0,1.2257277238391273,2.0,2.0,147.93,1
9.0,0,2,8.61010025370892,3,0,3.0,3,4,2,2,2,0,12.0,0.0,1.0,0.0,123.02000000000001,1
0.0,2,1,12.0,0,1,3.0,3,3,5,2,3,0,11.0,0.4800473773100856,1.0,3.0,129.6,1
1.0,0,1,16.0,3,1,3.0,5,4,5,2,2,1,23.0,1.1380154870200516,2.0,3.0,148.21,1
20.0,1,1,13.0,3,0,2.0,4,0,5,0,8,1,14.0,1.2431158313951705,5.0,9.0,200.08,1
1.0,1,1,16.0,3,0,3.0,4,4,5,2,9,0,23.0,1.8297228663216245,2.0,4.8297228663216245,165.64970232993048,1
1.0,1,1,29.0,3,1,4.0,4,2,3,0,3,1,16.0,4.046411254344828,7.0,8.0,186.79,1
1.0,0,3,29.571649617022047,3,1,4.0,4,2,3,2,10,0,16.976374680851706,2.0,2.595274936170341,3.8094501276593173,176.04582896382936,1
1.1752996723893065,0,2,30.0,5,0,3.0,3,0,4,1,9,1,16.0,1.9123501638053466,2.0,2.7370504914160403,225.15211478128822,1
9.0,0,1,14.0,5,0,2.9341882393094236,4,3,1,1,6,0,11.065811760690577,0.9341882393094235,1.0,1.868376478618847,123.02000000000001,1
1.0,0,3,31.0,4,1,4.0,5,4,1,2,3,1,15.0,2.0,2.0,1.0,136.18,1
8.07237150054464,2,1,13.46381424972768,4,1,2.53618575027232,3,3,5,1,4,0,13.07237150054464,0.46381424972767993,1.0,2.53618575027232,123.29828854983661,1
1.0,0,1,15.679972683437608,3,1,3.679972683437608,4,2,5,1,6,0,18.0,1.320027316562392,2.0,6.39986341718804,178.3959945366875,1
1.5235387287606006,0,1,8.4764612712394,4,1,2.4764612712393994,3,1,2,1,8,0,11.952922542478799,4.570616186281802,6.141232372563603,3.0,222.82397782554978,1
3.6366081893846944,0,1,11.864736852231125,4,1,2.681695905307653,3,1,2,1,6,0,12.0,6.0,2.0,7.5915204734617365,243.79024969735272,1
2.4671073259228598,1,1,29.51096422469238,4,1,3.48903577530762,5,2,3,1,4,1,13.51096422469238,2.0,2.0,1.51096422469238,186.42912599742735,1
0.0,0,1,26.42133080924619,4,0,2.8595563969179367,3,0,3,1,4,0,12.42133080924619,1.0,1.0,0.2808872061641263,198.41695893988341,1
9.0,2,1,29.369205484248383,4,1,2.0,4,3,3,2,2,0,12.407698628937904,1.0,1.0,0.5923013710620957,123.02000000000001,1
0.9160386815694741,0,1,11.778615091240702,4,0,3.0,5,2,3,2,2,1,23.0,1.0,1.3053462271898246,4.473268864050877,160.9598492835767,1
15.364670676234336,1,3,8.364670676234336,5,0,2.3646706762343364,5,5,1,0,2,0,15.364670676234336,4.09401202870301,6.364670676234336,9.364670676234336,291.97,1
0.0,2,1,14.0,1,0,3.0,4,3,4,0,6,0,17.045976485957926,0.26149412148948126,1.0,0.7385058785105187,125.08867834748494,1
0.3333829151206277,0,2,19.666765830241257,5,0,2.3333829151206276,3,1,2,2,3,1,11.666765830241255,1.0001487453618831,4.000297490723766,4.000297490723766,199.20343200109005,1
9.0,1,1,8.0,4,0,3.0,3,3,4,1,2,0,12.0,1.0,1.0,0.0,123.02000000000001,1
10.145285706231169,0,2,29.863214265577923,3,0,3.5726428531155845,2,2,3,1,5,0,16.84621432195974,1.8547142937688308,2.4273571468844155,5.282071440653246,189.09393357259648,1
1.0,2,3,28.74325650369024,5,1,3.0,4,4,3,2,3,1,18.459539022141453,1.0,2.0,1.0,142.89507599354152,1
9.0,0,1,9.0,3,0,2.195904330366407,3,4,2,2,2,0,12.804095669633593,0.0,1.0,0.0,123.02000000000001,1
6.851875416933879,1,2,15.85187541693388,4,0,2.851875416933879,4,2,3,2,6,0,12.57406229153306,1.4259377084669396,1.4259377084669396,3.0,153.84334393762026,1
1.0,0,2,15.994684165196487,5,0,3.005315834803513,4,4,1,1,3,0,14.984052495589461,1.005315834803513,2.0,3.0,148.22239835623097,1
0.0,0,3,19.0,1,0,2.0925004379389636,3,2,4,1,6,0,11.185000875877927,1.0925004379389638,1.0925004379389638,0.18500087587792757,157.99132661599478,1
1.0,0,1,10.21965213725984,2,1,3.7803478627401583,4,4,4,0,7,0,14.658956411779524,2.0,2.0,3.0,165.009076571954,1
0.0,2,1,14.0,0,1,2.0,3,3,1,0,6,0,12.673701733542156,0.32629826645784354,1.0,3.6737017335421562,124.13485419614409,1
1.0,0,3,20.0,1,0,3.2325011694092947,4,2,4,1,7,0,12.46500233881859,2.2325011694092947,2.2325011694092947,1.465002338818589,183.5079293151203,1
3.077410613528631,1,1,13.384940409019087,4,0,3.6924702045095437,3,4,4,2,5,1,15.0,1.0,2.0,4.0,147.47802925600462,1
0.0,2,1,14.0,1,0,3.0,4,3,4,0,6,0,16.0,0.5079455106175994,1.0,1.0,125.46000000000001,1
0.0,0,3,25.0,5,1,3.0,2,2,1,2,9,1,13.0,0.2034914802762916,1.0,4.0,153.04,1
1.0,0,3,31.0,1,1,3.0,2,4,5,2,3,0,18.0,1.767458668379145,2.0,1.0,135.91,1
0.0,2,2,15.0,1,0,3.0,3,3,3,0,2,0,15.0,1.7739668032113478,2.0,2.0,127.41999999999999,1
3.693694280230406,0,2,20.448949046705067,1,0,3.0,3,1,3,1,4,0,11.551050953294933,0.5510509532949324,1.5510509532949324,2.7957961868202705,181.36151623595646,1
7.188508636238846,0,2,12.66494505670899,4,1,3.0,4,1,2,1,9,0,12.0,3.905745681880577,2.0,8.617817897649278,250.705732654994,1
1.0,0,1,9.717737529587067,3,1,3.0,5,4,1,1,2,0,12.282262470412933,1.2822624704129328,2.0,1.0,152.71426146050663,1
0.29807565052482277,2,1,14.298075650524822,3,0,3.0,4,4,3,2,2,0,11.596151301049645,1.0,1.2980756505248228,1.7019243494751772,139.2103875168034,1
1.0,0,1,10.0,4,0,3.2778451632065657,4,4,3,2,3,0,12.722154836793434,6.0,8.277845163206566,8.0,163.79505959879967,1
0.0,2,1,14.0,0,0,2.7715120619984877,3,3,4,1,2,1,17.0,0.0,1.0,0.0,124.00284879380014,1
4.0,2,1,14.0,4,1,4.0,4,4,5,2,5,1,15.0,1.0,2.0,4.0,146.66,1
1.0,1,1,18.0,3,0,4.0,5,2,4,0,7,0,16.0,2.0,2.0,1.0,172.77,1
9.0,0,1,10.975473028314022,3,1,2.975473028314022,3,3,4,1,7,0,17.14716183011587,1.0,1.0,0.0,123.02000000000001,1
0.0,2,1,14.0,2,0,2.5258357037280135,3,3,1,1,2,0,11.474164296271987,1.0,1.0,0.0,125.38234050517327,1
1.0,1,1,25.0,6,0,3.066693881405449,2,4,4,1,2,0,18.133387762810898,2.0,2.0,1.0,154.38459509190366,1
1.0,1,3,8.90381537917593,2,0,3.048092310412035,5,4,3,2,3,0,13.90381537917593,2.0,2.0,3.0,145.50252000353564,1
5.478325196358096,1,1,15.339014646555427,2,0,2.5913300785432383,3,5,3,0,2,0,15.0,4.521674803641904,6.930344725098666,8.886995117814857,291.97,1
9.337277053237745,2,1,13.067455410647549,4,1,2.932544589352451,3,3,4,1,4,1,13.865089178704903,0.0,1.0674554106475491,3.2698216425901965,123.12725410292961,1
1.0,1,3,7.95357389005825,4,1,3.523213054970875,5,2,4,1,5,0,12.476786945029126,3.523213054970875,5.0928522198835,3.0,223.0601988039062,1
0.7282134839198708,0,2,29.72821348391987,4,0,2.7282134839198706,4,0,5,0,4,0,14.271786516080128,1.0,3.1846404517596127,8.553921355278838,198.66983662833135,1
0.0,1,1,14.0,2,0,2.0,3,3,3,1,2,1,13.39916679451102,1.8024996164669413,4.604999232933883,7.0,123.82823329753691,1
1.0,2,1,16.197190214809343,3,0,3.0,4,3,3,2,3,0,12.401404892595329,1.0,2.0,1.598595107404671,136.10154032934022,1
18.347050341862158,1,1,8.347050341862158,3,1,3.3470503418621576,3,5,5,0,6,1,14.652949658137842,1.3470503418621578,1.3470503418621578,4.3470503418621576,291.97,1
15.0,0,1,15.0,4,1,3.0,5,0,1,2,4,0,16.0,1.153919509782905,2.0,4.0,231.5,1
4.88515838272588,0,2,18.06890497036447,3,1,2.0,3,0,4,1,1,1,12.0,5.862190059271056,2.0,10.908126706180704,237.54600688128684,1
2.0,1,1,9.0,3,1,3.0,4,2,4,1,6,0,12.0,1.5447722269827888,2.0,5.0,173.55,1
1.0,2,1,9.0,4,0,4.0,4,4,5,1,3,1,13.0,2.0,2.0,1.0,145.74,1
15.0,0,1,15.0,4,1,3.0,5,0,1,2,4,0,16.0,1.1063647466538664,2.0,4.0,231.5,1
13.850723137841143,0,2,7.0,5,1,3.074638431079429,4,1,3,2,5,1,14.925361568920572,1.0,2.0,1.0,172.76738895494867,1
0.9077354331775127,1,3,16.0,4,0,3.8154708663550254,4,1,5,1,5,0,17.907735433177514,0.9077354331775127,2.369058267289949,3.630941732710051,206.854334110682,1
0.9965656562889824,2,1,13.006868687422035,5,0,3.993131312577965,3,4,5,1,6,0,22.996565656288983,1.0,1.9965656562889824,3.0034343437110174,145.7171898979579,1
1.0,0,3,26.40086359831301,4,0,4.0,4,2,3,0,4,1,14.096977405904472,2.5991364016869922,3.2995682008434963,3.0,170.75476251046393,1
1.0,1,1,8.45910555785202,1,0,3.7704472210739897,4,4,5,2,7,0,13.54089444214798,2.0,2.0,7.311341663221969,149.29718069783172,1
0.6626971635325136,1,1,8.01190850940246,5,1,3.3253943270650272,4,3,1,2,2,1,13.325394327065027,6.0,7.662697163532513,7.313485817662568,154.02548421012128,1
1.0,1,1,14.0,4,1,4.0,4,4,3,1,3,1,22.941576852733935,2.0,2.0,1.1168462945321325,149.60490639988583,1
0.0,1,3,7.8811441355665295,3,1,2.0,4,0,2,0,4,0,11.0,3.351430169458162,9.0,7.470286033891632,205.10710218916648,1
2.6056693204146706,1,3,15.267611553402444,2,0,3.0,5,2,4,2,8,0,16.92955378639022,1.7323884465975548,2.0,3.2676115534024452,178.3135223106805,1
0.9241077159112795,1,3,25.84821543182256,5,0,3.0,4,3,3,0,2,1,18.92410771591128,1.151784568177441,2.0758922840887206,1.0758922840887206,148.90308207057473,1
1.0,0,2,7.024820024024492,3,0,2.975179975975508,3,3,4,1,3,0,11.975179975975509,1.9503599519510166,2.9503599519510164,3.024820024024492,148.033154612733,1
1.0,0,1,7.166795643403326,4,0,4.0,2,0,4,2,3,0,12.0,3.6664087131933485,5.0,8.0,199.46,1
0.0,2,1,12.39396498603594,1,0,2.0,3,3,3,1,3,1,13.0,1.30301750698203,5.48491246508985,5.48491246508985,133.69907785712167,1
0.9665475165520824,1,1,8.933095033104165,3,1,2.9665475165520823,4,3,3,2,7,0,17.899642549656246,2.8996425496562472,2.9330950331041645,1.9330950331041648,168.77082484933155,1
2.1156414062692845,0,1,31.371880468756427,3,1,3.6281195312435717,5,0,4,2,3,0,13.0,1.0,2.0,3.0,213.6033953437739,1
10.445139810815679,0,2,15.51449733446372,4,1,3.0,4,1,2,1,9,0,12.0,2.2774300945921606,2.0,10.653212381759799,253.82802779361955,1
5.0,1,3,27.0,5,0,4.0,4,4,4,2,3,1,23.0,1.0,2.0,3.0,156.4,1
1.0,1,1,25.0,6,0,3.3072389618477205,2,4,3,1,2,0,18.61447792369544,2.0,2.0,1.0,153.7519615303405,1
0.0,2,1,14.0,0,1,2.629975475857184,3,3,3,1,6,0,13.0,0.37002452414281595,1.0,5.889926427571552,123.89381814786569,1
15.10094355420588,0,1,10.697169337382357,2,0,2.5504717771029406,4,0,1,1,1,0,15.55047177710294,1.0,1.0,6.302830662617643,203.85223075213486,1
1.0,1,1,9.0,5,1,3.790014841559882,4,4,3,1,8,1,15.790014841559882,1.0,2.0,1.419970316880236,145.79920712394875,1
1.2719302053613397,2,1,24.63596510268067,5,0,3.0,3,3,2,2,2,0,19.953947654021004,0.6820174486596651,1.0,0.6359651026806699,128.3513820044913,1
9.0,0,1,11.0,4,1,3.0,4,3,5,1,7,0,17.0,0.5797311661341921,1.0,0.0,123.02000000000001,1
1.0,2,1,7.691249987152803,3,0,3.6543750064235985,4,4,1,1,3,0,15.963125019270795,1.3456249935764015,2.6543750064235985,1.691249987152803,147.06939376599476,1
1.2896141675542498,1,1,30.815769404635105,4,1,3.0,3,3,1,1,2,1,22.815769404635105,0.0,1.0,0.8157694046351072,128.6242839790355,1
0.5332719062320496,1,3,8.0,4,1,2.5332719062320495,4,2,4,2,8,0,14.133087624928198,1.0,2.0,1.4667280937679505,195.48641279012062,1
1.0,0,3,25.0,5,0,4.0,4,2,3,0,2,1,19.0,3.769831519441344,4.0,3.0,171.14,1
16.66789495703693,0,1,9.996315128889218,2,0,3.8339474785184637,5,0,1,1,2,0,16.833947478518464,1.0,2.0,3.1660525214815363,227.4887126283262,1
0.0,0,1,13.0,4,0,3.0,3,3,3,0,2,1,16.0,0.0,1.0,2.0,128.86,1
7.9986058920286505,1,1,14.499302946014325,4,1,2.0,3,3,5,0,4,0,12.99860589202865,1.0,1.0,1.0013941079713495,123.32041823239142,1
0.3190118920446815,0,1,12.574650810607091,4,0,3.0,5,2,3,2,2,1,23.0,1.0,1.1063372973482273,5.468313513258864,160.81656285409073,1
1.0,0,1,13.342419907928896,3,1,3.0,4,4,5,2,4,0,12.0,1.0,2.0,3.657580092071104,154.84197673493642,1
1.0,2,1,27.882096520076754,3,1,3.0,4,4,3,0,3,0,20.882096520076754,1.941048260038377,2.0,1.0,148.7912226263862,1
0.0,0,2,18.617965216528166,4,0,2.1273449278239447,3,1,3,1,4,0,11.0,1.7453101443521108,1.8726550721760553,1.7453101443521108,198.78704915997844,1
1.0,0,2,23.164606177679563,4,0,3.452086596811366,4,1,3,1,5,0,12.452086596811366,1.452086596811366,2.547913403188634,3.0,223.4043740209566,1
9.985805320850206,0,3,32.0,4,0,3.014194679149794,2,2,3,1,4,0,12.042584037449384,1.0,1.0141946791497942,2.9716106417004116,164.0252173018927,1
1.0,1,2,7.000932640853316,1,0,3.999813471829337,4,4,3,2,3,1,16.99944041548801,2.000186528170663,2.000186528170663,4.999626943658674,157.02044580232788,1
0.0,1,1,9.613979456273395,2,0,2.0,3,4,1,1,2,0,13.84193836882018,3.2279589125467876,5.772041087453212,6.386020543726606,138.42706073684556,1
1.0,2,1,29.84928453211561,3,1,3.0,4,4,3,1,3,0,19.15071546788439,1.38357182262813,2.0,1.0,148.9610927349853,1
1.0,2,1,16.085113888260224,3,0,3.0,4,3,3,2,3,0,12.457443055869888,1.0,2.0,1.5425569441301117,136.24275650079213,1
1.0,2,1,16.206104054131416,3,0,3.0,4,3,3,2,3,0,12.396947972934292,1.6030520270657072,2.0,1.6030520270657072,136.09030889179442,1
1.0,0,2,9.0,3,0,3.0,5,4,3,2,9,0,13.633850593558178,1.0,2.0,1.0,151.82994177652344,1
1.0,2,1,7.414960436079681,1,1,4.0,5,4,5,2,8,0,14.0,1.4149604360796806,2.0,8.0,148.62,1
1.0,0,2,17.0,3,1,3.2695075225177006,4,0,4,1,9,0,16.382954864893797,1.2695075225177006,5.6524623874114965,3.0,227.36467059190434,1
1.0,0,1,15.864644565026715,3,1,3.864644565026716,4,2,5,1,6,0,18.0,1.0,2.0,7.32322282513358,178.43292891300536,1
1.0,1,1,22.80236077940887,3,1,3.19763922059113,4,4,3,1,3,0,13.80236077940887,2.0,2.19763922059113,3.0,149.19840495280096,1
18.09740885803788,0,3,8.638963543215153,3,1,3.0,4,2,1,2,5,0,16.63896354321515,2.0,6.916890629645458,3.458445314822729,175.82016125334474,1
9.0,1,1,8.737529414878736,4,1,2.2624705851212648,3,4,3,2,2,0,12.737529414878736,0.0,1.0,0.0,123.02000000000001,1
0.5252584187815833,2,2,26.525258418781583,3,0,3.525258418781583,4,3,3,1,2,1,11.525258418781583,0.5252584187815833,2.0,3.57577525634475,146.0574799927156,1
1.0,0,1,16.0,4,1,4.0,4,2,5,1,6,0,18.0,1.0,2.0,8.0,178.46,1
0.8681692953265041,2,1,28.604507885979512,4,0,3.0,4,3,3,1,5,1,11.868169295326505,0.8681692953265041,2.0,2.0,146.22376358558833,1
1.2973615313084723,0,2,32.0,4,0,3.2973615313084723,4,2,5,1,7,0,17.18944612523389,1.2973615313084723,2.0,1.7026384686915277,191.89160684779907,1
1.8374620125312922,0,1,8.162537987468708,4,0,2.162537987468708,4,4,4,2,3,0,23.0,0.16253798746870785,1.1625379874687078,0.16253798746870785,136.3884832855138,1
0.6756213095982433,1,2,15.351242619196487,1,0,2.6756213095982435,4,3,3,1,4,0,16.32437869040176,2.3512426191964866,2.3512426191964866,2.6756213095982435,152.69247809993746,1
0.03808630059931928,0,2,18.885741098202043,1,0,2.0380863005993195,3,2,4,2,5,0,11.03808630059932,1.0,1.0380863005993193,0.03808630059931928,157.61457974044265,1
19.0,1,3,20.0,5,1,3.0,2,1,3,2,8,1,18.0,1.0,4.0,9.0,261.95,1
1.0,0,3,23.9054047079705,5,0,4.0,3,2,4,2,7,0,15.396396861352999,2.0,2.0,3.603603138647,178.17963968613532,1
16.644749594160157,1,1,13.710500811679685,3,1,3.0,4,2,3,1,4,0,16.21491653138672,5.140333874453123,8.0,7.140333874453123,174.88066720373692,1
7.083928146887269,1,1,14.041964073443634,4,1,2.0,3,3,5,0,4,0,12.083928146887269,1.0,1.0,1.9160718531127314,123.59482155593382,1
9.363645358919449,1,3,15.7272907178389,3,0,3.3636453589194497,4,0,2,1,3,0,18.181872153516696,0.3636453589194496,3.2727092821611006,7.36364535891945,196.8991084498929,1
9.0,2,3,13.0,4,1,2.9014057697580635,3,3,1,1,2,1,21.0,1.0,1.0,2.0,123.02000000000001,1
1.0,0,2,18.0,5,0,3.116477849673337,2,2,3,0,9,0,13.349433549020011,2.0,2.0,2.7670443006533256,172.15153449477134,1
0.25426123144486457,0,1,15.50852246288973,0,1,2.2542612314448647,3,3,4,2,3,1,11.254261231444865,0.25426123144486457,1.2542612314448647,0.5085224628897291,132.5768603499692,1
13.0,2,3,9.0,5,1,3.0,4,3,3,0,2,1,14.0,0.2954679246267593,1.0,2.0,126.83000000000001,1
0.5299703410214206,0,1,31.059940682042843,3,0,3.059940682042841,4,3,4,1,2,1,21.41008897693574,5.059940682042841,8.470029658978579,9.470029658978579,145.58192283741352,1
1.678391885503013,1,1,29.643216228993975,2,1,3.0,2,4,5,2,1,0,14.608040572484935,0.3216081144969869,1.321608114496987,2.356783771006026,138.03336660162444,1
18.592770940870185,1,1,8.592770940870185,3,1,3.5927709408701847,3,5,5,0,6,1,14.407229059129815,1.5927709408701847,1.5927709408701847,4.592770940870185,291.97,1
0.0,0,1,28.55491898813145,5,0,2.1483603372895166,3,0,4,1,9,0,14.55491898813145,1.0,1.0,1.7032793254209664,199.3130659750152,1
1.0,0,1,31.827913967547374,4,1,3.1720860324526265,4,4,1,2,3,1,23.0,1.1720860324526265,2.0,1.8279139675473735,152.33737372446865,1
0.0,1,3,6.1212307502070855,0,0,3.0,3,3,3,1,6,0,18.515076999171658,0.12123075020708551,1.0,2.0,128.13214151772573,1
7.0,1,2,6.0,3,1,3.0,4,0,5,0,10,0,14.0,2.0,3.0,6.0,204.82,1
1.0,0,1,22.1705595039208,5,0,3.0,4,0,2,1,2,0,13.130062167102311,2.869937832897689,7.479751331590756,8.390186501306932,200.247765097388,1
16.857732556599373,1,2,8.0,4,0,2.0,4,5,2,0,4,0,15.0,5.0,7.114639533959624,8.628453488680126,291.97,1
0.0,2,1,14.0,4,0,2.614400007431324,3,3,2,0,2,1,11.0,0.6144000074313238,1.0,0.0,124.3942240145654,1
1.0,1,2,20.47633658394539,4,1,3.0,4,2,4,1,3,0,20.381682919726945,1.4763365839453892,2.0,3.0,164.9959507386676,1
2.7235060407181497,1,1,8.319123489820463,4,0,3.0,4,3,1,1,3,1,12.361753020359075,0.0,1.0,0.0,128.01934261736534,1
11.409746116100786,1,3,17.469915372033597,4,0,3.5300846279664047,4,0,3,0,5,0,20.590253883899216,1.0,4.819492232201572,8.0,199.73771226491422,1
1.0,1,1,15.990036492692273,3,0,4.0,4,2,3,0,4,0,17.507472630480795,2.0,2.0,1.502490876826932,173.30264032943657,1
1.0,0,1,32.0,3,0,3.2007709747566784,5,2,3,2,3,0,22.59845805048664,3.397687075729964,3.598458050486643,7.996145126216607,169.63027301654506,1
1.0,0,2,12.684989627623269,4,0,3.0,4,4,3,1,2,0,17.315010372376733,1.6849896276232683,2.0,1.6300207447534631,148.73365736438748,1
6.042951247465123,0,3,12.042951247465123,4,1,3.2085902494930245,4,1,3,2,3,0,18.58281950101395,5.582819501013951,7.3742292515209265,3.0,219.1006782586616,1
1.0,2,1,32.0,3,1,3.0,5,4,4,2,6,1,21.0,1.0842117605458728,3.0,3.0,148.13,1
1.0,1,3,18.518558654817095,4,0,4.0,4,1,5,2,2,1,19.079382280635897,1.3597940935452995,2.0,3.6402059064547005,208.46329991805402,1
0.0,0,1,16.920916846627055,3,0,2.693027717790982,3,0,3,1,6,0,11.0,0.0,1.3069722822090182,0.6139445644180364,199.8844737725145,1
7.414408506284352,0,1,30.21921134171247,4,0,3.1951971645718826,4,4,3,1,4,1,23.0,1.0,2.0,1.390394329143765,156.56900859543993,1
1.0,0,1,31.32150883134942,4,1,3.6784911686505812,4,4,1,2,3,1,23.0,2.0,2.0,1.3215088313494188,150.53457143960392,1
1.0,1,2,14.646199403332675,3,1,3.0,4,4,2,1,2,1,22.323099701666337,2.0,2.0,3.0,147.89862586276652,1
1.0,0,1,16.987749539099188,3,0,3.0,5,4,3,2,2,0,21.02450092180162,2.975499078198377,2.9877495390991884,3.0,151.21275859886154,1
0.3256848020639532,0,1,29.97705440619186,3,1,2.6513696041279067,4,2,3,0,3,0,12.674315197936046,1.0,1.3256848020639533,2.302739208255813,159.36518142530028,1
1.0,0,1,11.0,1,1,3.0,4,4,1,2,10,1,23.0,2.0,2.0,1.0,147.85,1
0.6033341962120348,0,2,10.016670981060173,4,0,3.0,3,1,3,2,2,0,11.603334196212035,1.0,2.7933316075759302,5.189997411363896,179.27460688577204,1
0.0,0,2,14.0,4,0,2.0,2,3,2,2,2,1,14.0,0.0,1.0,2.198315706808695,123.44616412042147,1
0.0,2,1,14.0,0,1,2.0,3,3,1,0,6,0,12.530481334654366,0.0,1.0,3.5304813346543664,124.03603212091151,1
1.0,0,1,12.0,3,0,3.0,4,4,3,0,2,0,16.267968101366876,1.0,2.0,5.886719831055208,148.89668737892183,1
0.0,2,1,15.0,0,1,3.0,4,3,3,0,1,1,17.0,0.004362166405191714,1.0,0.0,133.88,1
0.010493641139944443,0,1,29.031480923419835,3,1,2.020987282279889,4,2,3,1,3,0,12.989506358860055,1.0,1.0104936411399446,1.0419745645597778,159.16661099391817,1
14.104934711148754,1,2,10.104934711148754,4,1,3.0,4,4,3,1,3,1,14.790130577702492,1.8950652888512458,2.104934711148754,3.524673555743771,151.59704494124978,1
1.0,1,1,18.0,3,0,4.0,5,2,4,0,7,0,16.0,2.0,2.0,1.0,172.77,1
1.0,0,1,27.64222417137326,4,0,3.7859252762089133,4,0,3,1,6,0,13.64222417137326,2.0,2.0,3.0,223.50973415197677,1
1.0,2,1,31.0,1,1,3.6179315598462978,4,4,2,1,3,1,18.617931559846298,1.617931559846298,2.0,1.0,148.65980653930453,1
0.0,0,3,32.0,3,1,3.0,5,2,5,2,9,0,18.0,0.6581527145019079,2.0,2.0,149.69,1
0.0,0,3,30.0,4,1,3.0,5,4,1,2,2,1,14.0,1.0,1.0,0.0,123.02000000000001,1
9.0,2,1,28.025814455961985,4,0,2.0,3,3,3,1,5,1,11.038721683942976,0.0,1.0,1.025814455961984,123.02000000000001,1
1.0,0,3,18.0,6,1,3.0,2,2,3,0,10,0,13.0,2.0,2.0,3.0,172.07,1
1.0,0,1,9.0,3,1,3.0,5,4,5,2,9,0,12.0,1.433107203750464,2.0,1.0,150.61,1
0.0,0,1,14.0,0,0,2.0,3,3,2,0,3,1,13.648457739950302,0.0,1.0,5.9453732198509055,123.90607958203479,1
1.0,0,1,32.0,3,1,3.6103774953183274,4,2,5,1,6,0,20.220754990636657,0.6103774953183276,1.6103774953183276,2.4415099812733105,167.40751901980335,1
0.0,0,1,26.072330580226,4,0,2.9758898065913333,3,0,3,1,4,0,12.072330580226,1.0,1.0,0.04822038681733365,198.27037884369494,1
16.0,1,1,8.0,2,0,3.0,4,0,1,1,1,0,16.0,0.11645893048171252,1.0,9.0,201.69,1
16.508384960873755,1,2,29.87290375978156,3,0,3.0,3,0,4,1,6,0,12.872903759781561,0.7625774413106354,2.8896736815290747,2.508384960873757,204.30714911330293,1
11.0,1,1,6.0,4,1,3.0,4,0,3,2,10,1,13.0,0.0,1.0,0.0,153.81,1
0.0,2,1,11.0,1,1,2.0,3,3,3,2,2,1,13.0,1.0813371183989144,2.0,2.0,134.41,1
19.008514798174286,1,1,11.760643497717856,2,0,2.2478713004564286,4,0,4,1,6,0,14.495742600912857,1.0,4.008514798174285,9.0,200.47907279373487,1
0.0,2,1,14.0,4,0,2.9055388379289013,3,3,1,1,2,1,11.0,0.9055388379289011,1.0,0.0,124.96485612234065,1
1.0,0,1,16.0,3,1,3.0,5,4,5,2,2,1,23.0,1.835372530284246,2.0,3.0,148.21,1
1.0,2,1,31.803112128224317,3,1,3.0,4,4,4,1,5,1,20.40933638467295,1.8031121282243165,2.8031121282243165,2.606224256448633,148.3170434781869,1
1.0,2,1,31.44115055223063,4,1,3.0,5,4,3,2,5,0,14.117698895538735,1.4411505522306323,2.0,3.1176988955387355,146.44904896341117,1
0.199411597758535,2,1,15.199411597758536,0,1,3.0,4,3,2,1,1,0,16.401765206724395,1.0,1.1994115977585351,0.199411597758535,134.26486438367397,1
6.148697283329664,1,2,7.528943633334381,3,1,3.7355281833328093,5,0,4,1,9,0,14.471056366665618,2.7355281833328093,3.7355281833328093,3.0,228.29928705416364,1
0.5035469815118861,0,1,32.0,3,0,2.503546981511886,3,2,5,1,7,0,17.014187926047544,0.5035469815118861,1.0,0.49645301848811385,166.84418419425228,1
4.340545123617613,0,3,10.340545123617613,4,1,2.0681090247235225,3,1,3,2,2,0,17.863781950552955,3.9318909752764775,6.795672925829432,7.0,193.72980782527011,1
12.036431033660541,0,3,7.0,4,0,4.0,4,2,2,1,9,0,12.781825670406727,1.7818256704067268,2.0,2.872697318373093,190.67641867748944,1
3.806134483921352,0,2,31.935378161307117,4,1,3.064621838692883,5,0,4,2,3,0,13.0,1.0646218386928827,2.0,3.0,215.69960676006247,1
0.0,0,1,14.0,4,0,2.0,2,3,2,2,3,1,14.0,0.466116292658489,1.0,2.533883707341511,123.81193324100224,1
0.0,1,1,14.890773051955744,3,0,2.0,3,3,4,1,2,1,11.0,0.0,1.0,0.4453865259778722,123.11428429058377,1
1.0,0,1,17.0,3,0,4.0,5,4,4,2,3,1,23.0,1.985432845248721,2.0,1.0,143.59,1
1.0,2,3,28.0,6,1,3.0,5,4,4,2,3,1,14.0,1.7526002529416542,2.0,1.0,146.21,1
0.1337075640178187,2,1,14.401122692053455,3,0,3.0,4,4,3,2,2,0,11.401122692053455,1.1337075640178187,1.1337075640178187,1.8662924359821813,139.79239347826697,1
0.16462842825866875,0,1,20.341486286965324,3,1,2.3292568565173375,3,0,3,0,8,0,12.0,0.3292568565173375,2.0,6.341486286965325,234.35164609189295,1
1.0,1,3,12.0,5,1,3.0,5,2,3,2,3,1,12.0,1.4151249395347212,2.0,4.0,182.44,1
1.0,0,1,26.899683658930993,4,0,3.985669094132999,4,0,3,1,5,0,12.985669094132998,2.014330905867001,2.014330905867001,3.0,223.2442992717601,1
1.0,1,3,8.913341926682223,3,1,3.0,5,0,2,1,5,0,12.0,6.0,9.0,3.0,230.09027884330854,1
0.021021106726217154,0,2,32.0,4,0,2.0210211067262174,3,0,1,1,2,0,22.021021106726216,0.06306332017865146,1.0630633201786515,9.0,176.25735681655755,1
15.262733128539402,1,2,31.6392191061316,4,0,3.1803904469342,4,0,4,1,5,0,13.8196095530658,3.5411713408026007,3.2627331285394012,1.3607808938684003,232.56228377761664,1
10.0,0,1,32.0,4,1,2.0,3,0,4,0,2,1,12.0,4.175146232512897,9.0,3.0,218.49,1
0.0,0,2,20.485804681883412,4,0,2.21225781169763,3,1,3,1,4,0,11.21225781169763,1.7877421883023699,1.7877421883023699,1.5754843766047397,198.4763226564907,1
1.0,2,2,9.0,3,0,3.2833640688911183,4,4,3,1,3,0,13.716635931108883,2.0,2.0,2.4332718622177634,145.52500922066733,1
1.0,0,2,21.139339472447276,4,0,3.162762781778182,4,1,3,1,5,0,12.162762781778182,1.162762781778182,2.837237218221818,3.0,223.49117116546654,1
1.9140037347894614,0,1,31.08599626521054,3,1,4.0,4,4,4,2,2,0,12.91400373478946,1.5429981326052693,2.0,4.54299813260527,161.7322579364276,1
0.0,0,1,14.0,0,1,2.0,4,3,5,2,1,1,22.0,0.37380810886700244,1.0,2.0,123.21000000000001,1
5.0,1,1,19.0,2,0,3.0,4,5,3,0,3,0,15.0,3.498680161183068,9.0,9.0,291.97,1
0.012341046060374006,0,3,29.037023138181123,4,0,2.024682092120748,4,0,4,0,2,0,12.987658953939626,0.012341046060374006,2.987658953939626,9.987658953939626,173.45638356973154,1
1.142960877600752,0,2,32.0,4,0,3.142960877600752,4,2,5,1,7,0,16.57184351040301,2.0,2.0,1.857039122399248,191.92711899815183,1
0.2577064618297372,1,3,14.226880614510788,5,0,3.0,3,2,4,2,1,1,15.711467690851315,0.2577064618297372,1.2577064618297373,3.2577064618297373,182.29154129236596,1
19.24416160871615,1,1,8.755838391283847,3,1,3.5116767825676938,3,5,4,1,7,1,14.244161608716153,2.732484826148459,3.709131261013071,5.732484826148459,291.97,1
9.0,1,1,30.40199088267125,4,0,2.4019908826712504,3,3,3,1,4,1,16.00995441335625,0.0,3.4119452960275023,5.009954413356252,123.02000000000001,1
9.0,1,1,29.84469219153091,4,1,2.0,5,3,3,1,2,0,11.61489739717697,0.6148973971769703,1.0,0.6148973971769703,123.02000000000001,1
1.0,0,2,7.290388442401477,4,0,3.1451942212007387,4,4,3,2,3,0,13.0,2.0,2.0,1.0,138.63936603520827,1
0.0,0,1,9.0,4,1,3.0,3,3,5,2,2,1,11.0,5.047584694003357,9.0,7.0,133.48,1
19.0,1,1,9.0,3,1,4.0,4,5,5,0,7,1,14.0,2.0,2.0,5.0,291.97,1
3.18814001591921,0,2,31.729380005306403,4,1,3.2706199946935968,5,0,4,2,3,0,13.0,1.2706199946935968,2.0,3.0,214.93329361973983,1
16.0,1,3,12.0,4,1,4.0,4,0,4,2,10,1,20.0,6.0,8.0,3.0,209.46,1
8.0,0,3,32.0,4,0,3.0,3,2,5,0,3,0,14.0,0.0,1.0,0.0,142.86,1
1.0,0,1,10.97066339665528,1,0,3.0,4,4,1,1,9,1,22.97799754749146,2.0,2.0,1.0146683016723606,147.88777087680631,1
1.0,0,1,9.0,4,1,4.0,4,4,1,0,8,1,14.0,1.0516187857263635,3.0,3.0,162.22,1
0.0,0,3,14.553290639623,3,0,2.0,3,3,1,2,2,0,13.446709360377,0.0,1.0,0.8934187207539999,123.11380896567917,1
1.0,1,1,7.0,3,1,3.520449404165286,4,4,2,0,3,0,16.520449404165287,2.520449404165286,2.520449404165286,1.0,149.3830383053792,1
4.0,0,3,31.0,4,0,4.0,2,1,4,2,6,1,17.0,2.0,2.0,1.0,256.94,1
0.0,0,1,24.587107152453694,4,0,2.798158164636242,3,0,3,1,4,0,11.798158164636241,1.201841835363758,1.201841835363758,0.4036836707275162,198.30055255060913,1
0.0,1,1,29.032415716641875,3,1,2.7418960708395317,3,2,2,0,2,1,15.774311787481405,3.0,6.258103929160469,7.0,160.8453396192727,1
0.0,2,1,14.0,1,0,3.0,4,3,4,0,6,0,16.0,0.8864593576737133,1.0,1.0,125.46000000000001,1
1.0,0,1,10.0,4,0,3.9175430096537447,4,4,4,2,3,0,12.082456990346255,6.0,8.917543009653745,8.0,159.08688344894844,1
1.0,2,2,28.888755022166198,5,1,3.0,5,4,3,2,3,0,13.777811244458452,1.2221887555415494,2.0,1.2221887555415494,146.59216465953148,1
9.0,1,1,8.822339111456847,4,0,2.1776608885431523,3,3,3,1,2,0,12.822339111456847,0.17766088854315254,1.0,0.0,123.02000000000001,1
1.0,2,1,31.09723621203549,3,1,3.0,4,4,4,1,3,1,18.291708636106474,1.0,2.097236212035491,1.1944724240709825,148.9876255985663,1
1.4751000132741616,1,1,8.475100013274162,3,1,3.0,4,3,2,1,8,0,13.574699960177515,2.5248999867258384,2.5248999867258384,3.9502000265483233,173.19306800902643,1
0.0,2,3,16.64642042564783,4,0,3.0,3,3,4,2,2,0,14.097613617098553,0.4511931914507237,1.4511931914507237,0.9023863829014473,127.35852500423832,1
1.0,1,1,9.0,5,1,3.6696085263343834,4,4,3,1,8,1,15.669608526334384,1.0,2.0,1.660782947331233,145.7414120926405,1
0.0,2,1,16.6970684708693,2,0,2.4107853856521446,2,3,3,1,3,0,14.232356156956433,3.0539269282607227,7.821570771304289,8.643141542608578,130.9417191015132,1
14.362835190369468,1,3,31.091443206420355,4,1,2.4542783967898227,3,0,5,1,5,1,13.0,0.908556793579645,2.0,0.908556793579645,206.69562970903334,1
1.0,2,1,15.90313117321115,3,0,3.0,4,3,3,2,3,0,12.548434413394425,1.0,2.0,1.4515655866055752,136.47205472175395,1
2.873855727462278,1,1,12.873855727462278,2,1,3.936927863731139,4,4,4,0,9,1,22.06307213626886,2.0,2.936927863731139,2.873855727462278,148.96494415784005,1
0.0,0,3,14.0,1,0,3.0,5,3,5,2,1,0,21.0,1.0,1.0,0.0,123.25,1
1.0,0,1,22.20351561067042,3,0,3.7964843893295805,3,4,3,0,3,0,13.814062442681678,3.6105468320112575,4.221093664022515,4.628124885363354,151.37067576219167,1
2.45945145851843,1,3,20.54054854148157,3,0,3.0,5,2,1,1,8,0,14.756758090246928,1.0,2.756758090246928,3.243241909753072,179.17135260483212,1
0.31944183822089856,0,2,18.041674485337303,1,0,2.3194418382208983,3,2,4,2,5,0,11.319441838220898,0.31944183822089856,1.3194418382208986,0.31944183822089856,157.35291909045458,1
9.0,2,1,6.8303742616675684,0,1,2.8339251476664864,3,2,2,0,3,0,15.667850295332972,1.6678502953329726,1.8339251476664864,0.0,123.02000000000001,1
1.0,0,1,10.236423283502617,3,0,3.9408941791243457,4,4,4,1,3,1,12.118211641751309,5.763576716497382,8.940894179124346,8.0,158.4746804761212,1
1.6185473697734738,2,3,9.92782105466021,2,0,3.0,4,3,2,1,3,0,14.309273684886737,1.6907263151132632,2.0,2.3814526302265264,145.56989494765244,1
0.0,0,1,9.0,4,0,2.0,3,4,3,2,2,0,12.0,3.084855110973696,7.0,7.0,140.84,1
1.0,2,1,16.90605401780372,3,0,3.0,4,3,3,2,3,0,12.04697299109814,1.0,2.0,1.9530270089018602,135.2083719375673,1
21.0,0,1,9.0,3,1,3.0,4,4,2,1,9,0,15.575585998169215,1.0,2.0,1.0,148.87122876727344,1
0.0,1,3,6.0,0,0,3.0,3,3,3,0,6,0,18.63543744222129,0.09114063944467754,1.0,2.0,128.0993432969947,1
0.0,0,2,18.142298398686393,4,0,2.285900533771202,3,1,3,1,4,0,11.0,1.7140994662287976,1.7140994662287976,1.4281989324575952,199.09464703551612,1
1.0,0,1,30.655220374402592,4,1,3.3276101872012953,4,2,2,1,4,1,13.34477962559741,1.6723898127987045,2.0,4.293271310409069,183.18044554026812,1
0.0,0,3,14.0,5,0,2.0,5,3,3,1,1,0,16.0,0.8301274055955237,1.0,0.0,123.50999999999999,1
9.0,0,1,10.833752334673267,4,1,3.0,4,3,4,1,7,0,16.88916822311551,0.9445841115577556,1.0,0.0,123.02000000000001,1
0.6688535108358502,0,1,6.66885351083585,4,0,3.6688535108358504,2,0,4,1,2,0,11.66885351083585,3.6688535108358504,5.33114648916415,7.66885351083585,198.69174014513916,1
0.0,1,3,9.0,4,1,2.0,4,0,1,0,2,1,11.0,3.0,3.0,7.0,203.25,1
1.0,0,1,13.58632132101474,4,1,4.0,5,2,3,1,4,1,21.34528528405896,1.5863213210147395,4.482072073911562,7.41367867898526,186.14540510540556,1
14.694054156184121,0,1,13.305945843815879,4,1,2.694054156184121,4,0,2,2,5,0,16.735135390460304,2.7351353904603033,3.429189546644425,3.0,207.5272001511525,1
0.0,2,1,18.681523611087453,4,0,2.5796190972281368,4,2,3,1,6,0,14.579619097228136,0.5796190972281366,1.0,0.0,148.00961711457998,1
0.9777815179744196,0,1,20.95556303594884,5,0,2.9777815179744196,3,0,2,2,2,1,12.955563035948838,2.9333445539232588,7.8666891078465175,7.8666891078465175,200.4857852207691,1
1.0,2,1,15.0,6,1,4.0,5,4,5,0,3,1,12.0,1.9885399870457068,2.0,8.0,146.19,1
17.46143484534796,0,3,18.958571911180613,4,1,2.0,2,1,3,2,6,1,16.79285955590306,2.0,2.0,8.124284266458163,236.9760996959562,1
1.0,0,1,16.967802737648483,3,0,3.0,5,4,3,2,2,0,21.06439452470303,2.93560547529697,2.9678027376484852,3.0,151.1521203224514,1
9.0,0,1,7.549864178364398,4,0,2.5498641783643983,3,4,3,2,2,0,12.0,0.5498641783643982,1.0,0.0,123.02000000000001,1
0.03684097293493349,0,2,16.92631805413013,6,0,2.073681945869867,2,2,2,0,8,0,12.0,1.0368409729349335,1.0368409729349335,2.0368409729349333,147.06005293730757,1
1.0,1,2,16.229507198827672,3,0,4.0,5,3,4,1,5,0,13.344260798241507,2.8852464005861647,2.8852464005861647,2.7704928011723293,169.43262106979017,1
15.0,1,1,12.52877444244346,3,1,2.490408519185513,4,2,3,0,6,0,14.019182961628974,4.038365923257947,5.038365923257947,7.490408519185513,149.50808170383712,1
3.3219836325357655,0,3,10.0,4,1,2.0,3,1,4,2,1,0,18.678016367464235,5.491487724401824,6.491487724401824,7.0,193.93477428853595,1
1.0,0,2,28.745125614887787,5,0,3.0,4,4,3,1,2,0,12.949025122977558,1.9490251229775577,2.0,1.0,153.5678106500326,1
0.0,0,1,14.0,0,0,2.3824708849376885,4,3,4,1,2,0,15.0,1.0,1.0,0.0,125.97529883539751,1
9.0,1,1,12.0,5,1,3.0,2,3,5,0,4,1,21.792216579038307,0.20778342096169145,1.0,1.584433158076617,123.02000000000001,1
7.350788073150184,1,2,13.12302981712454,3,0,3.587697018287546,4,5,3,1,3,0,15.0,3.06151490856227,4.8861208719871785,10.175394036575092,291.97,1
20.550542072204056,1,1,13.438177590255071,2,0,3.1123644819489855,5,0,4,1,8,0,15.224728963897972,2.0,5.550542072204058,3.0,225.2609068159379,1
0.0,0,1,9.0,4,0,2.0,3,4,3,2,2,0,12.0,4.672054114269189,7.0,7.0,140.84,1
1.0,0,1,16.0,4,1,4.0,4,2,5,1,6,0,18.0,1.0,2.0,8.0,178.46,1
1.0,1,2,16.0,1,0,3.0,4,4,3,0,3,0,16.0,2.5629484781578125,3.0,3.0,152.42,1
1.0,1,3,9.255490829794672,4,1,3.3722545851026635,5,0,3,0,3,0,12.0,3.255490829794673,5.116763755307991,3.0,225.97552448502273,1
1.705084118508908,1,3,13.237289703727729,1,0,3.0,4,2,4,1,7,0,18.352542059254453,1.352542059254454,2.0,2.294915881491092,177.94976298785608,1
1.0,0,1,32.0,3,1,4.0,5,4,4,2,2,0,12.0,1.8437550439872936,2.0,5.0,159.79,1
2.0,0,1,8.0,4,0,2.0,4,4,5,2,3,1,23.0,0.0,1.0,0.0,136.46,1
1.0,1,3,20.0,5,0,3.0,4,2,3,2,5,1,12.0,1.6254088748349649,3.0,3.0,223.54,1
0.0,2,1,6.961615807046166,3,1,2.0,3,4,1,1,10,1,14.0,2.0,2.0,2.0,147.87,1
9.0,0,3,18.0,4,1,3.0,4,3,5,0,2,0,18.0,1.0,1.0,0.0,123.02000000000001,1
9.0,0,3,6.510129523282256,3,0,2.0,4,3,3,2,2,0,11.510129523282256,0.48987047671774453,1.0,0.9797409534354891,123.02000000000001,1
0.0,1,1,29.0,4,1,2.0,4,2,3,0,4,1,13.0,1.0,1.0,1.0,159.16,1
1.0,0,1,22.520634204473783,3,0,3.739682897763108,4,4,3,0,3,0,13.260317102236892,3.520634204473784,4.301585511184459,4.301585511184459,150.5377150591683,1
9.387724234306127,0,3,32.0,4,0,3.612275765693872,3,2,4,1,4,0,13.836827297081618,1.0,1.6122757656938724,1.7754484686122551,166.35175272854917,1
0.0,0,1,14.0,0,1,2.9833241865101607,3,3,2,0,2,0,12.0,1.9833241865101607,1.9833241865101607,1.9666483730203217,126.09232912579466,1
1.0,0,3,7.194773497687226,1,0,3.0,4,4,4,2,3,1,12.0,2.1947734976872257,2.1947734976872257,3.0,146.98931007703965,1
11.326722479491739,1,2,14.673277520508261,2,0,4.0,5,0,1,1,2,0,17.0,1.0,4.431404651646398,3.0,222.23242480531493,1
0.0,0,3,22.09060258924994,3,1,2.2726506473124846,4,2,1,1,7,1,13.727349352687515,0.7273493526875153,1.7273493526875154,2.545301294624969,154.02919511965501,1
0.0,2,1,14.0,0,0,3.0,3,3,5,1,2,1,15.536875760877733,0.7315621195611339,1.0,0.0,125.45775548151349,1
0.3721202152416987,1,2,15.0,3,1,3.372120215241699,4,4,4,1,3,0,12.372120215241699,2.0,2.0,1.6278797847583013,144.01488480860968,1
0.5218843281579432,0,2,31.043768656315887,3,1,3.521884328157943,4,1,2,1,2,0,12.0,1.0,1.521884328157943,9.0,184.06259981464444,1
0.0,0,1,9.0,4,0,2.067973299819404,3,3,3,2,2,0,11.932026700180597,2.203919899458211,7.135946599638808,7.0,140.3397165133292,1
1.0,1,1,25.0,6,0,3.8187744389502907,3,4,1,1,2,0,19.63754887790058,2.0,2.0,1.0,152.40662322556074,1
19.82878785407694,1,1,12.785984817596173,2,0,2.042803036480765,4,0,4,1,7,0,14.08560607296153,1.0,4.828787854076938,9.0,200.14891288873403,1
16.439447786212344,1,1,8.54930973276543,2,0,2.890138053446914,4,0,1,0,1,0,15.780276106893828,1.329585839659258,1.439447786212344,9.0,201.51312226604952,1
3.0,1,1,29.3045502217981,3,1,3.6522751108990503,4,3,4,1,2,0,13.3045502217981,1.0,1.6522751108990503,2.609100443596201,163.95654602661577,1
1.0,2,1,15.0,3,0,4.0,4,4,5,1,3,1,18.0,1.0,2.0,1.0,148.98,1
9.0,2,1,30.0,4,1,2.0,4,3,3,2,6,1,14.0,0.0,1.0,3.0,123.02000000000001,1
9.906948554530306,0,1,6.618610289093939,4,1,2.618610289093939,3,3,3,1,3,1,13.381389710906062,1.618610289093939,2.237220578187878,2.474441156375756,147.98521572956707,1
0.0,2,1,14.431447744395388,0,0,3.0,3,3,4,1,2,0,15.0,1.0,1.431447744395388,0.8628954887907758,126.61265579704144,1
0.9408229281364582,2,1,8.940822928136459,5,1,3.8816458562729164,4,4,3,2,7,0,16.05917707186354,0.9408229281364582,2.0,1.0,145.77691169052383,1
0.0,0,2,10.937579114707944,4,1,2.367197389338493,3,1,3,1,7,0,11.632802610661507,0.6328026106615069,1.632802610661507,1.2656052213230138,199.58774831896727,1
1.0,1,3,23.0,4,0,4.0,4,0,4,1,4,0,19.382440311998177,2.0,2.0,2.5378400891423367,209.7087477796218,1
1.0414284174809714,1,2,22.994081654645576,4,0,4.0,4,0,2,1,3,0,13.988163309291151,1.0,2.0,1.0295917267721224,206.5991694280014,1
0.011078552594309676,0,2,24.0,4,0,3.01107855259431,3,2,3,0,1,0,17.955685789622763,2.9778428948113804,2.98892144740569,1.9889214474056902,146.15063541049054,1
0.0,2,2,24.0,6,1,3.0,2,3,5,1,1,0,17.0,1.0,1.0,0.0,129.56,1
14.85642136812804,0,1,11.430735895615882,3,0,2.4282106840640196,4,0,1,1,2,0,15.42821068406402,1.0,1.0,5.569264104384117,204.44030660965205,1
11.0,0,3,32.0,4,0,4.0,2,2,3,2,6,1,13.0,1.5659478239190432,2.0,4.0,188.97,1
1.0,2,1,24.87242982542863,3,0,3.127570174571371,4,4,2,1,3,0,14.0,1.1275701745713709,2.0,1.8724298254286291,148.66164938751723,1
1.0,0,1,10.0,1,1,4.0,4,4,5,2,2,0,23.0,1.0,2.0,5.0,156.02,1
0.0,2,1,19.16498253611092,4,0,2.645622817013865,2,3,4,2,2,0,14.936868451041594,3.0,8.29124563402773,9.58249126805546,126.19322363137839,1
5.514149444893711,1,1,15.27453099919132,2,0,2.6056597779574844,3,5,3,0,2,0,15.0,4.788680444085031,6.880190777148805,8.908489666936227,291.97,1
7.0,2,1,14.538240753355584,4,1,2.269120376677792,3,3,4,1,4,0,11.730879623322208,1.0,1.0,2.0,125.16475096213054,1
1.0,0,1,20.802902085137056,6,1,3.0,3,2,3,0,9,0,14.401451042568528,1.2992744787157362,2.0,1.5985489574314724,172.959921412031,1
8.0,2,1,10.0,4,1,3.0,4,4,5,0,6,0,13.0,2.0,2.0,3.0,148.62,1
8.877329626586745,1,1,14.122670373413255,4,0,2.0613351867066276,3,3,3,2,2,0,11.938664813293371,0.06133518670662774,1.0,0.12267037341325548,123.40886508372003,1
13.0,0,3,11.551019310734018,2,1,2.3498543841808543,3,2,3,1,5,0,13.30029123163829,0.34985438418085446,1.0,2.3002912316382913,167.72209901875704,1
7.487603875420359,1,1,15.512396124579642,4,0,2.7561980622898203,3,3,3,2,2,0,11.24380193771018,0.7561980622898204,1.0,1.512396124579641,127.81429571491748,1
17.376386747606404,1,1,17.064580121409602,3,0,3.3440966869016004,4,2,4,0,6,0,17.032290060704803,4.623613252393598,6.967709939295199,6.623613252393598,174.48570127111836,1
1.0,0,2,18.795256243749613,6,1,3.0,3,2,3,0,9,0,13.397628121874806,1.801185939062597,2.0,2.602371878125194,172.3224938573905,1
9.0,0,3,6.315010507183425,4,0,2.0,4,3,3,2,2,0,11.684989492816575,1.3150105071834246,1.3150105071834246,0.6300210143668492,123.02000000000001,1
0.22460244007488483,0,1,9.224602440074884,4,0,2.224602440074885,3,4,3,2,2,0,12.44920488014977,2.0,5.876987799625576,5.652385359550691,140.4716519982772,1
3.792539296844496,1,2,6.207460703155504,3,0,3.0,3,2,1,1,8,1,11.207460703155503,1.0691535677185011,1.1383071354370025,4.861692864562998,159.90994546536163,1
1.0,0,1,22.0,3,1,4.0,4,4,3,0,3,0,13.0,2.827498741635673,3.0,3.0,151.1,1
1.0,1,1,25.0,6,0,3.745459457078339,3,4,2,1,2,0,19.490918914156676,2.0,2.0,1.0,152.59944162788398,1
0.4730275033430207,0,2,17.580917489970936,1,0,2.4730275033430207,3,2,4,2,5,0,11.47302750334302,0.4730275033430207,1.4730275033430207,0.4730275033430207,157.210084421891,1
9.0,0,3,6.956684726745688,4,0,2.0,5,4,3,2,2,0,12.0,0.04331527325431195,1.0,0.0,123.02000000000001,1
16.0,1,3,12.0,4,1,4.0,4,0,4,2,10,1,20.0,6.0,8.0,3.0,209.46,1
1.0,1,1,9.0,5,1,3.6694389976937094,4,4,3,1,8,1,15.669438997693709,1.0,2.0,1.6611220046125816,145.74133071889298,1
20.0,1,1,31.0,4,1,4.0,4,4,1,2,3,0,17.0,1.0,2.0,1.0,150.87,1
9.0,0,1,14.350387758128536,1,0,3.0,3,4,4,1,2,1,22.175193879064267,0.4124030604678661,1.0,0.0,123.02000000000001,1
0.0,2,1,6.0,4,1,3.0,4,4,3,2,1,1,14.0,0.19575560640562462,1.0,2.0,137.3,1
1.0,1,2,16.0,3,0,3.0,4,4,5,2,9,0,23.0,1.4868249177179642,2.0,4.486824917717964,162.93052159750346,1
20.0,1,1,29.0,3,0,3.0,3,0,1,0,2,0,12.0,6.0,9.0,6.0,203.12,1
0.0,1,3,22.0,5,0,3.0,3,2,5,2,6,0,15.0,1.0,1.0,2.0,153.24,1
1.0,0,2,12.682694522579514,4,0,3.0,4,4,3,1,2,0,17.317305477420486,1.6826945225795136,2.0,1.634610954840973,148.73528688896855,1
9.0,1,1,8.911959584199634,4,1,2.088040415800367,3,4,3,2,2,0,12.911959584199634,0.08804041580036681,1.0,0.0,123.02000000000001,1
9.0,1,2,10.87814255655856,2,1,2.0,3,2,1,1,3,0,13.93907127827928,0.0,1.0,0.0,123.02000000000001,1
0.0,0,3,32.0,5,0,2.0,4,2,5,2,6,0,15.0,0.305982585894258,1.0,1.0,166.96,1
6.0,0,3,19.0,4,1,3.0,4,1,5,2,2,1,13.0,1.0,9.0,11.0,262.58,1
1.0,0,1,15.680954925667761,3,1,3.68095492566776,4,2,5,1,6,0,18.0,1.0,2.0,6.404774628338801,178.39619098513356,1
1.0,1,1,21.0,6,1,3.0,5,4,4,1,3,1,23.0,2.0,2.0,3.0,162.43,1
9.0,0,3,18.0,4,1,3.0,4,3,5,0,2,0,18.0,1.0,1.0,0.0,123.02000000000001,1
0.24257826607382516,0,2,10.0,4,1,2.4851565321476503,4,2,1,2,2,1,12.0,4.48515653214765,7.48515653214765,4.970313064295301,158.32851565321477,1
9.0,0,2,8.90869119745533,3,0,3.0,3,4,1,2,2,0,12.0,0.0,1.0,0.0,123.02000000000001,1
10.362620792018953,0,2,14.0,1,0,3.0,3,3,3,0,2,1,11.0,3.043931188028429,5.087862376056858,7.0,125.42502569791347,1
0.10467597053553335,0,2,17.895324029464465,5,0,2.104675970535533,3,2,1,2,3,0,22.790648058928934,2.895324029464467,5.6859720883934,6.581296117857867,146.3794372797133,1
0.8714035140394475,2,1,28.614210542118343,4,0,3.0,4,3,3,1,5,1,11.871403514039448,0.8714035140394475,2.0,2.0,146.2261245652488,1
1.0,2,1,7.573850597975027,2,0,4.0,5,4,4,2,8,0,14.0,2.0,2.852298804049947,8.0,147.99782187304353,1
0.0,2,1,14.0,1,0,2.939098066900507,3,3,5,2,6,0,12.878196133801014,0.06090193309949332,1.0,6.81729420070152,123.79966070264351,1
1.0,1,2,14.061861762787132,3,1,3.969069118606434,4,4,1,1,2,1,22.030930881393566,1.969069118606434,2.0,3.0,147.76422820544104,1
9.0,2,2,7.428828202940996,0,0,2.285585898529502,3,3,2,1,2,0,13.856757695588506,1.2855858985295021,1.2855858985295021,1.4288282029409956,123.02000000000001,1
0.6383529051589555,0,2,15.72329418968209,6,0,3.276705810317911,3,3,1,0,8,0,12.0,1.6383529051589556,1.6383529051589556,2.6383529051589556,146.8976447156071,1
1.7492493015322534,2,1,14.0,0,0,3.0,3,3,5,1,7,1,20.874624650766126,1.0,1.8746246507661266,1.7492493015322534,124.03999999999999,1
1.0,1,3,11.0,2,1,3.0,4,0,5,2,2,1,23.0,3.746387229140292,5.0,3.0,220.82,1
9.0,0,3,6.642086507352399,4,0,2.0,3,3,4,2,2,1,11.0,1.6420865073523991,2.0,2.0,123.02000000000001,1
1.0,0,1,12.0,3,0,3.0,4,4,3,1,3,1,15.0,1.0,2.0,6.897853731436595,148.84185413431297,1
1.0,0,2,23.461647875842857,4,0,3.494521125120408,4,1,3,1,5,0,12.494521125120407,1.494521125120408,2.505478874879592,3.0,223.39164366246388,1
1.0,2,1,23.87830469327333,3,0,3.8783046932733276,4,4,4,0,3,0,14.0,1.1216953067266724,2.0,1.2433906134533446,147.29836334996446,1
0.0,1,1,11.528561825632682,4,1,2.588093637605447,3,3,2,2,2,0,22.588093637605446,1.0,1.0,0.0,124.01975918392927,1
0.0,2,1,14.0,0,0,3.0,3,3,4,0,4,0,16.316077683843265,0.0,1.0,0.6839223161567359,124.99220502791196,1
1.0,0,1,21.746063130942566,5,0,3.3730315654712832,5,4,4,1,3,1,23.0,3.1190946964138506,3.865157827356417,4.865157827356417,163.08653555522946,1
0.8083948823040229,2,1,14.808394882304023,3,0,3.0,4,4,3,2,2,0,12.616789764608045,1.0,1.808394882304023,1.191605117695977,138.04685966834683,1
1.0,0,3,19.0,4,1,4.0,5,4,5,0,3,0,19.0,2.0,2.0,1.0,145.33,1
0.29574756259502066,2,2,9.0,4,0,3.2957475625950208,3,2,3,2,9,0,14.591495125190042,1.0,2.0,0.29574756259502066,145.80844718313736,1
1.0,2,1,23.7442562984517,3,0,3.7442562984517,4,4,4,0,3,0,14.0,1.2557437015483004,2.0,1.5114874030966008,147.5168622335237,1
1.0,0,3,19.0,4,1,4.0,5,4,5,0,3,0,19.0,2.0,2.0,1.0,145.33,1
17.506138460290487,0,2,18.34151794705398,4,1,2.164620513236505,2,0,2,2,6,0,16.835379486763497,1.0,2.0,7.341517947053981,236.05281820286103,1
0.18117185085002008,2,1,14.63765629829996,3,0,2.3623437017000404,3,4,5,1,7,0,22.18117185085002,1.1811718508500202,1.1811718508500202,3.81882814914998,142.67577100367058,1
0.0,1,3,12.0,4,1,3.0,5,2,3,0,5,1,18.0,4.744146611401007,7.0,7.0,161.72,1
8.615267423492554,1,3,8.615267423492554,5,0,3.615267423492555,5,5,4,2,3,1,15.384732576507446,1.615267423492555,1.615267423492555,11.0,290.53494748962726,1
1.0,2,1,31.435995180570586,4,1,3.0,5,4,3,2,5,0,14.128009638858828,1.0,2.0,3.1280096388588285,146.43538722851207,1
1.8119010688663777,0,1,9.594049465566812,4,0,3.0,4,2,3,0,2,1,21.217851603299568,1.5940494655668112,2.0,2.1880989311336223,164.57875969422577,1
9.0,0,1,8.410346504848452,3,0,3.0,3,4,2,2,2,0,12.0,1.0,1.0,0.0,123.02000000000001,1
0.06737687152192573,2,1,9.067376871521926,4,0,2.0673768715219256,3,2,3,1,1,0,18.66311564239037,1.0673768715219256,1.0673768715219256,1.9326231284780744,141.54088405247998,1
0.0,2,1,14.0,0,1,2.1684592136623344,3,3,2,1,2,0,19.66308157267533,1.0,1.0,0.0,123.70767009094494,1
1.0,1,3,11.354653106447879,4,1,3.1773265532239394,5,2,2,1,3,1,14.063959319343637,5.113367233880303,8.0,5.531979659671818,183.89000334309034,1
0.0,0,3,14.0,5,0,2.0,4,3,3,1,1,0,16.553856727900662,0.0,1.0,0.0,123.6816955856492,1
1.0,0,1,31.772670988128166,3,0,3.0,5,2,3,2,2,0,23.0,4.227329011871833,5.136645059359167,9.454658023743667,170.28686940080337,1
1.0,0,2,11.429799068182627,4,0,3.0,4,4,2,1,2,1,13.429799068182627,1.0,2.0,1.0,153.51570200931818,1
1.0,2,1,24.421022353445856,3,0,3.5789776465541454,4,4,2,1,3,0,14.0,1.5789776465541452,2.0,1.4210223534458548,147.85363001266808,1
19.985391002891117,1,1,20.824692034693406,3,0,3.985391002891117,4,3,3,0,9,0,18.970782005782233,1.985391002891117,5.0438269913266485,4.0,174.6587797243045,1
19.639624507636828,2,1,14.0,2,1,2.3603754923631706,3,3,2,2,3,0,20.477371553457804,0.6396245076368293,1.0,0.0,125.17920553175222,1
0.0,1,1,28.0,3,1,3.0,3,2,3,0,2,1,15.0,4.209678858725162,6.0,7.0,161.79,1
19.38745129592254,1,1,8.612548704077462,3,1,3.2250974081549226,3,5,4,0,7,1,14.387451295922538,3.1623538877676163,4.712159071457771,6.162353887767616,291.97,1
4.0,2,1,15.726959789825626,4,1,3.136520105087187,4,4,5,2,5,0,15.0,1.863479894912813,2.0,1.4095603152615608,145.38204975552904,1
1.0,0,1,10.38239544930077,1,1,3.0,4,4,3,2,7,0,17.308802275349617,1.6911977246503846,2.308802275349615,2.691197724650385,165.44695510370613,1
1.0,0,1,12.0,3,0,3.0,2,4,3,1,4,1,15.0,1.0,2.0,5.174139169834642,149.12626703697728,1
1.0,2,1,21.797993079277973,2,1,3.0,4,4,1,1,7,0,13.734002306907342,2.0,2.0,4.7340023069073425,149.17646159176607,1
0.0,1,2,8.332780868960796,4,1,3.0,3,3,3,1,1,0,11.0,0.6672191310392045,1.0,1.334438262078409,129.7843719663537,1
2.1148099286283744,1,3,12.212975178429064,2,0,3.0,4,2,3,1,6,0,18.557404964314188,1.5574049643141872,2.0,1.8851900713716256,177.76948363140352,1
1.0,0,2,8.0,3,0,2.707015294272591,3,3,4,1,3,0,11.70701529427259,2.414030588545182,2.414030588545182,3.292984705727409,148.17528189403555,1
1.6748641645224298,0,1,13.987703753216355,2,1,3.662567917738785,4,3,2,1,3,0,13.674864164522429,1.0,2.0,1.0,144.6541263897154,1
1.0,1,3,12.153693080111122,3,1,3.0,5,0,2,0,4,0,13.153693080111122,5.807717819981479,8.615435639962959,3.0,228.8192547507826,1
0.0,2,1,14.0,0,0,3.0,3,3,5,1,2,1,16.77182799099485,0.0,1.0,0.0,124.21045372909519,1
0.8160790423433513,0,1,31.264316169373405,3,1,3.8160790423433513,4,3,3,1,2,0,12.551762872969945,2.551762872969946,2.735683830626595,5.3678419153132975,160.1578419153133,1
0.0,2,1,14.0,0,1,2.981054596625645,4,3,1,1,2,0,18.03789080674871,0.018945403374354575,1.0,0.0,123.40700979924851,1
0.0,1,2,6.792246139344034,1,0,3.0,3,3,4,2,1,0,17.584492278688067,0.7359179535519887,1.0,4.0,131.755917953552,1
7.0,2,1,14.0,4,1,2.0,3,3,5,0,5,0,12.0,1.0,1.0,2.0,123.62,1
1.0,0,1,16.86707195729202,3,0,3.8670719572920174,4,4,4,1,3,0,22.60121587187605,2.0,2.0,1.0,143.4982796505315,1
9.0,2,3,8.0,0,0,2.0,4,3,3,2,2,0,13.0,0.3615112152008645,1.0,2.0,123.02000000000001,1
0.0,0,1,14.0,4,0,2.0,2,3,2,2,3,1,14.0,0.0,1.0,2.680256804592305,123.97147991700561,1
0.05711716337044326,0,1,8.0,4,0,3.0,3,4,1,1,6,0,13.0,0.05711716337044326,2.0,1.9428828366295567,137.2982505138175,1
1.0,0,1,16.0,3,1,3.0,4,4,5,2,4,1,12.0,1.0,2.0,1.0,156.72,1
1.0,1,1,8.999070583130038,4,0,3.999070583130039,4,4,3,2,3,0,13.0,1.0,2.0,1.0,138.9296839982642,1
0.9032236273447073,1,1,17.193552745310587,3,1,3.0,4,3,2,1,8,0,13.903223627344707,1.0967763726552926,2.0,3.806447254689415,159.29871460220096,1
4.901528064635046,1,2,26.950764032317522,5,0,3.975382016158761,3,4,4,1,2,0,22.876910080793806,1.0246179838412386,2.0,2.950764032317523,156.35470290973214,1
16.37163269147147,1,3,31.20945576950951,4,1,3.790544230490489,4,0,5,1,7,1,14.0,3.0,2.790544230490489,2.581088460980978,230.33039042420862,1
1.0,0,3,31.0,2,1,3.4162627806879073,3,4,3,2,3,0,16.751211657936278,1.4162627806879073,2.0,1.0,136.02239095078573,1
0.0,2,1,9.930286022147543,2,1,2.356571325950819,3,3,3,2,2,0,12.286857348098362,0.3565713259508191,1.643428674049181,1.2868573480983618,134.56689138341835,1
1.0,0,1,10.088274123087224,2,1,4.0,4,4,4,0,7,0,14.264822369261672,1.9117258769127758,2.0,3.0,165.1890644513705,1
2.0,1,3,9.0,3,0,2.0,3,2,3,0,5,1,18.0,1.0,1.0,0.0,152.38,1
1.0244294153541031,2,1,14.0,1,0,3.0,3,3,5,1,7,1,20.512214707677053,1.0,1.5122147076770516,1.0244294153541031,124.03999999999999,1
1.0,2,1,29.63904107495125,4,0,3.0,4,4,3,0,6,1,12.958561612426879,1.0,2.0,2.639041074951252,145.98769864102533,1
0.0,2,1,11.0,1,1,2.0,3,3,3,2,2,1,13.0,1.8633959473623376,2.0,2.0,134.41,1
0.0,0,1,31.240742504247443,3,0,2.0,4,2,3,2,1,0,22.37962874787628,2.759257495752558,5.277772487257674,8.759257495752557,145.42546216056743,1
0.588734291964712,1,1,28.803755236011764,4,1,2.196244763988237,4,2,3,0,3,1,12.803755236011762,1.0,1.0,0.8037552360117627,160.07057570490542,1
0.0,0,1,14.0,0,1,2.916275062154652,3,3,3,1,2,0,12.083724937845348,1.0,1.9162750621546516,2.0,125.90157189730652,1
1.0,1,3,14.45624195625229,5,0,3.0,4,4,3,2,3,0,14.0,2.6140604890630725,2.6140604890630725,2.228120978126145,152.9512049549526,1
0.0,0,1,12.0,4,0,3.0,4,3,1,2,2,1,18.0,0.37394713447906747,1.0,0.0,129.26,1
0.0,2,3,13.0,5,1,3.0,3,3,4,2,2,0,13.0,0.11371178354428235,1.0,0.0,126.78999999999999,1
9.0,1,1,15.151371171263275,4,0,2.0,3,3,5,2,3,0,13.848628828736725,0.8486288287367251,1.0,0.0,123.02000000000001,1
0.0,0,3,6.1518861723366305,1,1,3.0,3,3,3,0,4,0,15.0,1.0,1.0,2.0,129.09,1
1.0,1,2,19.014325550342605,3,1,3.0,4,2,5,1,3,0,17.342883700228402,1.0,2.0,4.9713488993147905,167.26428837002285,1
0.0,2,1,12.108932094733674,0,0,2.9455339526331623,3,3,5,2,3,0,11.0,1.0,1.0,3.0544660473668377,129.43496787647848,1
1.7298321626099602,1,3,7.81754195934751,4,0,3.18245804065249,4,2,3,2,8,0,15.27016783739004,1.0,2.0,1.9122902032624502,190.99616133835852,1
1.0,0,3,26.93041927709147,4,0,4.0,4,2,3,0,4,1,12.243532530179854,2.0695807229085297,3.034790361454265,3.0,170.60913469879983,1
0.42818393986717285,2,1,7.8563678797343455,4,1,2.8563678797343455,3,4,1,1,9,1,14.856367879734346,1.5718160601328273,2.0,1.5718160601328273,147.02647763846167,1
1.3679807915775637,0,2,7.367980791577564,4,1,3.2640384168448726,4,1,3,1,4,0,11.632019208422436,4.735961583155127,7.735961583155127,3.0,221.9744086437901,1
0.0,2,3,14.369443703276815,4,0,3.0,2,3,4,2,2,0,13.547777481310726,0.0,1.0,0.0,126.89133883404247,1
1.0,1,1,8.2660771859856,3,0,3.0,4,4,4,1,8,0,20.6330385929928,1.6330385929927995,2.0,6.165192964963998,152.4112741085167,1
0.0,0,1,14.0,4,0,2.147227074410517,4,3,2,2,2,0,20.44168122323155,1.8527729255894831,1.8527729255894831,1.705545851178966,125.97615764159643,1
10.967094918891096,1,1,8.859229145996027,4,0,3.7934189837782193,5,0,3,2,10,0,14.0,1.0,2.0,1.6197430486653426,178.73769664432237,1
1.3132664765806104,1,1,8.68673352341939,4,0,2.68673352341939,4,4,2,2,3,0,23.0,0.6867335234193896,1.6867335234193896,0.6867335234193896,136.1578372496955,1
0.0,0,2,19.455726318591097,5,0,2.3639315796477742,3,2,2,2,3,1,22.636068420352224,4.636068420352226,6.0,7.0,143.40077294273175,1
0.0,0,1,14.0,0,0,2.0,3,3,5,2,7,0,11.0,0.0,1.0,1.5931221963562177,125.9923493271255,1
1.0,0,1,9.993185302099873,4,1,3.0,4,4,2,0,2,0,12.0,1.0068146979001282,2.0,1.0136293958002562,153.54281163205223,1
2.0468143701349435,1,3,12.382964074662642,2,0,3.0,4,2,3,0,6,0,18.523407185067473,1.5234071850674717,2.0,1.9531856298650563,177.79940167714062,1
0.07848660809258212,1,1,8.078486608092582,3,1,2.0784866080925823,3,4,3,1,7,0,16.843026783814835,0.15697321618516424,2.0,1.1569732161851642,143.94557857294814,1
1.8120776110086791,0,1,8.187922388991321,4,0,2.187922388991321,4,4,4,2,3,0,23.0,0.18792238899132097,1.1879223889913209,0.18792238899132097,136.37731414884382,1
1.0,1,1,14.0,4,1,4.0,4,4,4,2,3,1,23.0,2.0,2.0,1.0,149.72,1
8.180232070424525,1,2,11.049419823938688,4,0,3.7950580176061313,4,5,3,1,3,0,15.0,1.2049419823938687,3.4345938767570816,10.590116035212262,291.97,1
10.43896091828534,0,3,31.352538348779152,4,0,3.0,4,0,4,1,5,1,14.647461651220848,1.0,2.0,0.6762691743895763,233.02203067902335,1
0.0,0,1,9.469612332491216,4,0,3.0,3,3,2,0,1,1,11.469612332491216,0.0,1.0,0.0,128.52530387667508,1
1.0,2,1,9.143161357811193,4,1,3.856838642188807,4,4,3,2,3,0,13.143161357811193,2.0,2.0,1.0,138.96865356660902,1
0.0,2,1,9.0,4,0,2.0,3,2,3,0,1,1,19.0,1.0,1.0,2.0,141.71,1
9.0,2,2,9.207842833424973,1,1,2.3584314333150056,3,2,2,0,3,0,14.716862866630011,0.7168628666300112,1.3584314333150056,0.0,123.02000000000001,1
1.0,0,2,19.10227919635894,5,0,3.025569799089735,4,2,1,2,4,1,23.0,3.923290602730796,7.0,8.0,170.64072793002595,1
0.0,1,3,6.0,1,0,3.0,3,3,3,1,2,0,15.787970133590932,1.0,1.0,3.5759402671818634,131.39875249142145,1
9.387007579619478,1,3,15.290255684714609,3,0,3.0,4,0,1,1,2,0,16.29025568471461,2.806496210190261,4.387007579619478,7.09675189490487,196.70762263774105,1
9.0,0,1,14.267415278472107,5,0,2.7325847215278922,3,3,2,1,6,0,11.802245835416324,1.0,1.0,1.4651694430557847,123.02000000000001,1
0.0,0,1,14.0,4,0,2.1876092758138492,4,3,2,2,2,0,20.56282782744155,1.0,1.8123907241861508,1.6247814483723018,125.90104674698624,1
13.58797014069026,2,1,13.917594028138051,4,1,2.0824059718619483,3,3,3,1,9,1,12.164811943723896,0.0,1.9175940281380517,6.670376112552207,124.47897450473951,1
1.0,1,1,23.400032141738933,4,0,3.0,2,4,4,2,3,0,15.799903574783198,4.0,8.599967858261065,9.799903574783198,151.03388782533113,1
4.0,1,3,32.0,5,1,3.0,5,0,4,2,4,1,13.0,1.4856468653342771,2.0,3.0,215.94,1
3.724458800146,1,3,19.275541199854,3,0,3.0,5,2,1,1,8,0,14.545923533309,2.0,2.545923533309,3.454076466691,178.97316812131047,1
1.0,0,3,16.0,5,1,3.0,4,4,5,1,3,0,20.0,2.0,2.0,1.0,142.9,1
1.9007932692720253,0,1,31.871315247246855,4,1,3.0,4,4,2,1,3,1,23.0,1.8713152472468535,2.0,1.8713152472468535,153.4209861950765,1
1.429832685520486,2,1,16.140334628959028,3,0,4.0,4,4,5,1,8,1,21.214916342760244,2.0,2.214916342760243,1.429832685520486,149.04,1
1.0,1,2,25.27369845767837,5,1,3.0,2,4,4,1,2,0,18.27369845767837,1.726301542321629,2.0,1.0,153.07381737480645,1
1.0,0,2,24.44090685656954,4,0,3.0,4,4,3,1,2,0,12.088181371313908,1.0881813713139084,2.0,1.0,152.51758127300297,1
9.0,1,1,8.0,4,0,3.0,3,3,4,1,2,0,12.0,1.0,1.0,0.0,123.02000000000001,1
1.4400123503236366,0,1,23.32003705097091,3,0,3.146670783441212,3,0,3,1,8,1,13.586683133764849,1.1466707834412122,7.119975299352727,6.973304515911515,260.48984954088456,1
11.687359710585568,1,3,17.015519782939176,4,0,3.0,4,0,1,1,2,0,18.015519782939176,0.6718399276463922,6.687359710585569,7.671839927646392,199.7843436129082,1
0.9462276883380166,0,1,8.946227688338016,3,1,2.9462276883380167,3,4,4,1,7,0,15.107544623323967,1.0537723116619833,2.0,2.8924553766760335,145.3339643013408,1
2.677427936962993,2,2,27.653215078796258,4,0,3.0,3,3,3,2,2,1,22.33064301575925,0.0,1.0,1.6693569842407483,130.25928159563057,1
1.0,1,1,14.0,4,1,4.0,4,4,4,2,3,1,23.0,2.0,2.0,1.0,149.72,1
1.0,1,2,9.756428874135368,3,0,3.756428874135368,4,2,3,2,9,0,15.730713377593895,2.243571125864632,3.0,1.2435711258646318,170.29503630456398,1
9.0,1,1,8.30604716622877,4,0,2.6939528337712284,3,3,4,1,2,0,12.30604716622877,1.0,1.0,0.0,123.02000000000001,1
14.254739070010068,1,3,9.872630464994966,4,1,2.936315232497483,4,3,2,1,3,0,15.063684767502517,1.8726304649949665,2.318423837512584,3.0,151.81535250347443,1
10.0,0,3,15.822872855801746,4,1,2.822872855801746,4,0,1,1,6,0,11.822872855801746,1.8856357209912702,5.708508576793016,3.0,226.56223229027407,1
9.0,0,3,6.99486037241444,4,0,2.0,3,3,4,2,2,1,11.0,1.9948603724144398,2.0,2.0,123.02000000000001,1
0.0,1,1,30.554590478894212,0,1,2.0,3,3,4,2,3,0,18.66377143668264,1.0,1.5545904788942133,1.1091809577884264,123.08100495267837,1
3.6740430193437703,0,1,9.589787641925799,4,1,3.0,4,1,2,1,9,0,12.0,6.0,2.0,6.4212768870898564,247.33623874479585,1
17.730610420176795,1,3,9.634694789911602,3,1,3.0,3,1,2,2,7,0,17.634694789911602,2.269389579823204,7.682652605044199,4.952042184867403,179.0943505243526,1
15.942491404766594,1,3,10.528754297616704,3,1,3.0,3,0,3,2,9,0,18.528754297616704,4.293131446425055,7.235622851191648,6.293131446425055,182.60800438963363,1
9.0,0,1,10.830722432105532,4,1,2.943574144035177,3,3,5,1,7,0,16.83072243210553,0.9435741440351771,1.0,0.11285171192964571,123.02000000000001,1
9.0,2,2,26.0,0,0,3.0,3,3,4,1,1,1,11.0,0.0,1.0,4.0,123.02000000000001,1
12.0,1,1,7.0,4,1,4.0,5,0,3,2,10,1,14.0,1.0,2.0,1.0,178.81,1
8.132861818626715,1,1,27.349646363970038,3,0,2.2167845453433213,2,3,3,0,5,1,11.216784545343321,0.0,1.2167845453433213,1.2167845453433213,124.010705372219,1
9.393510190670387,0,1,14.0,0,0,3.0,3,3,3,1,2,0,11.803244904664806,1.5902652860055815,2.180530572011163,1.3772856673463565,123.71454548653324,1
16.97312622822882,0,1,9.080621315313538,2,0,3.9865631141144107,5,0,1,1,2,0,16.98656311411441,2.0,2.0,3.0134368858855893,226.75463142110968,1
1.0,1,3,7.597839986845685,4,1,3.0,5,2,4,2,8,0,16.0,1.0,2.0,1.0,192.35,1
0.08196573464366219,2,1,9.081965734643662,4,0,2.081965734643662,3,2,3,0,1,0,18.59017132678169,1.0819657346436622,1.0819657346436622,1.9180342653563378,141.50426600604442,1
0.0,0,1,14.0,0,0,2.0,3,3,4,2,1,0,17.0,0.0,1.0,2.0,124.22,1
7.0,0,1,14.0,0,1,2.624979748376035,3,3,4,1,2,1,12.0,1.624979748376035,2.0,3.0,123.41999999999999,1
2.2767011548408638,2,1,13.0,4,1,4.0,4,4,5,0,7,1,22.361649422579568,1.6383505774204319,2.638350577420432,3.0,147.84294041126162,1
1.0,0,2,7.385708703791577,1,1,3.6928543518957886,4,4,3,1,4,0,16.0,1.6928543518957886,2.0,2.385708703791577,153.12863412143383,1
0.8596795850803329,1,3,16.0,4,0,3.719359170160666,4,1,5,1,3,0,17.859679585080332,1.4209612447590012,2.5612816596786683,3.4387183403213317,206.6534606656358,1
9.0,0,1,14.0,3,0,2.040527817044588,3,4,3,2,2,0,12.0,0.0,1.0,0.0,123.02000000000001,1
1.435425025956303,0,2,30.0,5,0,3.0,3,0,4,1,8,1,16.0,1.7822874870218484,2.0,2.3468624610655455,226.11978109655746,1
3.7355435255900664,1,1,15.911847841863356,3,1,3.0881521581366442,4,4,4,2,4,0,14.823695683726712,2.0,2.0,1.0,145.07950653972424,1
0.8054649668315159,2,1,28.41639490049455,4,0,3.0,4,3,3,0,5,1,11.805464966831515,1.0,2.0,2.0,146.177989425787,1
0.3588957214885624,2,1,14.0,3,0,3.0,3,3,5,1,7,1,20.179447860744283,1.0,1.1794478607442813,0.3588957214885624,124.03999999999999,1
0.3233553651801525,2,1,14.323355365180152,3,0,3.0,4,4,3,2,2,0,11.646710730360304,1.0,1.3233553651801526,1.6766446348198474,139.15274976738925,1
0.0,2,2,17.90814202701738,3,1,2.0,3,2,5,1,2,0,16.272094684678255,0.0,1.0,4.18371594596524,142.25720946846783,1
1.0,0,3,21.410758810656546,5,0,3.4017931351094246,4,2,1,1,3,1,21.3928274595623,2.7946205946717266,5.794620594671727,5.991034324452878,170.9425917345861,1
14.0,0,3,15.0,1,1,3.0,4,2,3,0,5,1,15.0,1.5778279715114358,2.0,4.0,192.96,1
9.0,0,1,14.0,0,1,3.0,3,3,3,2,2,0,12.0,0.6921258747256326,1.0,0.0,123.02000000000001,1
9.0,1,1,28.0,4,0,2.0,3,3,3,1,3,0,11.0,0.0,1.0,0.5227999205820387,123.02000000000001,1
4.0,2,1,8.0,4,0,3.0,5,3,1,1,5,1,13.0,0.0,1.0,0.0,127.78,1
7.0375168050890755,1,1,14.0,4,0,2.0187584025445378,3,3,4,1,5,0,11.981241597455462,1.0,1.0,2.0,123.60874495847328,1
0.9324889235898018,2,1,28.797466770769404,4,0,3.0,4,3,3,0,5,1,11.932488923589801,1.0,2.0,2.0,146.27071691422054,1
1.0,1,1,9.198402171461254,2,1,3.0,4,4,2,0,6,1,14.0,3.0,3.0,3.0,159.6247891668546,1
0.4022237348471124,1,1,18.39110506061155,5,1,2.4022237348471123,4,4,4,1,2,0,21.793328795458663,1.4022237348471123,1.4022237348471123,1.5977762651528877,139.6301638296137,1
4.718470836452464,0,2,30.593630358479626,4,0,3.0,3,2,4,0,3,0,13.062420238986418,0.46878988050679093,1.468789880506791,0.46878988050679093,141.77709537602934,1
1.0,1,3,12.411270792737962,4,1,3.7056353963689816,5,2,2,0,5,1,17.23381237821389,5.705635396368981,8.0,7.1169061891069445,185.7073857635093,1
1.0,2,1,15.155616143897431,3,0,3.0,4,3,3,2,3,0,12.922191928051284,1.0,2.0,1.0778080719487158,137.41392365868924,1
1.0,1,1,23.141994259352085,4,0,3.0,2,4,4,2,3,0,16.574017221943745,4.141994259352085,8.858005740647915,10.574017221943746,151.93444003486124,1
1.0,1,3,7.0,1,0,4.0,4,4,4,2,3,1,17.0,1.3042418638271958,2.0,5.0,157.02,1
4.696234222970547,0,3,10.696234222970547,4,1,2.1392468445941093,3,1,3,2,2,0,17.72150631081178,5.582259466217671,6.582259466217671,7.0,193.91761166972847,1
1.836025589878366,1,1,29.22401705991891,3,1,3.6120085299594553,3,3,4,1,2,0,14.387991470040545,2.5519658801621787,3.5519658801621787,5.163974410121634,163.16701919240876,1
1.0,0,1,9.306300996887538,3,1,4.0,4,4,2,1,7,0,14.0,1.3063009968875376,2.6936990031124624,3.0,163.16647008038248,1
0.0,0,1,13.391137179899413,3,1,2.6738921474874267,3,0,3,1,7,0,11.326107852512573,0.32610785251257346,1.3261078525125733,0.6522157050251469,200.02018792795727,1
1.0,2,1,30.85816808102404,4,0,3.0,4,4,3,1,6,1,14.787252121536062,1.0,2.0,3.8581680810240417,145.3537525978675,1
1.0,2,1,22.950611814577226,1,1,3.0,4,4,1,0,7,0,13.349796061807591,1.650203938192408,2.0,4.3497960618075915,148.91135928264723,1
0.0,2,1,14.0,1,0,2.0,3,3,5,2,6,1,11.0,0.13750349259841466,1.0,4.0,126.57,1
0.23307281189083495,1,3,19.0,3,1,2.46614562378167,3,2,5,0,3,0,17.46614562378167,0.4661456237816699,1.233072811890835,1.766927188109165,143.0292184356725,1
8.390374932420132,1,1,14.609625067579868,4,0,2.304812533789934,3,3,3,2,2,0,11.695187466210065,0.30481253378993434,1.0,0.6096250675798687,124.9525114642282,1
0.6296283449385927,0,3,13.111114965184221,4,1,3.6296283449385927,4,4,4,1,3,0,13.888885034815779,2.0,2.0,1.3703716550614073,143.8614817641135,1
3.590453825107346,0,2,31.863484608369117,4,1,3.1365153916308848,5,0,4,2,3,0,13.0,1.1365153916308848,2.0,3.0,215.43216274313312,1
1.0,0,3,31.0,1,1,3.1322879476510384,2,4,4,2,3,0,17.603136157046887,2.0,2.0,1.0,135.94571774586578,1
0.9775899603450432,0,2,13.0,4,0,3.0,4,3,3,0,2,0,17.022410039654957,1.0,1.977589960345043,1.0,148.5171712126896,1
0.0,2,1,6.834742707919268,4,1,3.0,3,3,3,2,1,0,12.747885938121097,1.0,1.0,1.1652572920807311,136.2774401827989,1
2.990948304693629,0,1,30.009051695306372,3,1,4.0,4,4,4,2,2,0,13.990948304693628,1.0,2.0,4.004525847653186,164.02076514747395,1
11.646058903463404,0,1,32.0,4,0,3.0,3,2,5,1,3,0,19.469088355195105,0.0,1.0,2.7345441775975523,142.84176970548268,1
1.4430345442262116,2,1,13.0,5,1,4.0,4,4,5,0,6,1,22.778482727886896,2.0,2.221517272113106,3.0,146.46322217069437,1
1.0,0,1,15.887675980193373,3,1,3.0561620099033133,4,4,4,2,2,1,23.0,2.0,2.0,2.887675980193374,148.294804634954,1
1.0,0,1,16.744360906204637,3,0,3.7443609062046384,4,4,4,1,3,0,22.233082718613915,2.0,2.0,1.0,143.4136090252812,1
0.0,1,1,14.0,0,0,2.0,3,3,4,1,1,0,17.0,0.0,1.0,0.9448727020011602,124.14614108914009,1
1.0,0,2,24.0,4,0,3.0,4,4,3,1,2,1,12.0,1.0,2.0,1.0,152.41,1
6.674597445179885,0,2,17.497620766446033,4,1,2.1674597445179886,3,0,4,2,1,0,12.669838978071954,5.3301610219280455,2.0,9.82778178837408,236.5618447533306,1
16.0,1,1,8.0,2,0,3.0,4,0,1,1,1,0,16.0,0.5374064528948469,1.0,9.0,201.69,1
2.933464057661283,0,1,30.066535942338717,3,1,4.0,4,4,4,2,2,0,13.933464057661283,1.0332679711693584,2.0,4.033267971169359,163.8986111225302,1
3.6343357524031887,0,2,6.365664247596811,4,0,3.1218880825322706,3,2,1,1,8,1,11.365664247596811,1.0,1.243776165064541,4.756223834935459,160.2091237089989,1
16.920693302960263,0,3,8.168277321184105,4,1,3.0,4,2,2,2,5,0,16.168277321184107,1.0,5.504831963552315,2.7524159817761573,174.80347901375765,1
0.9368700907920335,0,1,32.0,3,0,3.873740181584067,4,3,3,1,2,0,20.12625981841593,5.747480363168134,7.6843504539601675,8.936870090792034,145.21116181271088,1
0.0,0,1,14.0,4,0,2.3967550564555293,3,3,3,2,2,0,21.190265169366587,1.0,1.6032449435444707,1.2064898870889413,125.64296476362304,1
9.0,1,1,15.474006265948445,4,0,2.0,3,3,5,2,3,0,13.525993734051555,0.5259937340515549,1.0,0.0,123.02000000000001,1
6.194933543707542,2,1,11.805066456292458,4,1,3.4512666140731145,4,4,5,0,5,0,13.902533228146229,1.5487333859268855,2.0,3.4512666140731145,147.7355174364167,1
0.0,1,1,28.52330057038765,3,1,2.8691748574030873,3,2,2,0,2,1,15.392475427790739,3.0,6.130825142596913,7.0,161.31117997809528,1
0.5300624550517324,1,1,9.939875089896535,4,1,3.0601249101034647,4,3,3,2,3,0,11.530062455051732,1.5300624550517323,1.5300624550517323,1.9398750898965351,158.71745051667466,1
2.1280781500878265,1,1,8.467980462478044,4,0,3.0,4,3,1,0,3,1,12.064039075043913,0.0,1.0,0.0,128.13098534685852,1
10.178581509216668,0,2,14.0,2,0,3.0,3,3,3,0,2,1,11.0,1.0,4.535744527650003,7.0,125.10019636376742,1
12.364753243391029,0,1,7.0,4,1,3.817623378304486,4,0,3,2,9,1,14.182376621695514,1.1823766216955138,2.0,1.0,177.6190806603283,1
1.0,2,1,31.104943396000166,3,1,3.0,4,4,4,1,3,1,18.3148301880005,1.0,2.104943396000167,1.2098867920003338,148.98030377379985,1
20.0,1,1,29.0,3,0,3.0,3,0,1,0,2,0,12.0,6.0,9.0,6.0,203.12,1
0.0,1,3,6.0,1,0,3.0,3,3,3,1,2,0,15.673546578131392,1.0,1.0,3.3470931562627815,131.06349147392498,1
0.0,1,1,6.412085237906023,5,1,3.0,3,3,2,2,2,1,12.725276508062652,5.137361745968674,7.2747234919373485,7.862638254031326,127.76933475831264,1
5.0,0,3,18.0,4,1,2.0,3,1,5,2,1,1,12.0,3.107479877968049,2.0,11.0,237.57999999999998,1
0.0,2,1,14.0,0,0,3.0,3,3,4,0,5,0,16.046063063681977,0.0,1.0,0.9539369363180226,125.39182666575068,1
9.0,1,1,15.069175925009885,4,0,2.0,3,3,5,2,3,0,13.930824074990115,1.0,1.0,0.0,123.02000000000001,1
9.0,2,1,23.0,4,0,3.0,3,3,4,0,2,0,13.0,0.33920147030908965,1.0,0.0,123.02000000000001,1
1.492725768626483,0,1,8.492725768626483,3,0,3.0,3,1,4,1,4,0,11.74636288431324,1.0,2.507274231373517,5.507274231373517,173.78080977527497,1
1.0,0,1,12.753713041671084,1,0,3.311571739582229,4,4,3,1,4,1,13.376856520835542,3.246286958328916,8.311571739582229,8.0,158.41804145656238,1
0.0,2,2,14.0,6,1,2.0,4,3,5,1,5,1,15.0,1.1543464777226577,2.0,0.0,123.35,1
1.7403967162915215,1,3,8.480793432583043,3,0,2.2596032837084783,3,2,3,1,5,1,18.51920656741696,1.2596032837084785,1.2596032837084785,0.7788098511254355,152.54095403589926,1
0.0,1,3,6.006575028449799,3,1,2.0,4,0,2,0,5,0,11.0,1.0082187855622484,9.0,7.00164375711245,206.08656454763496,1
0.0,2,1,14.0,4,0,3.0,3,3,1,0,2,1,11.0,1.0,1.0,0.0,125.15,1
1.0,0,1,13.71228444287722,3,1,4.0,4,4,3,2,3,0,13.858477038081853,2.0,2.0,1.0,143.92839798504934,1
1.042590284068955,2,1,14.0,0,0,3.0,3,3,4,1,7,0,18.606475710172386,1.0,1.5212951420344774,1.5212951420344774,124.71976089831104,1
1.0,0,2,15.862076142576598,5,0,3.137923857423403,4,4,1,1,3,0,14.586228427729791,1.137923857423403,2.0,3.0,148.03276888388453,1
0.0,0,3,14.894594714043834,3,0,2.0,3,3,1,2,2,0,13.105405285956166,0.0,1.0,0.21081057191233388,123.04213511005081,1
3.2152937625349023,0,3,11.0,3,1,3.0,4,1,4,2,2,0,20.784706237465098,4.107646881267451,6.661470321901177,3.0,219.56282078976145,1
2.0,1,3,9.0,3,0,2.0,3,2,3,0,5,1,18.0,1.0,1.0,0.0,152.38,1
1.0,1,1,12.0,1,1,3.0,4,4,3,2,3,1,14.0,2.437214035655674,3.0,3.0,159.41,1
0.3555437748459789,0,1,8.82222811257701,1,0,2.822228112577011,3,3,5,2,1,0,22.17777188742299,0.0,1.0,3.2889124503080422,131.98707906758108,1
0.0,1,3,21.247151344117793,3,0,2.2471513441177935,4,2,1,1,6,0,14.247151344117794,1.0,1.7528486558822063,2.0,154.11330444082336,1
1.465718374663662,1,1,29.801422438004508,2,1,3.0,3,3,4,2,1,0,12.465718374663663,0.267140812668169,1.0,3.267140812668169,137.90465154616027,1
0.0,0,1,31.75238495653911,3,0,2.0,4,2,3,2,1,0,22.123807521730445,2.876192478269556,3.7428451303826638,8.247615043460888,145.19266484477473,1
1.0,1,3,8.277215399378479,4,1,3.7227846006215213,5,2,4,1,4,0,12.277215399378479,2.2772153993784787,5.891138402486085,3.0,222.67502572080045,1
1.0,0,2,15.0,6,0,4.0,5,4,1,1,8,0,12.0,2.0,2.0,3.0,146.8,1
0.0,2,1,13.411125423299382,0,0,2.294437288350309,3,3,5,2,5,0,11.0,1.0,1.0,3.705562711649691,127.46214498370144,1
0.30770281338984384,1,2,9.0,4,0,3.0,3,2,3,1,9,0,14.307702813389843,1.0,2.0,0.9231084401695315,145.66230401531357,1
0.0,0,3,19.0,1,0,2.2421746503474704,3,2,4,1,6,0,11.48434930069494,0.4843493006949411,1.2421746503474704,0.4843493006949411,158.54362445978217,1
0.2920143715985093,2,1,24.146007185799256,5,0,3.0,3,3,2,2,2,0,19.21901077869888,0.9269964071003727,1.0,0.14600718579925465,127.25632606026134,1
1.0,1,3,9.23208574104303,4,1,3.0,5,0,1,1,4,0,12.0,4.511942839304647,5.279857098261616,3.0,228.9769588318126,1
0.0,0,1,14.0,0,0,2.0,3,3,4,1,1,0,17.0,0.0,1.0,1.4220019238996224,124.17954013467298,1
14.0,1,3,10.0,5,1,3.0,5,4,3,0,3,1,15.0,1.7655005223259064,2.0,3.0,151.83,1
1.0,1,2,18.749379016724156,3,0,3.250620983275844,3,4,4,2,3,0,16.0,1.0,2.0,1.0,151.8692796594,1
9.0,0,3,18.0,4,1,3.0,4,3,5,0,2,0,18.0,1.0,1.0,0.0,123.02000000000001,1
0.0,0,1,12.108028957491578,4,0,3.0,3,3,1,1,2,1,17.783942085016843,0.0,1.0,0.21605791498315852,129.21678841700336,1
10.53472672322645,0,2,14.0,1,0,3.0,3,3,3,0,2,1,11.0,1.0,5.60418016967935,7.0,125.7287926664947,1
1.0,0,1,11.499478411825368,1,0,3.2497392059126846,4,4,4,2,3,0,19.750260794087314,1.7502607940873154,2.0,1.0,154.61262257322102,1
9.0,0,1,17.64704004104247,0,0,2.7254933264929218,4,3,4,1,2,1,23.0,1.5490133470141565,1.5490133470141565,0.0,123.03372533367536,1
1.0,1,1,30.12600807714885,3,1,3.624663974283717,4,2,2,1,3,1,17.12600807714885,4.123319871418584,7.375336025716283,8.0,185.4162701458784,1
9.0,2,1,23.324656897854858,4,0,2.9188357755362855,3,3,4,1,2,0,13.0,0.9188357755362855,1.0,0.0,123.02000000000001,1
1.0,1,1,9.0,3,1,3.452202479103539,4,4,1,1,5,0,13.095595041792922,1.5477975208964612,2.547797520896461,2.0955950417929223,159.73496252061173,1
3.217274265978859,1,2,29.260908578007047,4,1,3.739091421992953,5,2,3,0,4,1,13.260908578007047,2.0,2.0,1.2609085780070468,187.5893841980473,1
15.567430284783738,2,1,14.0,3,1,2.3134860569567475,3,3,3,0,9,0,11.686513943043252,2.5674302847837374,4.194402398697232,7.313486056956748,124.22754701051278,1
0.0,0,3,32.0,5,1,3.0,3,2,1,1,2,1,11.0,0.0,1.0,8.0,156.17,1
0.0,0,3,6.877452126603169,1,0,3.0,3,3,3,1,3,0,15.122547873396831,1.0,1.0,2.2450957467936625,129.4490652690527,1
1.0,2,3,29.0,5,1,3.0,4,4,3,2,3,1,20.0,1.2268164987412418,2.0,1.0,141.75,1
8.343175485877852,1,1,14.671587742938925,4,1,2.0,3,3,5,1,4,0,13.343175485877852,1.0,1.0,0.656824514122148,123.21704735423666,1
0.0,2,1,10.095167475448093,1,0,2.0,3,3,2,0,2,1,14.936555016367938,4.968277508183969,5.0634449836320625,6.031722491816031,136.79833682880758,1
0.46503332659055596,2,1,18.39509997977167,4,0,3.0,5,2,4,1,6,0,15.465033326590556,1.930066653181112,1.930066653181112,0.46503332659055596,148.03971932942252,1
0.0,0,3,14.0,5,0,2.0,4,3,3,1,1,0,16.075395449829706,0.9623022750851472,1.0,0.0,123.5333725894472,1
1.0,1,3,7.0,4,1,3.0,5,0,3,0,7,0,12.0,5.232271268464091,9.0,3.0,231.08999999999997,1
0.0,2,1,24.0,6,0,3.0,2,3,3,1,1,0,17.641449048919917,1.0,1.0,0.0,128.7164945006703,1
1.0,0,1,32.0,3,1,4.0,5,2,5,2,7,0,20.12485874823584,1.0,2.437570625882079,3.562429374117921,170.83735878729223,1
0.0,0,2,29.441109385362196,4,0,3.0,4,3,2,1,2,0,13.441109385362195,1.0,1.0,0.0,124.58768817405905,1
1.0,2,1,29.0,4,0,3.0,4,4,3,0,6,1,12.0,1.0,2.0,2.0,146.32,1
1.0,2,1,9.0,4,1,4.0,4,4,4,2,3,0,13.0,1.8865025266419027,2.0,1.0,138.93,1
0.0,0,2,24.99321247106532,4,0,3.0,3,3,3,1,1,0,11.398642494213064,0.39864249421306397,1.0,0.0,127.89634384293993,1
0.0,1,1,12.411232819467033,0,1,2.862922393510989,3,3,5,2,3,0,11.0,0.862922393510989,1.0,2.588767180532967,129.8906045257567,1
0.7329249925436676,1,1,18.06830002982533,3,1,2.7329249925436674,5,3,1,1,8,0,14.0,1.0,2.0,3.465849985087335,157.83008896510438,1
0.0,1,3,30.396017230773428,4,0,2.0,3,0,3,0,2,0,17.188051692320286,0.4653390769244762,2.0693218461510474,9.534660923075524,174.76997740308116,1
18.435045719354815,1,3,9.282477140322593,3,1,3.0,3,1,2,2,6,0,17.28247714032259,1.70619285080648,7.858761429838704,4.423715710483888,177.71013516146778,1
0.0,0,2,16.0,3,1,2.3258813426157903,3,0,4,1,9,0,15.044711944305257,3.0223559721526287,4.370593286921048,0.0,202.21922613605125,1
0.0,1,3,6.045957734921914,1,0,3.0,3,3,3,1,2,0,15.954042265078085,1.0,1.0,3.9080845301561715,131.8853438366788,1
0.0,0,1,9.487518007125534,3,0,2.8781204982186166,3,3,4,1,2,1,11.243759003562767,5.390602491093082,8.756240996437233,7.0,133.46903084483966,1
1.0,1,2,31.94517479082948,3,1,3.018275069723506,4,2,1,1,3,1,18.94517479082948,4.0,7.981724930276494,8.0,183.19688675518802,1
1.0,1,1,7.287593942265428,3,0,3.0958646474218092,4,3,1,1,10,0,15.0,2.9041353525781908,3.0,2.8082707051563816,172.6686842404142,1
0.0,0,1,16.205945998443617,3,0,2.9313513338521275,3,0,3,1,6,0,11.0,0.13729733229574448,1.0686486661478722,0.13729733229574448,200.3468215876731,1
1.0,1,2,25.991889195947493,5,1,3.0,4,4,4,1,2,0,18.991889195947493,1.0081108040525084,2.0,1.0,149.1740416660051,1
0.0,1,3,16.0,3,1,2.0,4,0,5,1,10,0,17.0,0.19441255208357555,6.0,0.0,203.06,1
1.7259581799273587,2,1,14.0,0,0,3.0,3,3,5,1,7,1,20.86297908996368,1.0,1.8629790899636793,1.7259581799273587,124.03999999999999,1
1.0,2,1,23.462415374307433,2,1,3.0,4,4,2,1,5,0,13.537584625692565,2.0,2.0,3.462415374307434,148.70225507754154,1
0.18492029746714433,1,2,10.630159405065712,4,1,2.3698405949342884,4,2,3,2,2,0,11.184920297467144,0.18492029746714433,1.1849202974671442,2.6301594050657116,157.8856579168958,1
1.0,1,1,13.715534480909641,4,0,3.57184482696988,5,4,4,1,3,1,13.284465519090359,1.0,2.0,8.0,147.24754327738438,1
1.0,2,1,15.0,6,1,4.0,5,4,5,0,3,1,12.0,1.9385748707401673,2.0,8.0,146.19,1
1.0,2,1,30.55215082440682,4,0,3.0,4,4,3,1,6,1,14.32822623661023,1.0,2.0,3.552150824406821,145.51288157130844,1
9.0,2,1,13.636727203601101,5,1,3.0,4,3,5,1,2,1,12.089818389196699,0.0,1.0,5.546908814404402,123.02000000000001,1
17.75459000098422,1,2,8.561352499753944,4,0,2.561352499753945,4,5,2,0,5,0,15.561352499753944,5.561352499753945,7.87729500049211,9.12270499950789,291.97,1
0.0,2,1,14.180029934328854,4,0,2.0225037417911067,2,3,3,2,2,0,13.06751122537332,3.9774962582088933,7.045007483582213,7.090014967164427,124.01853805885096,1
9.768537417264074,0,2,32.0,4,0,4.0,4,2,5,1,4,0,16.152806125896113,1.0,2.0,1.5764030629480565,167.8561573129137,1
1.0,0,2,7.737409944311946,4,0,3.0,4,4,4,1,3,1,12.0,2.4748198886238923,2.7374099443119464,2.4748198886238923,148.06464030946697,1
0.5370413147419743,0,2,31.462958685258027,3,1,3.537041314741974,4,3,2,2,2,0,13.148165258967897,1.0740826294839485,1.5370413147419741,2.388876055774077,135.53648742749135,1
6.320004478791313,1,2,15.320004478791313,4,0,2.320004478791313,4,2,3,2,8,0,12.839997760604344,1.1600022393956566,1.1600022393956566,3.0,153.6040020154561,1
0.0,0,1,12.678645671311422,4,0,2.660677164344289,4,3,1,2,2,0,18.678645671311422,0.6786456713114222,1.339322835655711,0.6786456713114222,128.2386382646763,1
14.0,0,3,12.962293789413213,1,1,3.291100887226684,4,2,3,0,6,0,14.417798225546631,2.0,2.0,3.4177982255466324,192.76205139668585,1
0.006216024621827909,0,2,29.018648073865485,5,0,2.006216024621828,3,0,4,1,9,0,15.049728196974623,1.0,1.006216024621828,2.0497281969746233,199.51174828653527,1
1.3707421821296024,2,1,14.0,0,0,3.0,3,3,4,0,7,0,19.426855455324006,0.6853710910648012,1.6853710910648012,1.6853710910648012,124.48677305068797,1
1.0,0,1,13.977947395348098,3,0,4.0,5,4,1,1,2,1,18.674017534883966,1.3259824651160326,2.0,1.0,155.76603898883607,1
1.0,1,1,15.467055407542853,3,0,4.0,4,4,5,1,3,1,17.688629728304765,1.0,2.0,1.0,149.29448397441217,1
1.0,0,1,12.831615166701344,3,0,3.9158075833506722,4,4,1,2,3,0,19.084192416649326,1.0841924166493278,2.0,1.0,154.2995704358252,1
1.0,0,1,7.0,3,1,3.282067309059898,4,4,3,1,3,0,16.282067309059897,1.7179326909401018,2.282067309059898,1.0,150.1053360535485,1
0.0,1,3,21.283607923417136,3,0,2.2836079234171365,4,2,2,1,6,0,14.283607923417136,0.28360792341713625,1.7163920765828637,2.0,154.07101480883614,1
1.0,0,2,15.326282151568947,5,0,3.6737178484310533,4,4,1,1,6,0,12.97884645470684,2.0,2.0,3.0,147.2665834767436,1
1.0,2,2,28.979241967876035,6,1,3.0,5,4,3,1,3,0,12.04151606424793,1.0207580321239642,2.0,1.0,140.66749046182164,1
19.04354391068604,1,1,11.804429888357548,2,0,2.2391140223284904,4,0,4,0,6,0,14.47822804465698,3.282657933014529,4.043543910686038,9.0,200.46497357594887,1
2.0,2,1,14.0,0,1,3.0,3,3,5,0,8,1,21.0,1.0,2.0,2.0,124.03999999999999,1
1.406042936191763,0,1,8.593957063808237,4,0,3.864652354602746,3,3,1,1,8,1,13.593957063808237,1.0,2.7293047092054916,3.2706952907945084,161.91005389204028,1
0.0,0,1,13.237321228949078,3,0,3.0,3,3,3,0,2,0,15.881339385525461,0.2373212289490776,1.1186606144745388,2.0,128.68912871515667,1
16.0,1,3,30.0,4,1,3.0,3,0,5,2,7,1,13.0,0.3437530242718485,2.0,2.0,204.48,1
1.0,2,1,7.0,4,0,3.0,5,4,5,0,3,1,12.0,1.0,2.0,1.0,148.19,1
13.262119584831257,0,3,6.262119584831257,4,1,3.0,3,2,3,1,7,0,12.786358754493772,1.0,1.2621195848312576,1.0,168.5905979241563,1
1.0,1,3,9.139002205199077,4,1,3.0,5,1,3,1,8,1,12.860997794800923,2.2780044103981556,3.139002205199078,3.0,224.65102921773214,1
13.0,1,3,32.0,5,1,2.0,4,0,5,1,5,1,13.0,1.119857849867003,2.0,0.0,208.54000000000002,1
0.0,0,2,29.0,6,0,2.0,3,0,5,1,10,1,15.0,1.0,1.0,2.0,199.5,1
1.0,0,1,10.212285641668592,3,0,3.0,4,4,2,1,3,0,13.636856925005773,3.4245712833371824,7.575428716662818,7.787714358331408,165.00571742824243,1
20.11555837668063,1,1,8.115558376680632,4,1,2.1155583766806316,3,5,4,2,8,1,15.0,6.0,9.0,8.115558376680632,291.97,1
9.0,2,1,30.83642092298564,4,1,2.0,4,3,3,2,2,0,12.327158154028721,0.0,1.0,1.327158154028721,123.02000000000001,1
1.0,1,3,15.00493129952553,5,0,3.0,4,4,4,2,3,0,14.0,2.004931299525531,2.5024656497627653,2.004931299525531,152.19699717630783,1
0.0,1,3,7.985618764015847,4,1,2.014381235984153,4,2,4,1,7,0,11.985618764015847,1.0,2.057524943936612,2.0719061799207648,199.04224421455058,1
4.0,1,3,32.0,5,1,3.0,5,0,4,2,4,1,13.0,1.8029813013091038,2.0,3.0,215.94,1
0.9807938054145848,2,1,13.03841238917083,3,0,3.9615876108291697,2,4,5,0,3,0,22.0,1.9807938054145848,1.9807938054145848,1.0576185837562457,141.02901413263956,1
2.817778586242742,2,1,14.394073804585753,4,1,4.0,4,4,5,1,4,1,13.817778586242742,1.0,2.0,5.576295218343011,146.4747853118447,1
1.0,1,1,8.007416774168142,4,0,3.5037083870840706,4,4,3,2,3,0,13.0,2.0,2.0,1.0,138.7612608516086,1
1.0,0,1,16.87841586304496,3,0,3.0,5,4,3,2,2,0,21.243168273910076,2.0,2.8784158630449617,3.0,150.88038422365668,1
1.0,0,1,15.905033579369197,1,0,3.0,4,4,3,0,3,0,16.047483210315402,1.9525167896845987,2.9525167896845987,3.0,152.48837582285418,1
0.0,2,3,15.0,4,1,3.0,4,4,5,0,4,0,12.0,1.2454630840975396,2.0,2.0,144.0,1
0.0,0,1,21.109094140531425,4,0,2.5545470702657123,4,4,4,1,2,1,22.445452929734287,2.6636412107971363,3.772735351328561,4.772735351328561,138.40600284366766,1
0.0,1,3,8.18444279866288,4,1,2.4077786006685598,4,0,3,0,2,0,11.0,2.184442798662881,4.223335802005678,7.0,200.7584727499151,1
0.7009353650179992,2,2,15.700935365018,2,1,3.0,4,3,1,1,2,0,14.897193904946002,1.0,1.7009353650179992,0.7009353650179992,135.23280525448473,1
8.0,1,1,9.611452857996397,3,1,3.1942735710018013,4,4,4,1,5,0,13.0,2.1942735710018013,2.1942735710018013,3.1942735710018013,148.58114528579964,1
9.0,1,3,15.0,4,1,2.447201032216438,3,0,1,1,3,0,13.23600516108219,3.552798967783562,4.0,4.788804128865753,198.82685107632759,1
11.0,0,3,16.0,4,1,3.0,5,1,3,1,9,0,12.0,2.68071494113086,2.0,11.0,254.36,1
1.0,1,1,8.345274651501557,3,1,3.0,4,4,1,1,9,0,16.03582395450467,3.0,3.0,2.654725348498443,171.4716376614187,1
0.5887959327881459,0,1,20.177591865576293,5,0,2.588795932788146,3,0,1,2,2,1,12.177591865576291,3.7663877983644376,5.532775596728875,5.532775596728875,199.7117039062484,1
7.683187329926593,0,3,17.990087602044046,4,1,3.0,4,1,4,1,4,0,12.66336253401468,1.3366374659853186,6.643537738102769,11.0,259.8128400296007,1
1.0,0,1,31.11822241207246,4,1,3.88177758792754,4,4,1,2,3,1,23.0,1.88177758792754,2.0,1.11822241207246,149.81087178697794,1
3.9925119471756183,0,2,20.20449283169463,3,1,3.0,4,0,4,1,4,1,13.0,1.0,8.598502389435124,9.79550716830537,261.985783536364,1
2.4481002342586056,0,1,31.793128537963057,4,1,3.0,4,4,2,1,3,1,23.0,1.7931285379630564,2.0,1.7931285379630564,153.7071495510552,1
0.0,0,3,14.220508787136648,4,0,2.0,3,3,1,2,2,0,13.779491212863352,0.0,1.0,1.558982425726704,123.1836931547013,1
0.0,1,2,10.628076984885166,4,0,3.0,3,3,2,1,1,1,12.628076984885166,0.8140384924425823,1.0,0.0,128.51371923015114,1
1.0,0,1,10.098362680167137,4,0,3.0,4,4,2,0,2,1,12.098362680167137,1.0491813400835686,2.0,1.0,153.52901637319832,1
18.740614222482616,0,1,13.419795259172462,2,0,2.209897629586231,4,0,4,1,7,1,14.20989762958623,1.0,4.370307111241308,7.950511852068846,198.58552887734604,1
3.9563256813993277,0,1,9.0,4,0,3.0,5,4,2,1,6,0,14.260918579650168,1.0,2.0,1.0,152.7982643005755,1
1.0,0,2,15.030384061095662,1,1,3.030384061095662,4,2,5,1,7,0,18.0,1.969615938904338,2.0,3.15192030547831,178.26607681221913,1
19.0,1,1,20.0,4,0,3.0,3,4,4,0,10,1,18.0,1.5305828594699487,4.0,3.0,149.63,1
13.0,0,3,6.300403466976472,4,1,3.0,3,2,3,1,8,0,12.0,1.0,1.0,1.0,167.28,1
9.0,2,1,28.0,4,0,2.0,3,3,3,0,5,1,11.0,0.0,1.0,1.0,123.02000000000001,1
13.420884588816028,0,1,14.115823082236794,4,1,2.0,4,0,1,1,3,0,14.536707671052824,1.3474692467103828,1.3474692467103828,3.0,205.85834012440816,1
1.0,0,3,21.470218817099965,3,0,3.294043763419993,4,2,4,0,3,0,18.294043763419992,1.8821312902599785,2.5880875268399857,3.0,168.4503067386302,1
17.97786834403057,0,1,14.50368860932824,3,0,3.0,5,0,2,1,6,0,15.50368860932824,3.4889341720152833,3.9852455626870444,3.503688609328239,228.3136808718873,1
1.0,2,1,28.51254807914758,2,1,3.1708493597158602,4,4,2,1,3,0,20.65830128056828,2.0,2.0,1.0,148.70678573690515,1
0.0,1,3,22.0,4,0,3.0,3,0,3,1,3,0,16.44300796934364,0.4918582813348057,1.0,0.0,183.59218887377926,1
0.0,2,2,8.240482708537824,3,0,2.620241354268912,3,2,2,1,10,0,14.0,1.379758645731088,2.0,0.7595172914621757,146.56749315603528,1
1.0,2,1,31.477742126399537,4,1,3.0,5,4,3,2,5,0,14.044515747200927,1.0,2.0,3.0445157472009283,146.54601663495876,1
12.0,1,3,17.0,5,0,2.0,3,0,1,0,2,0,18.0,0.0,7.0,7.0,176.54,1
2.624210153567179,1,2,29.696090065814506,5,0,3.0,4,3,3,1,3,0,12.464060043876337,0.7679699780618315,1.7679699780618314,0.7679699780618315,141.08598935067718,1
9.0,0,1,14.0,4,0,2.371433599352717,4,3,2,1,3,0,11.628566400647284,0.3714335993527168,1.0,0.7428671987054336,123.02000000000001,1
0.0,0,1,32.0,1,1,3.0,4,3,4,2,1,0,11.0,0.6332632016094104,1.0,4.0,134.79,1
19.549717516168474,2,1,14.0,2,1,2.4502824838315256,3,3,2,2,3,0,19.848022613179317,0.0,1.0,0.0,125.27630508253804,1
9.0,2,1,23.0,4,0,3.0,3,3,4,0,2,0,13.0,0.4688905036624724,1.0,0.0,123.02000000000001,1
0.0,2,1,18.01712933518085,3,0,2.7457176662047873,4,2,3,1,6,0,14.745717666204786,0.7457176662047873,1.0,0.0,147.91494093026327,1
0.8259409191119182,1,1,9.348118161776164,4,1,3.6518818382238365,4,3,3,2,3,0,11.825940919111918,1.6518818382238365,1.8259409191119182,1.3481181617761635,159.43051761505973,1
0.0,0,1,16.0,3,1,2.696561402144046,3,0,3,1,7,0,12.820631587135722,1.9103157935678614,2.5171929892797693,0.0,201.26287158246836,1
0.0,0,2,28.151854022308633,5,0,3.0,4,3,3,1,2,0,12.151854022308633,1.0,1.0,0.0,128.20404946742428,1
1.0,2,1,15.359351823705598,3,0,3.0,4,3,3,2,3,0,12.820324088147201,1.179675911852799,2.0,1.179675911852799,137.15721670213097,1
1.0,2,1,29.876272420380964,4,0,3.0,4,4,3,1,6,1,13.314408630571444,1.0,2.0,2.876272420380963,145.8643383414019,1
9.0,1,1,14.342812145287473,4,1,2.328593927356263,3,3,5,2,4,0,14.0,0.6714060726437369,1.0,0.9857817820687895,123.02000000000001,1
0.0,0,1,14.0,0,0,2.073691723078804,4,3,5,2,1,0,21.926308276921198,1.0,1.0,1.852616553842392,123.21294766892316,1
0.0,2,3,14.238336088486117,5,0,3.0,4,3,4,2,2,0,13.0,1.0,1.6191680442430583,1.2383360884861168,127.29152611583687,1
0.0,2,3,15.525579156060509,4,0,3.0,4,3,4,2,2,0,13.35038610404034,0.8248069479798307,1.8248069479798308,1.6496138959596613,127.52291505711112,1
10.244757985640051,1,3,15.933568489230039,3,0,3.0,4,0,1,1,2,0,16.93356848923004,2.3776210071799744,5.244757985640051,7.311189496410013,197.85486380579357,1
0.0,0,3,32.0,4,1,2.5519363610604664,3,2,1,1,2,1,14.136445472576735,0.0,3.6883818336372007,7.551936361060466,157.04820473232147,1
4.032647218338587,0,1,11.27448541375394,4,1,3.7581618045846468,4,4,5,1,8,0,17.27448541375394,1.0,2.0,1.4836763908307062,145.91280517298,1
1.0,1,3,10.574002480531572,3,1,3.0,5,0,1,0,3,0,12.0,5.148004961063144,6.87001240265786,3.0,228.6805018603987,1
9.838714124168579,0,3,15.838714124168579,3,1,3.9677428248337154,4,0,1,2,3,0,17.06451435033257,4.032257175166285,5.096771525498853,3.0,221.104841057561,1
0.0,0,3,19.0,2,0,2.3422346167274,3,2,4,1,6,0,11.6844692334548,0.6844692334547999,1.3422346167274,0.6844692334547999,158.91284573572412,1
10.74241847864404,1,1,9.0,4,1,2.43560461966101,3,3,3,1,2,0,13.43560461966101,0.4356046196610104,1.0,0.8712092393220208,124.67965360090847,1
6.0,0,1,14.0,1,1,2.0,4,3,3,1,10,1,16.0,1.0,1.0,0.0,124.37,1
1.0,1,3,23.0,5,1,4.0,4,0,3,1,4,0,14.0,1.5865117810374487,2.0,1.0,206.61,1
3.0,1,3,28.0,5,1,3.0,4,2,3,0,3,1,12.0,1.0,1.0,0.0,163.8,1
1.0,0,1,14.0,4,0,3.0,4,4,3,0,3,1,17.0,1.0,2.0,3.0,153.86,1
3.2986750481076443,0,1,16.0,4,0,3.7126656189865446,3,1,4,1,6,0,18.86200314304037,1.0,1.7126656189865446,7.712665618986544,176.9313810930084,1
4.965800042042163,1,1,16.261559924324104,2,0,2.3863200168168657,3,5,3,1,2,0,15.0,1.1931600084084328,7.647879941140971,8.579480025225298,291.97,1
0.0,2,1,15.0,3,0,2.0,3,4,5,2,8,0,22.0,1.0,1.0,4.0,142.0,1
1.0,1,1,25.0,6,0,4.0,4,4,1,2,3,0,20.0,2.0,2.0,1.0,151.93,1
8.621775484756656,1,3,8.621775484756656,5,0,3.6217754847566552,5,5,4,2,3,1,15.378224515243344,1.6217754847566552,1.6217754847566552,11.0,290.5592225581423,1
1.0,0,3,14.55188044645676,5,0,3.0,4,4,2,1,2,0,15.965413035695494,1.0,2.0,2.0345869643045065,148.36515782499737,1
0.0,1,1,13.239322193181433,0,1,2.586892602272856,3,3,5,2,3,0,11.0,0.0,1.0,1.7606778068185673,130.47578768318155,1
1.0,0,1,9.199345489471183,3,1,4.0,4,4,1,0,7,0,14.0,2.8006545105288168,2.8006545105288168,3.0,162.83597756246596,1
9.0,1,1,14.587633512725318,4,0,2.0,3,3,4,2,3,0,13.175267025450637,0.5876335127253189,1.0,0.0,123.02000000000001,1
1.0,0,2,18.0,5,0,3.072276947573177,2,2,3,1,9,0,13.21683084271953,2.0,2.0,2.855446104853647,172.12059386330122,1
1.0,1,1,9.151571725548823,4,0,3.0,4,4,3,2,3,0,13.575785862774412,1.0,2.0,1.0,138.9412293762924,1
0.29269090211777615,0,1,31.560963646823335,0,1,3.0,3,3,4,2,1,0,11.292690902117776,0.8536545489411119,1.0,3.853654548941112,135.41196816700025,1
1.6482774938726683,0,2,25.274712915645445,4,1,3.0,2,2,2,1,8,1,13.0,1.5494258312908895,1.5494258312908895,3.725287084354555,152.91637918795954,1
0.36039404005411124,0,2,17.918817879837665,1,0,2.3603940400541115,3,2,4,2,5,0,11.36039404005411,0.36039404005411124,1.3603940400541112,0.36039404005411124,157.31483354274968,1
4.0,2,1,16.0,4,1,3.0,4,4,5,2,5,0,15.0,2.0,2.0,1.0,145.18,1
9.0,0,3,6.797850600774729,3,0,2.0,4,3,3,2,2,0,11.79785060077473,0.20214939922527075,1.0,0.4042987984505415,123.02000000000001,1
9.0,0,2,6.0,2,0,2.545490340494836,3,3,3,2,1,0,12.363528978515493,0.5454903404948357,1.0,3.363528978515493,123.02000000000001,1
0.20705708338303286,2,1,14.585885833233935,3,0,2.4141141667660655,2,4,5,1,6,0,22.0,1.0,1.2070570833830327,3.3788287498509013,141.7950134874508,1
0.5439731112849675,1,3,8.17589244513987,4,0,3.087946222569935,4,2,3,2,8,0,15.0,1.087946222569935,2.087946222569935,0.5439731112849675,169.21038804059458,1
0.0,2,1,19.91560877712491,3,0,2.768400975236101,2,3,4,1,2,0,15.305202925708302,2.536801950472202,8.536801950472203,10.073603900944404,128.81033018759285,1
1.0,1,1,29.45322839157178,3,1,3.8489238694760726,4,2,2,1,3,1,16.45322839157178,5.697847738952145,7.151076130523927,8.0,186.23706136228242,1
0.3972714728404597,2,1,16.0,1,1,2.3972714728404596,4,3,1,1,6,0,13.39727147284046,0.3972714728404597,1.3972714728404596,2.205457054319081,134.767279648014,1
1.0,0,3,15.263348122166526,5,0,3.0,4,4,1,1,2,0,15.491101251888981,2.0,2.0,2.508898748111018,148.29875417526443,1
9.0,2,1,30.812326180247062,4,1,2.0,4,3,3,2,2,0,12.375347639505877,0.0,1.0,1.3753476395058768,123.02000000000001,1
1.0,1,1,31.657161035194548,1,0,3.6571610351945494,4,4,4,1,5,0,17.342838964805452,1.6571610351945494,2.0,1.6571610351945494,149.98688222856848,1
1.0,0,2,13.111487687838782,4,1,4.0,5,2,3,0,5,1,19.445950751355127,5.554049248644873,7.331073872967308,7.888512312161218,186.610742065918,1
1.0,0,1,23.0,1,1,3.0,5,4,5,1,3,1,23.0,2.288771525789075,4.0,1.0,148.07,1
1.5815642044379887,1,3,8.163128408875977,3,0,2.4184357955620115,3,2,3,0,6,1,18.836871591124023,1.4184357955620113,1.4184357955620113,1.2553073866860338,152.63943019324844,1
1.0,1,3,8.141217299057063,3,1,3.0,5,0,2,0,5,0,12.0,3.1412172990570633,9.0,3.0,230.49371396124266,1
0.24021943320838557,2,1,9.0,3,1,3.2402194332083853,3,4,4,0,5,0,13.0,1.2402194332083856,1.2402194332083856,1.7597805667916144,139.97849718217242,1
1.0,2,1,16.556228660907756,3,1,3.0,4,3,2,2,3,0,12.88754267818449,1.556228660907755,2.0,1.556228660907755,135.40951536414642,1
1.2823679190426562,0,2,30.435264161914688,1,1,3.0,2,4,5,2,2,0,16.58816040478672,0.7176320809573438,1.7176320809573438,1.5647358380853125,136.7938115866035,1
9.0,1,1,8.080953736115688,4,1,2.919046263884312,3,4,3,2,2,0,12.080953736115688,1.0,1.0,0.0,123.02000000000001,1
0.0,1,1,14.0,0,1,2.0,3,3,4,1,2,0,16.753227654031782,0.12338617298410837,1.0,0.0,124.31196600521014,1
1.0,0,3,7.271130195511659,1,1,4.0,4,4,3,0,5,0,16.0,2.0,2.0,3.0,154.09,1
1.0,0,1,22.3014630594588,3,1,3.6985369405411994,4,4,3,0,3,0,13.3014630594588,2.6985369405411994,2.6985369405411994,3.0,150.38553254908263,1
1.0,1,2,29.801254014256028,5,1,3.400627007128014,5,4,2,1,3,0,13.201881021384041,1.4006270071280138,2.0,1.0,138.79925997885059,1
4.603791364403417,1,2,26.80505515253789,4,0,3.0,3,3,3,1,2,1,22.0,0.0,1.0,1.5974724237310551,131.44226539550826,1
1.0,2,2,8.780473243591542,3,0,3.109763378204229,4,4,2,1,3,0,14.329290134612688,2.109763378204229,2.109763378204229,2.780473243591542,145.71331081172852,1
0.8850936566380897,0,3,27.574531716809553,4,0,3.770187313276179,4,2,3,1,5,0,12.34471903008573,0.8850936566380897,2.770187313276179,2.770187313276179,170.17288997359626,1
1.0,0,1,10.0038371455078,3,0,3.0,4,4,2,1,3,0,13.011511436523403,6.0,7.992325708984398,7.996162854492199,165.82492001815436,1
16.489959011304087,0,3,7.995983604521635,4,1,3.0,4,2,2,2,5,0,15.995983604521635,2.0,4.9879508135649075,2.4939754067824538,174.43132458576673,1
0.0,0,1,14.0,0,1,2.416872176547131,3,3,3,0,2,0,13.749383470358609,1.4168721765471308,1.4168721765471308,0.8337443530942614,126.0183621047166,1
0.0,2,1,14.0,2,0,3.0,4,3,4,0,6,0,17.684138718816783,0.4210346797041956,1.0,0.5789653202958044,124.86213075482004,1
10.0,1,3,16.0,4,1,3.0545119274378263,4,0,1,1,5,0,12.272559637189131,1.0,5.0,3.0,225.69997810612156,1
1.0,0,3,7.314043806918432,1,0,3.0,4,4,4,2,3,1,12.0,2.3140438069184324,2.3140438069184324,3.0,147.1419760728556,1
7.4959947342066595,0,3,13.49599473420666,4,1,3.499198946841332,4,1,2,2,3,0,18.001602106317335,4.500801053158668,6.502403159476005,3.0,219.86788521966113,1
10.0,1,3,16.0,5,1,3.0,4,0,1,1,6,0,12.0,1.8663167425089635,5.0,3.0,225.96,1
9.0,1,1,30.127374114514105,4,0,2.1273741145141036,3,3,3,1,5,1,14.636870572570519,0.0,1.7642446870846218,3.636870572570518,123.02000000000001,1
0.0,1,3,9.651562842154263,3,1,2.0,4,0,1,1,2,0,11.0,5.912890710538566,9.0,8.261327868384303,204.1820584149744,1
1.0,1,1,16.0,3,0,3.0,4,4,5,2,9,0,23.0,1.512615558327957,2.0,4.5126155583279575,163.1350413775407,1
5.925751827460544,1,1,9.308583942486848,4,0,3.0,4,4,2,0,6,0,13.691416057513152,1.308583942486848,2.0,1.617167884973696,151.49629079925472,1
1.0,1,3,21.167742299058624,5,0,4.0,4,0,3,1,3,0,15.04700440053793,1.0,2.0,1.7852533004034474,206.77490319308473,1
0.0,1,1,14.0,0,0,2.0,3,3,3,1,2,1,13.375759263002482,0.6242407369975181,1.0,3.8787963150124094,123.70369685158983,1
0.0,1,1,15.658770300284749,3,0,2.0,3,3,3,1,2,1,11.0,0.8293851501423746,1.0,0.8293851501423746,123.0490045244758,1
20.428989074714856,1,1,8.809663024904953,1,1,2.8096630249049523,3,3,2,2,5,0,21.66764117433467,1.0,2.951684875475238,1.380673950190095,150.13450992492204,1
3.9105734899265094,0,3,30.165558816350273,4,0,3.0,2,0,4,1,5,1,15.834441183649727,1.0,2.0,0.08277940817513718,232.07244705308023,1
10.0,0,3,15.0,4,1,2.0,5,1,3,1,8,0,11.0,3.76779266331179,9.0,3.0,229.36,1
9.0,1,1,14.0,4,0,2.0,4,4,4,2,2,0,12.0,0.0,1.0,0.0,123.02000000000001,1
0.0,0,1,16.0,3,1,2.5691417246177295,3,0,3,1,8,0,13.585149652293625,0.0,3.1542913769113534,0.0,201.59161435048625,1
1.0,1,3,31.375616232427223,4,0,3.0,4,0,2,0,3,0,20.19027304592251,1.0,2.624383767572776,10.312191883786388,200.44405859212725,1
0.0,2,1,14.0,0,1,2.0,4,3,1,2,2,0,12.274888840066684,0.7251111599333161,1.0,0.2748888400666839,125.15894452988329,1
0.7963006634151322,1,3,25.592601326830263,5,0,3.0,4,3,3,0,2,1,18.79630066341513,1.4073986731697357,2.203699336584868,1.2036993365848678,148.52093898361125,1
0.0,2,1,14.0,4,0,2.832937392318661,3,3,1,0,2,1,11.0,0.832937392318661,1.0,0.0,124.82255728894458,1
15.042695251242776,1,2,8.0,4,0,2.014231750414259,4,5,1,1,2,0,15.0,2.9715364991714823,5.928841247928705,8.928841247928705,291.97,1
0.20871570750331647,0,2,10.0,4,1,2.417431415006633,4,2,2,2,2,1,12.0,6.0,7.417431415006633,4.834862830013266,158.32174314150066,1
1.6013840706885634,0,1,32.0,3,0,3.6013840706885634,4,2,5,1,8,0,18.405536282754255,2.0,2.0,1.3986159293114366,191.82168166374163,1
1.0,1,1,15.356881193567135,3,0,4.0,4,2,3,0,4,0,17.98233910482465,2.0,2.0,1.6607797016082162,173.47042648370473,1
1.0,1,1,25.455404551289252,5,0,3.5445954487107496,4,4,2,1,3,0,19.544595448710748,1.5445954487107494,2.0,1.0,150.6548672563901,1
0.0,1,3,19.0,5,1,3.0,4,2,5,1,6,1,13.0,1.0410681727904054,2.0,2.0,161.34,1
9.0,1,1,15.744825075529914,4,0,2.0,3,3,5,2,2,0,13.255174924470086,1.0,1.0,0.0,123.02000000000001,1
7.8783111843552875,0,3,30.662133364723694,4,0,4.0,3,2,3,1,5,1,13.0,1.4459555450921018,2.0,2.6621333647236947,188.89418755733433,1
1.0,2,3,9.0,3,0,3.0,5,4,3,2,3,0,14.0,1.0200232297321876,2.0,3.0,145.44,1
9.0,2,1,14.0,6,1,3.0,5,3,5,0,2,1,11.0,0.06250694151041081,1.0,7.0,123.02000000000001,1
1.0,0,3,7.612533536178243,4,0,3.0,5,4,3,2,3,0,13.0,1.3874664638217566,2.0,1.0,138.59,1
9.0,0,1,11.0,4,1,3.0,4,3,5,1,7,0,17.0,0.4165784809815649,1.0,0.0,123.02000000000001,1
1.0,2,1,31.464203948952125,4,1,3.0,5,4,3,2,5,0,14.071592102095746,1.0,2.0,3.071592102095747,146.51014046472315,1
2.1423870481235356,0,1,12.76159136541569,4,0,3.380795682707845,2,4,3,2,5,1,15.0,1.0,2.0,4.0,148.30708348399713,1
8.0,1,2,7.0,3,1,4.0,5,0,5,0,10,0,15.0,3.0,4.0,3.0,229.82,1
1.0,1,1,8.014888463555959,4,0,3.661703845481347,4,3,3,1,2,1,16.691480772593266,2.0,2.0,3.0,163.79188604142726,1
0.0,1,3,21.2191260646708,3,0,2.219126064670801,4,2,1,1,6,0,14.219126064670801,1.0,1.7808739353291991,2.0,154.14581376498188,1
1.0,0,1,21.548627251265515,6,1,3.0,3,2,3,1,9,0,14.774313625632757,1.1128431871836213,2.0,1.2256863743672428,173.1966891522768,1
0.40356604537434004,0,1,11.789301863876979,2,1,3.40356604537434,4,2,3,2,2,0,23.0,1.0,1.40356604537434,5.59643395462566,158.83516826583312,1
0.0,1,3,22.0,4,0,3.0,3,0,4,1,3,0,16.607173381445847,0.0,1.0,0.0,183.68670124674668,1
1.0,0,3,13.0,5,0,3.0,5,4,3,1,2,0,17.0,1.0268676540449353,2.0,1.0,148.51,1
1.3804818854930359,1,3,7.760963770986072,3,0,2.619518114506964,4,3,3,1,6,1,19.239036229013927,1.0,1.6195181145069641,1.8585543435208924,152.76410123099433,1
1.0,0,2,7.0,1,0,3.8938744145090043,5,4,4,1,2,0,21.363246487054028,2.0,2.0,1.0,148.5376003366806,1
0.0,0,1,14.0,4,0,2.5313568317526953,4,3,1,2,2,0,21.594070495258087,1.0,1.4686431682473047,0.9372863364946096,125.26167629293998,1
13.39577767966043,0,3,6.395777679660431,4,1,3.0,3,2,3,1,6,0,13.187333038981292,1.3957776796604309,1.3957776796604309,1.0,169.25888839830216,1
9.0,2,1,28.773696177793965,4,0,2.0,3,3,3,1,5,1,12.160544266690946,0.0,1.0,1.7736961777939642,123.02000000000001,1
6.6392155313916685,0,1,21.80560221877024,3,0,3.8056022187702383,4,0,1,0,2,0,12.194397781229762,1.7775911249190468,3.16638668737857,6.388795562459523,203.95380942977351,1
1.0,1,2,14.599337367682981,3,1,3.0,4,4,2,1,2,1,22.299668683841492,1.7003313161585092,2.0,3.0,147.8878475945671,1
4.84840841666011,0,3,11.0,4,1,3.0,4,1,4,2,2,0,19.15159158333989,5.924204208330055,7.8863063124950825,3.0,218.6360282235454,1
15.285076004700596,0,3,18.1425380023503,4,1,3.0,3,1,3,1,8,0,15.213807003525446,1.4643654994124256,3.071269001175149,9.92873099882485,258.4254658594597,1
21.0,1,1,9.0,4,1,3.0,4,5,4,2,9,1,15.0,6.0,9.0,9.0,291.97,1
10.277310507097052,0,3,10.361344746451474,5,1,3.0,3,3,3,1,2,1,14.0,0.680672373225737,1.0,0.6386552535485259,124.23663825800995,1
1.0,0,2,7.333268470142411,3,0,2.6667315298575898,3,3,4,1,3,0,11.66673152985759,1.3334630597151795,2.3334630597151795,3.3332684701424102,148.19663228917548,1
1.0,1,1,13.0,3,1,3.0,4,4,5,2,4,0,12.0,1.489029256954938,2.0,4.0,154.6,1
1.0,2,1,7.0,1,1,3.0,4,4,3,2,2,0,15.0,1.0,2.0,6.0,145.58,1
13.946218035822621,0,3,9.784872143290489,5,1,2.946218035822622,4,3,3,0,3,1,14.946218035822621,1.0,1.9462180358226222,2.838654107467866,151.58529206299295,1
9.95582830939764,0,2,14.823313237590561,3,1,2.0441716906023597,5,0,3,1,8,0,11.08834338120472,1.0441716906023595,8.889570773494102,3.0,229.37015948883857,1
0.0,2,1,12.0,0,1,3.0,3,3,5,2,3,0,11.0,0.6420388054672354,1.0,3.0,129.6,1
0.33366089063369264,2,2,9.0,4,0,3.3336608906336926,3,2,3,2,9,0,14.667321781267386,1.0,2.0,0.33366089063369264,145.8133759157824,1
0.38769515483900674,1,3,7.550780619356027,4,0,2.7753903096780137,4,2,3,2,8,0,15.0,0.7753903096780135,1.7753903096780135,0.38769515483900674,168.6759174295494,1
1.0,0,1,9.0,3,1,3.86163179911181,4,4,1,1,7,1,14.0,1.13836820088819,3.0,3.0,161.86301004170846,1
0.7381682705368436,0,1,8.523663458926313,3,0,3.476336541073687,2,0,4,2,2,0,14.618317294631563,2.0,4.7381682705368435,7.7381682705368435,198.5069325047541,1
4.427857659104956,0,1,9.0,4,0,3.0,5,4,2,1,6,0,14.14303558522376,1.0,2.0,1.0,152.79001249096567,1
1.24514145850386,0,3,10.49028291700772,4,1,2.938714635374035,4,0,2,0,2,1,12.0,4.12257072925193,3.87742927074807,3.49028291700772,228.82179245196025,1
1.0,0,1,12.492362303519625,3,0,3.0,4,4,3,1,2,0,17.507637696480373,1.0,2.0,2.0152753929607483,148.87042276450106,1
1.0,1,1,12.401731398250858,4,1,3.7008656991254285,4,4,3,1,7,1,23.0,2.0,2.0,2.401731398250857,146.3641647178541,1
10.0,1,3,16.0,3,1,3.8555511234358724,4,0,1,1,3,0,16.277755617179363,1.57779550625651,5.0,3.0,221.8790211412109,1
4.0,2,3,26.0,5,0,3.0,3,3,4,2,2,1,22.0,0.0,1.0,2.0,131.4,1
1.0,1,3,7.690587205129556,4,1,3.0,5,2,4,2,8,0,16.0,1.0,2.0,1.0,192.35,1
0.0,0,3,24.74689822341396,4,1,2.9367245558534902,2,2,1,1,8,1,13.06327544414651,0.06327544414650987,1.0632754441465098,3.8734491117069805,153.12605460403924,1
0.0,0,1,12.484323448922927,4,0,3.0,3,3,1,1,2,1,17.031353102154146,0.0,1.0,0.9686468978458538,129.06627062043083,1
1.0,0,1,13.0,4,0,4.0,5,4,1,2,3,1,19.0,1.497253886590878,2.0,1.0,154.26,1
1.1784160965634958,0,2,32.0,4,0,3.1784160965634958,4,2,5,1,7,0,16.71366438625398,1.1784160965634958,2.0,1.8215839034365042,191.9189642977904,1
12.0,1,1,7.0,4,1,4.0,5,0,3,2,10,1,14.0,1.0,2.0,1.0,178.81,1
9.0,0,3,6.315786275032977,1,0,2.8421068624835115,4,3,3,2,2,0,11.315786275032977,1.0,1.0,2.0,123.02000000000001,1
20.0,1,1,29.0,3,0,3.0,3,0,1,0,2,0,12.0,6.0,9.0,6.0,203.12,1
1.3032983360777948,2,1,29.370877079902755,4,0,3.0,3,3,1,2,2,1,22.67417541598055,0.0,1.0,1.3258245840194487,129.0740948148671,1
1.0,0,1,10.808263782609734,1,1,3.1917362173902664,4,4,5,2,2,0,20.5752086521708,1.8082637826097336,2.0,1.766944869561066,154.97733972043343,1
20.444502719830368,1,1,8.444502719830368,4,1,2.4445027198303686,3,5,4,2,8,1,15.0,6.0,9.0,8.444502719830368,291.97,1
1.0,1,3,13.167838578522272,5,0,3.0,4,4,3,2,3,0,14.0,2.0,2.0,1.0,152.50565882247085,1
9.0,0,2,9.0,3,0,2.793006398754942,3,4,1,2,2,0,12.206993601245058,0.7930063987549418,1.0,0.0,123.02000000000001,1
1.0,1,1,17.554217243674422,3,0,4.0,4,4,5,1,3,1,16.29718850421705,1.0,2.0,1.0,150.69983961074078,1
1.0,0,3,20.0,1,0,3.0,4,2,4,2,7,0,12.0,1.915735633844149,2.0,1.0,182.65,1
1.0,0,3,16.0,5,1,3.0,4,4,5,1,3,0,20.0,2.0,2.0,1.0,142.9,1
0.6803844137625221,1,1,13.360768827525044,1,0,3.0,4,3,3,1,5,1,15.278462344949912,1.3607688275250442,7.680384413762522,7.680384413762522,159.4543199021708,1
19.355277817084797,0,1,14.2741203638192,3,0,3.0,5,0,4,0,7,0,15.2741203638192,3.9035185447231973,4.903518544723197,3.2741203638192005,226.8398527357193,1
19.17232480521873,1,2,11.067897662624738,3,0,3.1723248052187283,4,2,2,1,6,0,17.344649610437457,1.5169744156561844,7.483025584343816,4.0,176.2605201337191,1
13.081057387196772,0,2,14.0,0,0,3.0,3,3,3,1,4,0,11.0,2.3006608669979824,7.520264346799193,7.2601321733995965,125.72798233205728,1
0.0,0,1,14.789022844548134,3,1,2.789022844548134,3,2,5,1,5,0,17.0,0.2109771554518658,1.0,5.945114222740671,153.41780456890965,1
9.0,2,1,6.0,0,1,3.0,3,3,1,0,3,1,16.0,1.7617869282465675,2.0,0.0,123.02000000000001,1
0.0,0,1,9.0,1,1,3.0,3,3,5,2,1,0,22.0,0.0,1.0,4.0,131.02,1
0.7135262622554164,0,1,10.0,4,1,3.4270525245108328,4,3,4,2,2,1,12.0,6.0,8.427052524510833,6.8541050490216655,158.42270525245107,1
0.0,2,1,17.33730551322195,2,0,2.4819228348024387,2,3,3,1,3,0,14.445768504407317,3.5180771651975613,7.963845669604877,8.927691339209755,130.51773990457747,1
0.0,2,1,10.0,1,1,2.0,3,4,1,0,2,1,15.0,4.748016076699402,5.0,6.0,136.91,1
1.1442837646736752,1,1,30.836530890760905,4,1,3.0,3,3,2,1,2,1,22.836530890760905,0.8365308907609035,1.0,0.8365308907609035,128.5482969398151,1
1.1826587361712781,0,1,8.70433531595718,4,0,3.0,4,3,1,1,2,1,11.591329368085638,0.0,1.0,0.0,128.3082514869679,1
1.0,0,1,16.928596881530638,3,0,3.0,5,4,3,2,2,0,21.142806236938725,2.0,2.9285968815306385,3.0,151.03293451985314,1
0.0,2,3,26.0,4,0,3.0,5,2,3,0,4,1,11.0,0.7387435096159303,2.0,2.0,145.59,1
11.61253577400923,0,1,6.0,4,1,2.6937321129953853,3,0,3,2,8,1,13.306267887004616,0.0,1.0,0.0,151.81007069785986,1
6.265081284338573,0,1,25.469837431322855,2,1,3.0,2,4,3,1,8,1,14.06032513735429,1.2650812843385726,2.7349187156614274,2.469837431322855,151.7364382644298,1
6.607615099397821,1,2,15.60761509939782,4,0,2.60761509939782,4,2,3,2,7,0,12.69619245030109,0.6076150993978202,1.30380754969891,3.0,153.73342679472904,1
1.0,0,1,15.807129431310386,3,1,3.807129431310386,4,2,5,1,6,0,18.0,1.0,2.0,7.035647156551929,178.42142588626209,1
9.0,1,1,8.27814443243081,5,1,3.0,4,3,3,1,7,0,15.185429621620539,0.09271481081026989,1.0,0.0,123.02000000000001,1
12.0,1,1,7.0,4,1,4.0,5,0,3,2,10,1,14.0,1.0,2.0,1.0,178.81,1
18.0,1,3,8.0,3,1,2.0,3,2,1,2,5,0,16.0,0.1783584302210447,7.0,3.0,151.6,1
1.0,0,3,7.0,1,0,3.0,4,4,4,2,3,1,12.0,2.0,2.1013798424698633,3.0,146.86976619836145,1
9.0,2,1,27.58378264759146,3,0,2.2081086762042705,3,3,3,0,4,1,11.0,0.0,1.0,1.6243260286128125,123.02000000000001,1
1.0,1,3,16.0,4,1,4.0,5,4,5,0,5,0,13.0,2.811572004351548,3.0,3.0,169.0,1
0.0,0,2,14.0,0,0,2.5177259999184565,4,3,5,2,1,0,21.482274000081542,1.0,1.0,0.9645480001630871,123.23070903999674,1
1.0,0,1,12.0,3,0,3.0,4,4,4,2,2,0,18.0,1.0,2.0,3.0,149.22,1
1.0,1,1,16.698359404988746,3,0,3.0,4,3,5,1,8,0,22.12705074376407,1.8254101487528136,2.0,4.650820297505627,167.05761465091157,1
0.29257372483806765,0,2,18.122278825485797,1,0,2.2925737248380678,3,2,4,2,5,0,11.292573724838068,1.0,1.2925737248380678,0.29257372483806765,157.3779064359006,1
0.0,1,1,29.0,4,1,2.0,4,2,3,0,4,1,13.0,1.0,1.0,1.0,159.16,1
1.0,2,1,32.0,3,1,3.0,5,4,4,2,6,1,21.0,1.8983552751676653,3.0,3.0,148.13,1
1.2519415603362516,1,1,28.582686146554583,4,1,2.417313853445417,4,2,3,0,3,1,12.582686146554583,1.0,1.0,0.5826861465545828,161.09633627998673,1
19.007141058289783,0,1,31.124107367713776,4,1,3.875892632286223,4,3,1,2,3,0,17.372322103141332,0.8758926322862226,1.8758926322862226,1.2482147354275548,149.87341783725836,1
0.0,1,1,15.757170188990056,3,0,2.0,3,3,3,1,2,1,11.0,0.8785850944950279,1.0,0.8785850944950279,123.04064053393586,1
0.0,1,1,14.0,0,0,2.0,3,3,3,0,2,1,13.278867642643176,0.7211323573568237,1.0,3.3943382132158817,123.71047926501497,1
19.897292009352594,0,1,14.1837846651079,3,0,3.0,5,0,4,0,8,0,15.1837846651079,4.264861339568395,5.264861339568395,3.1837846651079014,226.25989754999273,1
0.0,2,1,11.328385499616605,0,1,2.3283854996166053,3,3,3,2,2,0,12.34322900076679,0.0,1.6716145003833947,2.3283854996166053,132.8304657468441,1
9.0,1,1,16.0,4,0,2.0,4,4,5,2,2,0,13.0,0.5127879930780861,1.0,0.0,123.02000000000001,1
0.0,2,1,10.074294632728453,1,0,2.0,3,3,2,0,2,1,14.950470244847697,4.9752351224238485,5.049529755152302,6.0247648775761515,136.82282763093195,1
1.0,0,2,21.741733189139524,4,0,3.2488190270199317,4,1,3,1,5,0,12.248819027019932,2.7511809729800683,2.7511809729800683,3.0,223.46535429189402,1
1.0,0,1,12.0,3,0,3.0,3,4,3,0,3,1,15.0,1.0,2.0,6.36844156597088,148.9292071416148,1
18.881454726027176,1,1,19.322182089040762,3,0,3.720363681506794,4,3,4,0,8,0,18.161091044520383,3.118545273972825,5.838908955479619,5.118545273972825,174.56848000993148,1
9.0,1,1,8.136370327467565,4,1,2.863629672532434,3,4,3,2,2,0,12.136370327467565,0.8636296725324342,1.0,0.0,123.02000000000001,1
0.0,2,1,14.0,0,1,2.2719877422038026,3,3,2,1,2,0,19.456024515592397,0.7280122577961974,1.0,0.0,123.6693645353846,1
2.1211140689920907,0,1,7.62629531033597,3,0,3.813147655167985,2,0,4,1,4,0,12.37370468966403,2.0,4.62629531033597,7.62629531033597,200.4615285682996,1
9.0,1,1,13.51495795228745,4,1,2.742521023856275,3,3,5,2,4,0,14.0,0.25747897614372484,1.0,2.2275630715688255,123.02000000000001,1
1.0,1,3,13.548838989212607,5,0,3.0,4,4,3,2,3,0,14.0,1.2255805053936966,2.0,1.0,152.17799846927716,1
9.0,1,3,16.0,4,0,3.0,3,0,4,1,6,0,21.0,0.38555356440131383,1.0,7.0,173.14,1
0.0,1,3,14.0,1,1,2.0,4,2,5,2,7,0,17.0,0.4933142091459972,1.0,2.0,153.26,1
1.8639935506410836,1,2,21.856001074893154,3,0,3.0,4,1,1,0,7,0,14.424004299572612,0.8560010748931528,2.7120021497863056,3.2879978502136944,179.4547195915406,1
0.7499536818024078,1,3,32.0,4,0,2.749953681802408,3,1,1,1,2,0,19.750138954592778,0.7499536818024078,6.249675772616855,8.250046318197592,181.44468781534823,1
4.779532594735289,2,1,13.22046740526471,4,1,3.8051168513161775,4,4,5,1,5,0,14.610233702632355,1.1948831486838223,2.0,3.8051168513161775,147.04197097142028,1
1.4105354997590704,0,3,31.58946450024093,5,0,3.136845166586357,5,2,4,1,6,0,15.58946450024093,2.0,2.0,1.8631548334136432,191.52756927358712,1
1.0,0,1,23.86056114833254,3,0,3.0697194258337293,4,4,3,1,2,0,12.06971942583373,1.0697194258337295,2.0697194258337293,1.139438851667459,152.31866755215782,1
2.639571625472078,1,1,29.31978581273604,3,0,3.0,3,3,5,1,1,0,13.106595270912013,0.0,1.0,2.680214187263961,139.44719393488387,1
1.0,1,1,7.0,4,0,3.0,4,4,4,1,3,1,12.0,1.3878342695710943,2.387834269571094,1.7756685391421887,148.12406817417292,1
12.863639034209042,0,2,14.0,3,0,3.4242406438606383,4,3,3,1,3,0,12.863639034209042,5.287879678069681,7.712120321930319,7.712120321930319,150.9339374889309,1
9.0,0,1,12.825911237214527,4,1,2.7246962542618247,2,4,5,1,2,0,20.449392508523648,0.2753037457381755,1.0,0.0,123.02000000000001,1
1.0,2,1,29.49075321026043,4,0,3.0,4,4,3,0,5,0,12.163584403420144,1.0,2.0,2.0,146.58337088950643,1
5.8250622686101945,1,1,8.587468865694902,4,0,3.0,4,3,2,1,6,1,13.862489621898302,0.8624896218983009,1.862489621898301,0.8624896218983009,152.92163568944474,1
0.0,0,3,30.0,2,1,2.0,2,4,5,2,2,0,17.0,0.6840028588747726,1.0,0.0,123.02000000000001,1
1.0,1,3,11.852212391201673,5,1,3.0,5,2,2,2,3,1,12.147787608798327,2.591150435193304,2.8867256527899556,4.147787608798326,182.56414159139058,1
9.0,2,1,8.0,6,1,3.0,4,3,3,2,7,1,15.0,0.0,1.0,0.0,123.02000000000001,1
1.0,2,1,29.09932298291944,4,0,3.0,4,4,3,1,6,1,12.148984474379157,1.0,2.0,2.0993229829194378,146.2683520488819,1
1.0,0,3,21.247038390348308,2,0,3.0,4,2,2,1,7,0,13.870557585522462,2.0,2.6235191951741546,2.247038390348309,180.623562615684,1
9.31553184557773,0,3,15.0,2,1,3.0,4,0,2,1,2,0,15.936893630884454,0.12621273823109247,3.8737872617689075,6.8106808926533615,195.98616642775679,1
7.649218337020323,1,1,15.350781662979678,4,0,2.6753908314898385,3,3,3,2,2,0,11.324609168510161,0.6753908314898385,1.0,1.350781662979677,127.30197787164559,1
1.0,1,3,11.654488027506153,4,1,3.327244013753076,5,2,1,1,3,1,14.963464082518456,5.327244013753076,8.0,5.981732041259228,184.40571940731058,1
1.0,0,1,6.337266896054226,3,1,3.3372668960542264,4,4,3,0,3,0,16.337266896054228,1.6745337921084527,2.3372668960542264,1.0,149.9380813049557,1
0.17959978144009592,1,3,28.640800437119807,4,0,2.3591995628801916,4,0,4,0,2,0,12.820400218559904,0.35919956288019184,3.0,8.742801529919328,172.86250860541094,1
0.0,2,1,19.874597512584632,5,0,2.2813506218538415,3,2,3,1,7,0,14.281350621853841,0.28135062185384163,1.0,0.0,148.1796301455433,1
0.5424246677495682,0,2,30.627274003248704,5,0,2.542424667749568,3,0,2,1,6,0,19.339397341996545,1.0,1.542424667749568,6.339397341996546,200.52518262204669,1
1.9507717107109648,1,1,10.90154342142193,3,0,3.4753858553554826,4,4,5,0,9,0,21.475385855355483,2.0,2.4753858553554826,5.623070723222588,150.62958085827287,1
21.0,1,1,30.0,3,0,4.0,4,0,1,0,3,0,13.0,6.0,9.0,3.0,228.12,1
12.0,1,1,7.0,4,1,4.0,5,0,3,2,10,1,14.0,1.0,2.0,1.0,178.81,1
1.0,0,1,22.0,3,1,4.0,4,4,3,0,3,0,13.0,2.456817804556135,3.0,3.0,151.1,1
1.0,0,2,7.0,4,0,3.0,4,4,4,1,3,1,12.0,1.8456673490987714,2.8456673490987714,2.691334698197543,148.04623655065322,1
0.0,1,3,6.0,4,1,2.0,4,0,3,0,6,0,11.0,4.543051445634417,9.0,10.543051445634417,206.08999999999997,1
0.0,0,1,9.0,4,1,3.0,3,3,5,2,2,1,11.0,5.255353350228901,9.0,7.0,133.48,1
0.8279764635022515,2,2,15.827976463502251,2,1,3.0,4,3,1,1,2,0,14.516070609493244,0.8279764635022515,1.8279764635022515,0.8279764635022515,135.47799457455935,1
0.6220059613738469,0,1,15.0,3,1,3.622005961373847,4,4,3,1,3,0,12.622005961373848,1.377994038626153,2.0,1.377994038626153,144.02488023845495,1
7.094092206030789,1,2,15.83063402914458,4,0,3.018818441206158,5,1,3,2,10,0,14.0,1.0,2.0,3.9435446763815265,178.46658645442216,1
1.0,0,1,18.0,4,0,3.5337467184721647,4,2,3,0,8,0,14.601240155416495,2.0,2.0,1.9325065630556708,172.44362270293053,1
0.0,0,1,26.624193131108708,4,0,2.791935622963764,3,0,3,1,5,0,12.624193131108708,1.0,1.0,0.41612875407247185,198.50216111506566,1
1.0,0,1,11.609228165529487,2,0,3.5976929586176283,4,4,4,1,3,1,12.804614082764743,4.390771834470512,8.597692958617628,8.0,158.44379236627557,1
1.0,1,1,14.274860557187292,4,1,3.5750464809375697,2,4,5,0,3,0,21.15009296187514,2.0,2.0,1.0,141.813162151028,1
1.0,0,1,10.382883147284183,1,1,3.6171168527158164,4,4,5,2,2,0,21.85135055814745,1.3828831472841836,2.0,3.468467410863266,155.5260807400034,1
9.0,1,1,28.842773138467564,5,1,2.0,5,3,3,1,2,0,11.28092437948919,0.0,1.0,0.28092437948918825,123.02000000000001,1
1.0,1,1,31.452482115940004,2,0,3.4524821159400054,4,4,4,1,4,0,17.547517884059996,1.4524821159400054,2.0,1.4524821159400054,149.70442531999723,1
1.1124437772632618,2,3,9.168665665894892,2,0,3.0,4,3,2,1,3,0,14.056221888631631,1.0,2.0,2.8875562227367384,145.46361319322529,1
0.0,2,2,6.0,1,0,3.0,3,3,3,2,1,1,15.49821936693179,0.0,1.0,3.4982193669317905,133.3447008713001,1
1.0,0,1,31.899437267916557,3,0,3.0,5,2,3,2,2,0,23.0,3.0,4.502813660417222,9.20112546416689,170.17151208619595,1
0.0,2,1,11.179784455297646,1,0,2.0,3,3,2,0,2,1,14.21347702980157,4.606738514900785,5.786522970198431,6.393261485099215,135.52571957245075,1
2.850138122940328,0,2,27.550414368820984,3,0,3.616712707646776,2,0,3,1,7,1,15.466850830587104,1.616712707646776,4.299723754119344,3.6830110464725685,258.5344751361894,1
1.0,1,1,9.417603189253516,2,1,3.0,4,4,2,0,6,1,14.0,2.72159787383099,3.0,3.0,159.60798375549055,1
11.269015566598362,0,2,6.346196886680327,4,1,2.3461968866803278,3,2,3,1,3,1,13.653803113319672,1.3461968866803278,1.6923937733606553,1.3847875467213107,147.67466445081558,1
0.0,2,1,14.0,0,1,2.0,3,3,2,1,4,0,12.653786751124462,1.0,1.0,2.3462132488755385,123.70922720506746,1
9.249006594883905,0,3,17.050596043069657,4,1,3.0,4,1,3,1,6,0,12.350198681023219,1.649801318976781,4.4513907671625335,11.0,257.2386331580109,1
7.765560834011084,1,1,14.0,4,0,2.382780417005542,3,3,3,1,5,0,11.617219582994458,1.0,1.0,2.0,123.39033174979669,1
1.0,2,1,16.769615894061303,4,0,3.0,5,4,4,2,3,0,13.884807947030652,1.0,2.0,1.0,138.98145231789752,1
0.46271528451881805,0,1,31.305927073221774,0,1,3.0,3,3,4,2,1,0,11.462715284518818,0.768642357740591,1.0,3.7686423577405908,135.77326997960247,1
1.0,0,1,11.0,1,1,3.0,4,4,1,2,10,1,23.0,2.0,2.0,1.0,147.85,1
10.033674017851268,0,2,15.993265196429746,4,1,3.0,4,0,1,1,5,0,12.026939214281015,1.0,4.97979558928924,3.0067348035702537,225.99731081177922,1
9.0,1,1,14.262885943501079,4,0,2.0,4,4,4,2,2,0,12.13144297175054,0.1314429717505392,1.0,0.0,123.02000000000001,1
9.0,1,1,15.564639857896202,4,0,2.0,3,3,5,2,2,0,13.435360142103798,0.43536014210379803,1.0,0.0,123.02000000000001,1
1.0,1,1,16.450117224437175,3,0,4.0,4,4,5,1,3,1,17.03325518370855,1.0,2.0,1.0,149.95641226445437,1
7.423001911523405,0,3,18.146198853085956,4,1,3.0,4,1,4,1,3,0,12.715399617695319,1.284600382304681,7.0077973238672335,11.0,260.24058485745553,1
9.0,0,1,13.931162289225883,2,0,3.0,2,4,4,1,2,1,21.96558114461294,0.0,1.0,0.0,123.02000000000001,1
1.0,1,3,7.607274006880211,3,1,3.0,5,0,2,0,6,0,12.0,2.6072740068802114,9.0,3.0,230.77269933140508,1
1.0,1,2,7.629650973444439,3,0,3.0,4,4,3,0,8,0,20.31482548672222,1.3148254867222193,2.0,4.574127433611097,152.70721229734832,1
0.0,1,3,6.580088056355973,1,0,3.0,4,3,2,1,7,0,17.549779859110068,0.7099559718220134,1.0,1.4199119436440268,127.9564933957733,1
9.0,1,1,8.798536078946467,4,1,2.201463921053533,3,4,3,2,2,0,12.798536078946467,0.0,1.0,0.0,123.02000000000001,1
1.0,0,2,7.734791463003171,1,1,3.734791463003171,4,4,3,1,4,0,16.0,2.0,2.0,2.4695829260063418,153.25989727919992,1
20.0,2,1,14.0,1,1,4.0,4,4,3,1,10,0,12.0,6.0,9.0,9.0,148.39,1
9.0,0,3,11.0,5,1,3.0,3,4,4,2,2,1,14.0,1.0,1.0,0.0,123.02000000000001,1
1.0,0,2,9.419136174442055,4,1,3.0,4,4,3,0,2,0,12.0,1.580863825557945,2.0,2.16172765111589,154.62202399204892,1
0.0,2,1,14.0,0,1,2.886700395601732,4,3,2,1,2,1,17.886700395601732,0.8867003956017323,1.0,0.0,123.47704373099083,1
11.452786980456061,1,3,32.0,5,1,2.1719125577271043,4,0,4,1,4,1,13.0,2.0,2.0,0.515737673181313,209.8121529271806,1
0.0,0,3,25.0,5,1,3.0,2,2,1,2,9,1,13.0,0.4526753156605139,1.0,4.0,153.04,1
0.16459927369957472,0,1,29.493797821098724,3,1,2.3291985473991494,4,2,3,0,3,0,12.835400726300426,1.0,1.1645992736995747,1.6583970947982989,159.26369754243072,1
1.0,0,1,12.0,3,0,3.0,4,4,3,1,3,1,15.0,1.0,2.0,7.744480930276389,148.70216064650438,1
1.3173888500278852,2,1,29.0,5,1,3.0,4,4,3,1,2,0,12.317388850027886,0.6826111499721148,1.6826111499721148,1.6347777000557704,140.0707428364579,1
0.22031909862196752,1,1,19.339042704134098,5,0,2.440638197243935,4,4,4,1,2,1,23.0,1.0,1.2203190986219674,1.7796809013780326,138.78716564751133,1
0.5153051879943767,1,1,7.54591556398313,3,1,2.5153051879943766,4,3,3,2,7,0,16.54591556398313,1.5459155639831303,2.0306103759887533,1.0306103759887535,168.10749862635174,1
20.89763291541679,1,1,8.897632915416791,4,1,2.8976329154167906,3,5,4,2,8,1,15.0,6.0,9.0,8.897632915416791,291.97,1
1.751770787682978,0,1,8.248229212317021,4,0,2.248229212317022,4,4,4,2,3,0,23.0,0.24822921231702189,1.248229212317022,0.24822921231702189,136.35077914658052,1
0.0,0,1,28.718700558305414,5,0,2.0937664805648613,3,0,4,1,9,0,14.718700558305416,1.0,1.0,1.8124670388702773,199.3818542344883,1
1.0,2,1,7.0,4,0,4.0,5,4,4,2,9,1,14.0,2.0,4.0,8.0,147.16,1
1.0,2,1,22.598481112204183,1,1,3.0,4,4,1,0,7,0,13.467172962598605,1.0,2.0,4.467172962598606,148.99234934419303,1
1.0,0,3,32.0,5,0,3.0,5,2,5,2,7,0,16.0,1.1393321782111148,2.0,2.0,191.96,1
1.0,1,3,14.610163240436986,5,0,3.0,4,4,4,2,3,0,14.0,2.3050816202184925,2.3050816202184925,1.610163240436985,152.03711611237696,1
9.0,1,1,6.02110224490038,4,0,2.98944887754981,4,3,4,1,7,1,13.01055112245019,0.9894488775498101,2.97889775509962,6.947244387749051,123.02000000000001,1
1.0,2,1,7.788180305549006,3,0,3.605909847225497,4,4,2,0,3,0,15.81772954167649,2.605909847225497,2.605909847225497,1.7881803055490062,146.9487155195915,1
0.0,0,2,29.0,6,0,2.0,3,0,5,1,10,1,15.0,1.0,1.0,2.0,199.5,1
1.0,1,1,14.037576573925808,4,1,3.6541411420247307,2,4,5,0,3,0,21.30828228404946,2.0,2.0,1.0,141.66367324157326,1
1.0,1,1,16.0,3,0,3.0,4,4,5,2,9,0,23.0,1.9647848264744765,2.0,4.964784826474476,166.7207436739426,1
0.0,2,1,10.0,1,1,3.0,3,3,5,2,2,0,19.0,1.0,1.0,0.0,129.73,1
15.187770378302789,1,1,14.0,4,1,2.0,3,3,2,0,10,1,12.395923459434263,1.0,1.8020382702828686,5.61426789198008,124.44965099892913,1
1.0,0,2,31.160593695043307,3,0,3.0,5,2,3,2,2,0,23.0,3.1605936950433087,8.197031524783457,10.678812609913383,170.8438597375106,1
1.0,2,1,16.074680993686364,4,0,3.0,5,4,4,2,3,0,13.537340496843182,1.0,2.0,1.0,138.44287777010695,1
9.0,0,3,6.0,2,0,2.0,3,3,4,2,2,1,11.0,1.0,1.1919554389957256,2.0,123.02000000000001,1
9.0,2,1,13.280765580955853,4,1,3.0,3,3,5,1,3,1,13.15770325713244,0.0,1.0,4.123062323823413,123.02000000000001,1
0.0,2,3,9.0,4,0,3.0,3,2,3,2,10,0,14.0,1.0,2.0,0.0,145.77,1
0.0,1,3,19.0,5,1,3.0,4,2,5,1,6,1,13.0,1.31621512256333,2.0,2.0,161.34,1
1.0,0,1,14.310058292719797,3,0,3.0,4,4,3,1,3,0,16.844970853640103,1.3100582927197972,2.1550291463598987,3.0,153.63675802924175,1
14.523677647793095,1,1,12.094710591172383,3,1,2.476322352206904,4,2,3,0,3,0,15.0,4.094710591172383,4.618388238965478,5.094710591172383,150.56270009234072,1
1.0,1,3,23.0,5,1,4.0,4,0,3,1,4,0,14.0,1.6697544512182478,2.0,1.0,206.61,1
1.0,1,3,8.609492202889871,3,1,3.0,5,0,2,1,5,0,12.0,6.0,9.0,3.0,230.24904032399002,1
3.0,0,3,30.0,4,0,3.0,2,1,4,2,5,1,16.0,1.0,2.0,0.0,231.94,1
1.0,1,2,20.374521939575338,4,1,3.0,4,2,4,1,3,0,19.872609697876694,1.3745219395753385,2.0,3.0,165.49484249608085,1
1.0,0,3,12.0,5,1,4.0,4,4,4,2,3,1,15.0,2.0,2.0,1.0,143.78,1
0.0,0,1,14.0,0,0,2.372999835566863,3,3,4,1,1,0,17.0,0.0,1.0,1.254000328866274,124.13048003946395,1
0.20903703738592228,0,1,29.790962962614078,1,1,3.2090370373859223,4,0,4,1,2,0,12.836148149543689,1.6271111121577668,2.2542222243155337,8.790962962614078,187.13011407392406,1
1.0,1,1,17.39158993388149,3,0,4.0,5,2,4,0,6,0,15.087384900822236,2.0,2.3042050330592545,1.608410066118509,171.62314702536662,1
4.0,2,1,14.111582323307784,4,1,3.944208838346108,4,4,5,2,5,0,15.0,1.0557911616538924,2.0,3.8326265150383225,146.57742908075224,1
1.0,0,1,10.995510968015866,1,0,3.0,4,3,3,1,6,0,17.0134670959524,2.0,2.0,3.0,163.95243461859604,1
0.0,0,2,14.0,0,0,2.549723189558409,4,3,4,1,1,0,20.54972318955841,1.0,1.0,0.0,123.48414394142964,1
8.252530389636444,1,1,20.232287272544887,3,0,3.494939220727111,3,0,1,0,3,0,11.747469610363556,0.7474696103635555,2.505060779272889,5.242408831090667,203.8153339115888,1
1.0,2,1,29.67151188884703,1,1,3.5571706296156758,4,4,1,1,3,0,19.885658740768648,1.4428293703843242,2.0,1.0,148.5638468670422,1
13.23634704981362,0,3,15.0,1,1,3.0,4,1,2,0,4,0,15.152730590037276,1.6945388199254476,2.3054611800745524,4.458191770111829,193.4533198058204,1
15.557960250135721,1,1,10.442039749864279,2,0,4.0,5,0,1,1,2,0,17.0,1.0,2.61801703565612,3.0,225.55696876796378,1
1.0,2,1,32.0,3,1,3.0,5,4,4,2,6,1,21.0,1.0479043483470762,3.0,3.0,148.13,1
17.367463075192603,1,2,8.65813423120185,4,0,2.658134231201849,4,5,2,0,4,0,15.65813423120185,6.0,7.683731537596302,9.316268462403698,291.97,1
17.05678536219878,1,1,9.070981702748476,2,0,3.985803659450305,5,0,1,1,2,0,16.97160731890061,2.0,2.0567853621987804,3.0,226.667143891715,1
7.0,2,1,14.0,4,1,2.0,3,3,5,0,5,0,12.0,1.0,1.0,2.0,123.62,1
18.234282136589563,1,3,9.382858931705218,3,1,3.0,3,1,2,2,6,0,17.38285893170522,1.7657178634104387,7.808570534147391,4.5742883975578295,178.1046356016015,1
1.0,0,1,22.635809347546566,3,0,3.682095326226716,4,4,3,1,2,0,12.682095326226717,1.6820953262267164,2.682095326226716,2.364190652453433,151.516455122643,1
0.026331635843788392,0,1,12.964891152208281,4,0,3.0,5,2,3,2,2,1,23.0,1.0,1.0087772119479295,5.9561139402603525,160.74631959260253,1
0.0,0,2,21.674930361781914,4,0,2.3821329088259877,3,1,3,1,4,0,11.382132908825987,1.6178670911740123,1.6178670911740123,1.2357341823480243,198.4253601273522,1
9.0,1,1,8.698190630337306,4,1,2.301809369662694,3,4,3,2,2,0,12.698190630337306,0.30180936966269367,1.0,0.0,123.02000000000001,1
0.9626030095912027,2,1,28.887809028773606,4,0,3.0,4,3,3,0,5,1,11.962603009591202,1.0,2.0,2.0,146.29270019700158,1
1.0,1,3,11.0,3,1,3.0,5,0,1,0,3,0,12.0,6.0,9.0,3.0,229.0,1
0.0,2,1,13.0,4,1,3.0,3,2,3,0,2,0,18.0,0.4030313112827366,1.0,1.0,148.83,1
0.0,2,1,14.0,0,0,3.0,3,3,5,1,2,1,15.730887064516951,0.0,1.0,0.0,125.26180406483788,1
0.3788136778059168,0,2,30.13644103341775,5,0,2.378813677805917,3,0,3,0,7,0,18.030509422447334,1.3788136778059168,1.3788136778059168,5.030509422447334,200.2159578510532,1
1.0,0,1,12.362239907690041,3,0,3.12074663589668,4,4,4,1,2,0,18.0,1.0,2.0,2.7585067282066396,149.1910208073848,1
0.0,0,3,24.90786218450649,4,1,2.9769655461266225,2,2,1,1,8,1,13.023034453873377,0.023034453873377436,1.0230344538733775,3.953931092253245,153.0713268572678,1
9.0,1,2,27.186931429441447,6,1,2.0,4,3,3,1,2,0,12.626137141117106,0.0,1.0,0.0,123.02000000000001,1
1.0,2,1,29.335822074294114,3,1,3.0,4,4,3,1,3,0,19.664177925705886,1.5547259752352955,2.0,1.0,148.90803494767707,1
16.464352630301207,0,1,16.95247017373494,4,1,2.511882456566265,3,0,1,2,5,0,16.488117543433734,2.0,2.0,5.952470173734939,234.16024061171385,1
1.0,2,1,15.37387440557176,4,0,3.0,5,4,4,2,3,0,13.186937202785879,1.0,2.0,1.0,137.89975266431813,1
1.0,1,1,10.29768878828394,1,0,3.0,4,4,5,2,6,0,12.0,1.0,2.0,4.900770403905353,151.87066567616677,1
0.0,1,1,9.571355720791468,1,1,3.0,3,3,5,2,1,0,20.285932837625595,0.5713557207914682,1.0,1.714577116834127,130.282951120179,1
9.0,0,3,6.628502170236204,4,0,2.0,5,4,3,2,2,0,12.0,0.3714978297637961,1.0,0.0,123.02000000000001,1
1.0,2,1,31.139377513503778,4,1,3.0,5,4,3,2,3,0,13.215155621624056,1.0,2.0,1.7848443783759445,147.55993233080662,1
1.0,2,2,26.745064202467855,4,1,3.0,4,4,3,1,3,0,19.745064202467855,1.372532101233927,2.0,1.0,148.9958884435558,1
17.770994512648958,0,2,18.69465935019861,4,1,2.076335162450347,2,0,2,2,6,0,16.92366483754965,1.0,2.0,7.694659350198611,236.5339733646456,1
1.0,2,1,9.0,4,0,4.0,4,4,5,1,3,1,13.0,2.0,2.0,1.0,145.74,1
1.0,0,1,10.935097846418648,1,1,3.0,4,4,3,2,7,0,17.032451076790675,1.9675489232093244,2.0324510767906756,2.9675489232093244,164.0983612547385,1
0.2355882282446775,0,2,15.235588228244678,4,0,3.2355882282446773,3,2,5,1,4,0,17.235588228244676,0.2355882282446775,1.2355882282446775,4.177941141223387,181.34947649723512,1
1.0,1,1,20.689692884208302,5,1,3.0,4,3,4,1,3,0,21.448464421041514,1.6896928842083025,2.0,3.0,163.95050486737932,1
14.802621698665101,1,3,14.394756602669798,4,0,3.600873899555034,4,0,3,1,7,0,19.600873899555033,4.004369497775169,8.0,4.995630502224831,206.29892128447588,1
1.0,1,1,23.757742842415233,4,0,3.0,3,4,3,2,3,0,14.726771472754303,4.0,8.242257157584767,8.726771472754303,149.78547747997084,1
1.0,0,2,30.0,6,0,3.0,4,0,5,1,10,1,16.0,2.0,2.0,3.0,224.5,1
1.2726769454950002,1,2,21.9545538424175,3,0,3.0,4,1,1,1,7,0,14.81821536967,0.9545538424175,2.909107684835,3.090892315165,179.41726953988135,1
16.755564808311554,1,3,31.081478397229482,4,1,3.918521602770518,4,0,5,1,7,1,14.0,1.1629567944589643,2.918521602770518,2.8370432055410357,229.8108022927517,1
1.0,0,1,11.0,1,1,3.0,4,4,1,2,10,1,23.0,2.0,2.0,1.0,147.85,1
1.6611869783951518,0,1,8.338813021604848,4,1,2.338813021604848,3,1,2,1,8,0,11.677626043209695,4.644747913580607,6.967121870370911,3.0,222.49637499141954,1
7.0,1,1,21.0,3,0,3.0,3,0,1,0,2,0,11.0,0.0,1.0,5.0,179.78,1
0.23901453466594336,1,3,21.28295639600217,4,0,3.0,3,2,4,2,5,0,15.239014534665943,1.0,1.2390145346659434,1.7609854653340566,152.98186430256078,1
0.0,2,1,14.0,0,1,2.0,3,3,4,1,2,1,17.0,0.0,1.0,0.0,124.08000000000001,1
6.640380746644241,0,1,24.71923850671152,1,1,3.0,3,4,3,1,9,1,15.561522986576964,1.640380746644241,2.359619253355759,1.719238506711518,150.52797399580555,1
0.4484873150142086,0,1,19.206050739943166,3,1,2.149495771671403,3,0,2,1,8,0,12.0,3.4484873150142086,2.0,6.850504228328597,237.68316022200017,1
13.0,0,3,11.926954147081743,1,1,2.259130731614782,3,2,3,0,5,0,13.481738536770436,1.0,1.0,2.4817385367704357,167.78379110250197,1
1.0,0,1,10.0,4,1,3.0,5,4,1,0,2,1,12.0,1.0,2.0,1.0,153.53,1
1.0,2,1,31.0,4,1,3.0,5,4,3,2,7,1,15.0,1.0,2.0,4.0,145.28,1
0.0,1,1,14.726011218456982,0,0,3.0,3,3,3,0,2,0,14.178033655370946,1.273988781543018,2.0,2.0,127.0583348083632,1
0.0,1,1,14.813887620065284,3,0,2.0,3,3,4,0,2,1,11.0,0.0,1.0,0.40694381003264235,123.12081955229445,1
12.064636471500485,1,3,8.489227254749919,5,0,2.9784545094998385,5,5,2,0,2,0,15.0,3.5323182357502425,4.043090981000323,9.978454509499839,291.97,1
0.0,2,1,14.0,4,0,2.1333444673163706,3,3,4,0,2,1,11.0,0.1333444673163704,1.0,0.0,123.45135515594008,1
0.0,0,3,21.97017710633188,3,1,2.242544276582971,4,2,1,1,7,1,13.75745572341703,0.0,1.7574557234170292,2.4850885531659417,154.07013978384717,1
0.29169345072158603,1,1,6.291693450721586,4,0,3.0,4,4,3,2,1,0,13.708306549278413,0.5833869014431721,1.291693450721586,1.708306549278414,137.67628455143085,1
12.772928701157674,0,2,32.0,4,1,2.0,3,0,4,1,4,1,12.924309567052559,2.1513808658948843,2.529833030632094,0.22707129884232602,209.29311980782705,1
0.0,0,3,7.539226721228221,3,0,3.0,3,3,2,1,7,0,14.23038663938589,0.23038663938588944,1.0,0.46077327877177887,128.1356794328385,1
1.0,0,1,10.289243902819669,3,0,3.0,4,4,2,1,3,0,13.867731708459004,5.710756097180332,7.4215121943606635,7.710756097180332,164.70327146191872,1
0.0,0,3,7.261291739821136,2,0,3.0,3,3,2,1,6,0,14.369354130089432,0.3693541300894323,1.0,0.7387082601788646,128.3079991213109,1
9.0,2,1,7.327485477250774,5,0,3.0,4,3,3,2,7,1,14.327485477250773,0.336257261374613,1.672514522749226,2.3538008296222905,123.02000000000001,1
1.0,1,1,11.354715177416422,1,0,3.0,4,4,1,1,3,1,15.763523215055718,4.645284822583578,6.236476784944281,7.118238392472141,161.49380085849805,1
1.0,1,3,22.953945212493775,4,0,3.953945212493776,4,2,4,1,7,0,15.953945212493776,1.953945212493776,2.046054787506224,3.0,178.29342355350724,1
1.0,2,1,7.2688575598104705,4,0,3.1344287799052353,4,4,5,0,3,1,12.134428779905235,1.1344287799052355,2.0,1.0,147.86064948923217,1
0.0,1,2,14.57721607300895,2,1,2.0,3,3,1,2,2,0,12.57721607300895,0.0,1.0,0.0,124.12769388871655,1
2.281734928025303,1,2,21.674037867424957,4,0,3.0,3,0,2,0,2,0,12.348075734849914,0.6740378674249567,1.0,1.629810662875216,181.01348929738768,1
0.01666047124421599,1,3,14.950018586267351,4,1,3.016660471244216,4,4,4,1,3,0,12.049981413732649,2.0,2.0,1.983339528755784,143.99633469632627,1
9.0,0,2,8.661055224651552,3,0,3.0,3,4,2,2,2,0,12.0,1.0,1.0,0.0,123.02000000000001,1
0.20433976933855802,0,2,32.0,4,0,2.2043397693385582,3,0,2,0,2,0,22.204339769338556,1.6130193080156738,1.6130193080156738,9.0,175.1006160554737,1
0.0,2,1,14.0,0,1,2.922517026207614,4,3,1,1,2,1,17.922517026207615,0.0,1.0,0.0,123.45268842217882,1
9.0,1,1,28.0,4,0,2.0,3,3,3,1,4,0,11.0,0.0,1.0,0.7176861657892798,123.02000000000001,1
4.0,1,3,29.0,5,1,4.0,5,2,3,0,4,1,13.0,2.0,2.0,1.0,188.8,1
1.0,1,3,10.743586972301058,3,1,3.0,5,0,1,1,3,0,12.0,5.487173944602116,7.717934861505291,3.0,228.80769022922578,1
8.0,0,1,7.066022025855481,3,1,3.0660220258554807,4,4,4,1,3,1,13.0,2.0660220258554807,3.0,4.0,148.42,1
1.0,1,3,8.13105863080429,4,1,3.8689413691957095,5,2,4,1,3,0,12.13105863080429,2.0,6.475765476782838,3.0,222.39294315745227,1
0.0,0,3,14.202605642092221,4,0,2.0,3,3,1,2,2,0,13.797394357907779,0.7973943579077786,1.0,1.5947887158155571,123.18745281516063,1
1.0,0,2,23.444359156655143,4,0,3.4920513080935915,4,1,3,1,5,0,12.492051308093592,1.4920513080935918,2.5079486919064085,3.0,223.39238460757193,1
0.0,0,1,15.0,0,1,2.0,3,3,5,2,3,1,11.0,0.0,1.0,0.0,131.72,1
7.553576641557237,0,3,18.067854015065656,4,1,3.0,4,1,4,1,4,0,12.689284671688553,2.553576641557237,6.824992701819868,11.0,260.02592000127987,1
0.5144896023120388,1,1,24.0,4,0,3.5144896023120387,3,3,3,1,2,0,15.942041590751845,1.0289792046240775,2.4855103976879613,1.4855103976879613,146.63391001821955,1
12.429493950830471,0,2,14.0,3,0,3.713670699446353,4,3,3,0,3,0,12.429493950830471,5.143164650276824,7.856835349723176,7.856835349723176,151.2436276484076,1
1.0,1,3,16.0,4,1,3.0,5,2,5,2,9,0,23.0,1.0,2.0,4.0,159.07,1
7.7985993095513475,0,3,17.92084041426919,4,1,3.0,4,1,4,1,4,0,12.64028013808973,1.3597198619102695,6.481960966628113,11.0,259.6231027350976,1
9.0,2,1,30.463844613747263,2,1,2.0,4,3,3,2,5,1,16.783067682483583,0.0,1.463844613747264,2.536155386252736,123.0710229075122,1
0.0,1,3,9.282637246963633,3,1,2.0,4,0,1,0,2,0,11.0,3.8479117408908996,4.695823481781799,7.282637246963633,203.46197793522273,1
18.22574661800599,1,1,8.443563345498502,4,0,2.443563345498503,3,5,2,1,5,0,15.443563345498502,4.556436654501497,8.112873309002994,8.887126690997006,291.97,1
1.0,2,1,31.06112302485773,3,1,3.0,4,4,4,1,3,1,18.183369074573182,1.0,2.061123024857727,1.122246049715454,149.02193312638516,1
6.705054175957658,0,1,24.589891648084684,1,1,3.0,4,4,3,1,9,1,15.820216703830631,1.7050541759576578,2.294945824042342,1.589891648084684,150.31972555341633,1
10.0,1,3,16.0,3,1,3.5245363938308794,4,0,1,1,4,0,14.622681969154398,2.9018544246764817,5.0,3.0,223.4579614014267,1
19.0,2,1,14.0,1,1,3.0,3,3,3,1,9,0,11.0,6.0,9.0,8.0,123.38999999999999,1
2.8652734570254506,1,3,20.134726542974548,3,0,3.0,5,2,1,1,8,0,14.689121090495759,1.0,2.689121090495758,3.310878909504242,179.10777382506603,1
1.0,1,1,8.863641052417156,3,1,3.0,4,4,2,1,8,0,17.590923157251467,1.2727178951656877,3.0,2.1363589475828437,169.3722537377105,1
1.0,2,1,23.990427542043328,1,1,3.0,4,4,1,0,7,0,13.003190819318892,1.996809180681109,2.0,4.003190819318891,148.67220166533002,1
0.0,1,3,9.0,4,1,2.0,4,0,1,0,2,1,11.0,3.0,3.0,7.0,203.25,1
1.0,0,2,16.111150879783313,4,0,3.111150879783312,4,4,4,1,3,0,20.333452639349936,1.8888491202166882,2.0,1.0,142.9766941070505,1
1.0,1,3,19.0,4,0,3.0,2,4,4,2,3,0,16.0,1.0,2.0,1.0,152.16,1
0.0,1,1,14.0,0,0,2.7268769061397715,3,3,4,1,1,0,17.0,0.0,1.0,0.5462461877204567,124.04554954252644,1
1.0,1,1,9.0,3,1,3.874013671308716,4,4,2,1,4,0,12.251972657382568,1.1259863286912843,2.125986328691284,1.2519726573825687,159.82354287097482,1
5.103562929722093,0,3,11.103562929722093,4,1,2.2207125859444186,3,1,3,2,2,0,17.558574828111162,3.1171496562223253,6.337862242166744,7.0,194.13268122689328,1
19.841551962810094,1,1,29.257071590911035,4,0,3.841551962810094,3,4,1,1,4,0,17.158448037189906,1.316896074379812,2.316896074379812,1.316896074379812,150.67352443388452,1
1.0,1,3,11.06220509152569,5,1,3.0,5,2,2,2,3,1,12.93779490847431,5.751179633897236,7.626769450845854,4.937794908474309,183.22774772311843,1
5.886485391413968,0,3,11.886485391413968,4,1,3.177297078282794,4,1,3,2,3,0,18.645405843434414,5.113514608586032,7.468108765151619,3.0,219.01806428666657,1
1.0,0,1,10.311381939892584,2,1,3.688618060107416,4,4,4,0,7,0,14.934145819677752,2.0,2.0,3.0,164.88340674234715,1
8.0,1,2,7.0,3,1,4.0,5,0,5,0,10,0,15.0,3.0,4.0,3.0,229.82,1
0.0,2,1,15.0,3,0,2.0,3,3,5,2,8,0,22.49724980839039,0.5027501916096123,1.0,3.5027501916096124,138.05680901946423,1
1.0,0,3,26.6789064684191,4,0,4.0,4,2,3,0,4,1,13.123827360533145,2.3210935315808987,3.1605467657904494,3.0,170.67830072118474,1
4.095000670631091,1,1,30.047500335315544,3,0,3.0,3,3,5,1,1,0,13.349166778438516,0.0,1.0,1.9524996646844548,140.37381709363513,1
7.460258519431245,1,1,25.615064629857812,0,0,3.0,2,3,3,1,3,1,11.38493537014219,0.7698707402843774,1.3849353701421887,3.2301292597156226,124.77915464154981,1
0.3513441999118214,2,1,14.0,3,0,3.0,3,3,5,1,7,1,20.17567209995591,1.0,1.1756720999559107,0.3513441999118214,124.03999999999999,1
2.0263797834196593,2,1,13.0,4,1,4.0,4,4,5,1,7,1,22.48681010829017,1.5131898917098296,2.5131898917098296,3.0,147.4286585415595,1
19.0,2,1,14.0,4,1,3.0,3,3,1,2,2,0,16.0,0.0,1.0,0.0,125.87,1
12.080217350908525,0,2,14.0,3,0,3.9465217660609833,4,3,3,0,3,0,12.080217350908525,5.026739116969508,7.973260883030492,7.973260883030492,151.49277828968528,1
1.0,0,1,29.395781072359945,5,0,3.2014063092133522,4,0,4,0,8,0,15.395781072359943,2.0,2.0,3.0,224.24622805039118,1
1.0,1,1,11.0,1,1,3.0,4,4,5,2,3,0,20.0,2.0,2.0,1.0,154.73,1
0.0,0,2,8.602411468787757,4,1,2.0753014335984696,3,1,3,1,7,0,11.92469856640153,1.0,1.9246985664015304,1.8493971328030605,199.17617502137384,1
2.2482950696360415,0,3,31.37585246518198,5,0,2.3758524651819792,4,0,4,2,4,0,13.503409860727917,0.37585246518197923,1.3758524651819792,0.7517049303639585,191.32336951448562,1
1.7178214090160515,0,3,11.435642818032104,4,1,2.820544647745987,4,0,2,0,2,1,12.0,4.358910704508026,3.641089295491974,4.435642818032103,229.92431843652994,1
18.964289591158774,0,3,8.985715836463509,3,1,3.0,4,2,2,2,5,0,16.98571583646351,1.007142081768245,7.95714750939053,3.978573754695265,176.5691462067612,1
0.0,2,1,13.0,4,1,3.0,3,2,3,0,2,0,18.0,0.5432694071141597,1.0,1.0,148.83,1
11.683077538634421,1,3,17.012308153975816,4,0,3.0,4,0,1,1,2,0,18.012308153975816,0.6707693846586055,6.683077538634421,7.670769384658605,199.77861620792353,1
0.052481710099727574,0,1,14.947518289900273,4,0,3.0,3,2,4,0,4,0,17.0,0.052481710099727574,1.0524817100997277,6.790073159601089,153.4809926840399,1
9.0,2,2,12.450236286672617,5,1,3.0,3,3,3,1,3,1,21.549763713327383,1.0,1.0,2.0,123.02000000000001,1
1.0,0,1,13.745251292663282,4,0,3.2547487073367187,4,4,2,1,3,1,17.509497414673437,1.2547487073367187,2.0,2.4905025853265625,153.96189948293468,1
0.0,2,3,15.0,4,1,3.0,4,4,5,0,4,0,12.0,1.3518848343470065,2.0,2.0,144.0,1
0.0,0,3,23.82246121913717,4,1,2.705615304784293,2,2,1,1,8,1,13.294384695215706,0.0,1.294384695215707,3.411230609568586,153.44036318549337,1
0.5215509839109671,0,3,20.956898032178067,2,0,3.0,3,1,3,1,5,0,12.478449016089034,1.0,1.521550983910967,0.5215509839109671,182.15241302326743,1
1.0,0,1,15.62605771302156,3,1,3.0,4,4,5,2,4,0,12.0,1.0,2.0,1.3739422869784401,156.45574745053523,1
1.0,0,1,15.884243621270917,3,1,3.0,4,4,5,2,4,0,12.0,1.0,2.0,1.115756378729083,156.6381988256981,1
1.0,0,3,14.092267702870785,5,0,3.0,4,4,2,1,2,0,16.271821531419477,1.3640892342902617,2.0,1.7281784685805233,148.4080550143987,1
0.23413157433746845,2,1,20.765868425662532,6,1,2.2341315743374683,3,2,3,1,7,0,14.468263148674938,0.4682631486749369,1.468263148674937,0.23413157433746845,148.34234131574337,1
1.0,0,1,12.0,3,0,3.0,2,4,3,2,4,0,15.237639450025112,1.0,2.0,3.920786849991629,149.31207868499916,1
0.047058379460018895,2,2,9.0,4,0,3.047058379460019,3,2,3,2,9,0,14.094116758920038,1.0,2.0,0.047058379460018895,145.7761175893298,1
1.0,0,1,29.941655848895756,5,0,3.019448050368081,4,0,4,1,9,0,15.941655848895756,2.0,2.0,3.0,224.4754954565362,1
1.0,1,1,18.811205972226556,3,0,4.0,4,4,2,0,3,1,12.755176111093778,2.0,2.0,1.0,150.31047492360744,1
0.0,0,1,14.0,0,0,2.0,3,3,3,1,2,1,13.585591602281506,0.41440839771849514,1.0,4.927958011407524,123.68900858784029,1
2.8074784002084687,1,2,28.064173866597176,4,1,2.9358261334028226,4,2,3,0,3,1,12.064173866597176,1.0,1.0,0.06417386659717716,163.50223325898912,1
1.0,1,1,12.628821022202672,1,0,3.0,4,4,2,1,4,1,14.914119318531553,5.0,7.085880681468447,7.542940340734224,159.99885000061553,1
1.0,0,1,29.129234683882412,5,0,3.2902551053725295,4,0,4,0,8,0,15.129234683882412,2.0,2.0,3.0,224.1342785672306,1
7.0,1,1,21.0,3,0,3.0,3,0,1,0,2,0,11.0,0.0,1.0,5.0,179.78,1
0.0,0,3,17.0,6,1,2.0,2,2,3,0,9,0,12.0,1.0,1.0,2.0,147.07,1
9.0,1,1,30.390494108995018,4,0,2.390494108995017,3,3,3,1,4,1,15.952470544975084,2.3429646539701006,3.3429646539701006,4.952470544975084,123.02000000000001,1
1.0,1,2,15.568431954330503,3,1,4.0,5,4,4,1,4,0,12.568431954330503,2.5684319543305034,2.5684319543305034,3.0,167.22625533229836,1
11.456048766160032,1,2,14.543951233839968,2,0,4.0,5,0,1,1,2,0,17.0,1.0,4.375979100217129,3.0,222.3340383162686,1
1.0,2,2,8.973375223234049,2,0,3.0,4,4,3,2,2,0,14.013312388382976,1.0,2.0,3.0399371651489275,145.4418637343736,1
2.498253056567779,0,2,30.0,4,0,3.0,2,0,4,1,6,1,16.0,1.2508734717161105,2.0,0.7526204151483316,230.07350137043213,1
1.0,0,1,9.0,4,1,3.4903435491962393,4,4,4,0,8,1,15.49034354919624,1.5096564508037607,2.0,2.0193129016075213,145.65536490361418,1
2.817730812638007,1,3,27.908865406319002,4,0,3.091134593680996,4,2,3,0,3,1,12.0,1.0911345936809964,1.1822691873619928,0.27340378104298946,164.41880389109397,1
0.0,2,1,10.644430346731475,1,0,2.0,3,3,2,0,2,1,14.570379768845683,4.140759537691365,5.429620231154317,6.2148101155771585,136.1538683931684,1
9.0,1,1,14.974812606201615,4,0,2.0,4,4,4,2,2,0,12.487406303100808,0.48740630310080757,1.0,0.0,123.02000000000001,1
1.3823984526965551,0,2,7.0,3,0,3.0,4,4,4,1,3,1,12.054628350385222,2.0,3.0,3.0546283503852223,148.0418513401541,1
1.0,1,1,7.114473387033619,4,1,4.0,4,4,3,2,2,0,14.828289919449572,1.9427633064831906,2.0,2.8855266129663812,162.15977010088383,1
0.0,0,1,8.930998619712584,4,1,3.0,3,3,2,0,1,0,11.0,0.06900138028741598,1.0,0.13800276057483196,128.65972259494035,1
0.9494926076171935,2,1,9.0,4,0,2.9494926076171932,4,3,1,1,2,0,22.797970430468773,1.9494926076171935,1.9494926076171935,1.0505073923828065,136.30738706265817,1
1.0,0,1,10.547304744114685,2,0,3.0,4,4,2,0,3,0,14.641914232344053,6.0,6.905390511770632,7.452695255885316,163.6890923556293,1
0.0,2,1,8.328677155996743,3,1,2.8904409480010855,3,3,3,2,2,0,11.219118103997829,0.0,1.1095590519989142,0.2191181039978285,134.80179401712047,1
1.0,1,3,9.94911622575479,3,1,3.0,5,0,1,0,4,0,12.0,4.949116225754789,9.0,3.0,229.54908677204313,1
0.5277515010548415,1,3,20.416745496835475,4,0,3.0,2,3,4,2,4,0,15.52775150105484,1.0,1.5277515010548415,1.4722484989451585,152.67002837886076,1
9.0,0,2,10.0270133625891,4,1,3.0,3,4,4,2,2,0,13.351342241726067,0.6756711208630334,1.0,0.0,123.02000000000001,1
1.0,0,1,9.0,4,1,3.0478560829236487,4,4,4,1,8,1,15.047856082923648,1.0,2.0,2.9042878341527025,145.44297091980334,1
9.234480836728364,1,1,10.17635440524691,4,1,3.0,4,4,4,0,6,0,13.0,2.0,2.1763544052469093,3.881772026234546,148.79459086119445,1
0.29099848867362044,1,1,8.29099848867362,3,1,2.2909984886736203,3,4,3,1,7,0,16.41800302265276,2.0,2.0,1.5819969773472409,144.2855975818778,1
0.0,1,3,21.58762698661511,4,0,2.587626986615109,3,2,3,1,6,0,14.587626986615108,1.0,1.4123730133848913,2.0,153.71835269552648,1
1.0,2,2,13.820591789324148,4,1,4.0,4,4,1,1,3,1,22.179408210675852,1.8205917893241481,2.0,3.0,147.38759541443477,1
0.3922670415235471,0,1,30.784534083047095,2,1,3.392267041523547,4,0,3,1,2,0,12.0,1.0,1.3922670415235472,9.0,184.84678439878255,1
0.0,2,1,9.580414840848494,5,0,2.5524481448939382,3,3,1,2,2,1,13.0,5.1048962897878765,7.0,7.552448144893938,125.5531485830903,1
0.0,1,3,22.0,5,0,3.0,3,2,5,2,6,0,15.0,1.0,1.0,2.0,153.24,1
0.35775476329371425,0,3,21.28449047341257,3,0,3.0,3,0,3,1,4,0,12.642245236706286,0.35775476329371425,1.3577547632937144,0.35775476329371425,181.98206495382547,1
8.936099057951626,1,3,8.936099057951626,5,0,3.936099057951626,5,5,4,2,3,1,15.063900942048374,1.9360990579516262,1.9360990579516262,11.0,291.7316494861596,1
9.0,0,3,17.776996173341786,4,1,2.9256653911139283,3,3,5,0,2,0,18.074334608886073,1.0,1.0,0.0,123.02000000000001,1
0.8846371986942961,0,1,32.0,3,0,2.8846371986942962,4,1,2,1,2,0,22.884637198694296,2.7692743973885925,3.6539115960828883,9.0,170.807939276239,1
1.0,0,1,10.0,4,1,3.0,5,4,1,0,2,1,12.0,1.0,2.0,1.0,153.53,1
0.0,0,2,18.888905703024818,6,1,2.0,2,2,3,0,8,0,12.944452851512409,0.5277735742437957,1.0,1.0555471484875913,147.66972756071038,1
0.7128823693447365,1,1,8.425764738689473,3,1,2.7128823693447366,4,3,3,2,7,0,17.13864710803421,0.7128823693447365,2.425764738689473,1.425764738689473,168.39793708293675,1
1.0,1,1,8.214181328790213,3,0,3.0,4,4,4,1,8,0,20.607090664395106,1.6070906643951068,2.0,6.035453321975534,152.43540568211256,1
1.034843789662538,0,3,10.0,2,1,2.0,3,0,4,2,1,0,20.96515621033746,3.2587109474156346,4.776132842246904,7.0,195.2327261493665,1
4.916846994626728,1,1,21.347192167562213,3,0,3.0,3,0,1,0,4,0,12.388768670248847,0.34719216756221194,1.6943843351244239,4.305615664875576,179.64806697632636,1
5.0,1,1,19.0,2,0,3.0,4,5,3,0,3,0,15.0,2.8232706187312657,9.0,9.0,291.97,1
2.0,2,1,29.0,3,1,3.0,3,4,5,2,1,0,13.0,0.0,1.0,3.0,139.04,1
0.0,0,3,14.0,5,0,2.0,4,3,3,1,1,0,16.124720440084197,0.0,1.0,0.0,123.54866333642609,1
0.320295221423166,1,2,9.039114335730503,5,1,2.640590442846332,4,2,1,2,2,1,12.640590442846332,6.0,7.320295221423166,5.60147610711583,156.2237046784633,1
0.5701816317546939,2,1,13.859636736490613,4,0,3.140363263509388,3,4,5,1,6,0,22.570181631754693,1.0,1.570181631754694,3.4298183682453063,144.126777486445,1
1.0,0,2,7.779607982028331,4,0,3.3898039910141655,4,4,3,2,3,0,13.0,2.0,2.0,1.0,138.7225333569448,1
0.23051424212634153,0,2,8.0,4,0,3.0,4,3,1,1,7,0,13.942371439468415,0.0,1.0,0.0,127.84596600076279,1
0.8471962805331756,0,2,8.0,4,0,3.0,4,3,2,1,7,0,13.788200929866706,0.0,1.0,0.0,127.83517406509067,1
0.0,0,1,14.0,4,0,2.0,2,3,3,2,4,1,14.0,0.0,1.0,3.0,124.32,1
16.0,1,1,8.0,2,0,3.0,4,0,1,1,1,0,16.0,0.46586030386430277,1.0,9.0,201.69,1
0.0,2,1,14.0,0,0,3.0,3,3,5,1,2,1,17.0,0.0,1.0,0.0,123.97999999999999,1
1.0,0,1,32.0,4,0,4.0,4,4,4,1,3,1,20.0,2.2565076078042248,8.0,9.0,145.22,1
1.0,1,3,23.0,4,0,4.0,4,0,4,1,4,0,19.508005164802444,1.7868578806860633,2.0,2.5737157613721267,209.78103725916483,1
7.601532063354057,0,1,30.46870941780541,4,0,3.132822645548648,4,4,3,1,4,1,23.0,1.0,2.0,1.2656452910972955,156.5821072444348,1
1.0,1,2,9.955843147175164,3,0,3.955843147175164,4,2,3,2,9,0,15.132470558474509,1.9558431471751638,3.0,1.0441568528248362,170.68389413699157,1
2.5265693883102607,1,1,12.52656938831026,2,1,3.7632846941551303,4,4,4,1,9,1,22.23671530584487,2.0,2.7632846941551303,2.5265693883102607,148.7583087860446,1
1.0,0,2,13.117384542482753,4,1,4.0,5,2,3,1,5,1,19.469538169931017,1.1173845424827542,7.295692745103475,7.882615457517246,186.6049631483669,1
0.9030212374839046,0,1,7.193957525032191,4,0,3.8060424749678092,2,0,3,1,2,0,11.903021237483905,3.9030212374839044,4.806042474967809,7.903021237483904,199.827549509936,1
1.0,1,1,8.88858632776951,4,0,3.9442931638847547,4,4,3,2,3,0,13.0,2.0,2.0,1.0,138.91105967572082,1
2.0,0,1,8.0,4,1,2.0,3,1,1,1,8,0,11.0,6.0,9.0,3.0,221.69,1
0.0,2,1,14.0,3,1,3.0,4,4,3,2,2,1,11.0,1.0,1.0,2.0,139.89,1
4.239902102753793,0,3,31.154987762844225,4,0,2.309975525688448,3,0,3,2,3,1,12.154987762844224,1.0,1.154987762844224,0.6199510513768964,190.63467410719687,1
1.0,1,1,25.059050144458272,5,0,3.940949855541728,4,4,1,1,3,0,19.940949855541728,1.940949855541728,2.0,1.0,151.76465959551683,1
0.2716641913636555,1,3,19.0,3,1,2.543328382727311,3,2,5,0,3,0,17.54332838272731,0.543328382727311,1.2716641913636555,1.7283358086363445,143.144992574091,1
9.0,2,1,6.518781717679282,0,1,2.8962436564641436,3,2,2,0,3,0,15.792487312928287,1.7924873129282872,1.8962436564641436,0.0,123.02000000000001,1
1.59084407262753,0,3,31.704577963686233,5,0,2.7045779636862353,4,1,4,2,5,0,14.818311854744941,0.704577963686235,1.704577963686235,1.40915592737247,191.65866952295997,1
9.452797338004602,0,3,15.0,2,1,3.0,4,0,1,1,2,0,15.90944053239908,2.818881064798159,3.818881064798159,6.7283215971972385,195.89749291964904,1
1.0,0,1,9.0,4,1,3.0,4,4,5,0,8,1,15.0,1.331996749256986,2.0,3.0,145.42,1
0.13332681634257515,1,2,7.26665363268515,3,1,2.133326816342575,4,2,3,2,7,0,15.399980449027726,0.13332681634257515,1.2666536326851503,0.2666536326851503,167.54599042002357,1
1.0,1,1,28.444462222483338,3,1,3.1481540741611123,4,4,2,1,3,0,21.296308148322225,2.0,2.0,1.0,148.8618555259799,1
1.0,0,2,21.279662644913515,4,0,3.182808949273359,4,1,3,1,5,0,12.182808949273358,1.1828089492733591,2.817191050726641,3.0,223.48515731521798,1
0.01366168547060942,2,1,9.0,3,1,3.0136616854706095,3,4,4,0,5,0,13.0,1.0,1.0136616854706095,1.9863383145293905,140.29114687405055,1
0.7299155113941982,1,2,6.0,3,1,2.1042736444848855,4,0,3,0,6,0,11.312820933454656,1.1042736444848855,8.374358133090688,6.895726355515115,205.95757247150416,1
0.0,2,1,14.0,3,0,3.0,4,3,4,1,6,0,19.884222733026533,0.9710556832566329,1.0,0.02894431674336706,124.08110092977557,1
1.0,0,3,7.760354215042444,3,0,3.0,4,4,4,2,3,1,12.0,2.7603542150424434,2.7603542150424434,3.0,147.71325339525433,1
0.03238913777599506,2,1,16.93522172444801,3,0,3.0323891377759953,4,2,4,0,5,0,15.097167413327986,1.0,1.032389137775995,0.03238913777599506,147.80919085670897,1
0.0,2,1,11.007530461117948,1,0,2.0,3,3,2,0,2,1,14.328313025921368,4.664156512960684,5.671686974078632,6.335843487039316,135.7278309256216,1
1.0,1,1,14.0,4,1,4.0,4,2,3,0,3,0,19.0,1.5138665257132717,2.0,2.0,173.83,1
0.0,2,1,14.0,0,1,2.0,3,3,3,1,2,1,13.0,0.7966448690151381,1.0,1.7966448690151382,123.76253682095756,1
1.0,1,1,9.0,3,1,3.662018449530164,4,4,2,1,5,0,12.675963100939672,2.0,2.337981550469836,1.6759631009396723,159.77902387440133,1
1.0,0,3,15.11647007401935,5,0,3.0,4,4,2,1,2,0,15.589019950653766,1.0,2.0,2.4109800493462332,148.31246279309153,1
1.0,1,1,7.562513371356941,3,0,3.1875044571189806,4,3,1,1,10,0,15.0,2.8124955428810194,3.0,2.6249910857620393,172.47624064005015,1
1.0,1,2,29.498803086511746,5,1,3.249401543255874,5,4,2,1,3,0,12.74820462976762,1.2494015432558736,2.0,1.0,139.46011525597183,1
12.8879728472739,0,3,16.94398642363695,4,1,3.0,4,1,3,1,8,0,13.415979635455425,4.820016970453812,2.471993211818475,10.528006788181525,256.15121423885114,1
0.0,2,2,17.569365732168695,3,0,3.0,2,3,3,1,2,0,15.0,0.28708951188753584,1.143544755943768,0.28708951188753584,127.19732163654537,1
14.07295574812973,0,1,15.185408850374055,4,1,3.0,4,0,1,1,4,0,15.258364598503782,1.8145911496259457,2.5562265511221627,3.8145911496259455,230.47283496892774,1
0.18206312888185539,2,1,9.0,3,1,3.1820631288818553,3,4,4,1,5,0,13.0,1.0,1.1820631288818553,1.8179368711181447,140.05875288214304,1
1.9742742412460177,2,1,15.051451517507964,3,0,4.0,4,4,5,1,8,1,21.487137120623007,2.0,2.487137120623009,1.9742742412460177,149.04,1
1.0,0,3,16.0,5,0,3.0,4,4,3,2,3,0,14.155202418811854,2.0,2.8447975811881463,3.0,151.9217654297922,1
20.0,1,1,8.0,4,1,2.0,3,5,4,2,8,1,15.0,5.079605076992506,9.0,8.0,291.97,1
0.0,0,2,28.0,6,0,3.0,4,3,4,1,2,0,12.0,1.0,1.0,0.0,128.63,1
1.0,1,1,10.271732298264288,2,1,3.3456535403471426,4,4,3,2,2,1,14.345653540347142,1.0,2.6543464596528574,3.0,160.40893873160326,1
13.0198403853651,1,2,17.50992019268255,4,0,2.254960096341275,3,0,2,0,3,0,18.12748004817064,0.25496009634127526,6.745039903658725,6.6175598554880875,176.2965131079941,1
9.0,2,2,27.97659024202763,5,1,2.0,4,3,3,2,2,0,12.755852439493093,1.0,1.0,0.24414756050690722,123.02000000000001,1
0.0,2,1,7.099780282629941,2,0,3.0,3,3,4,1,7,0,19.54989014131497,1.0,1.0,4.7494507065748515,127.48860216857707,1
1.0,0,1,15.851654748887034,1,0,3.0,4,4,3,0,3,0,16.074172625556482,1.9258273744435175,2.9258273744435175,3.0,152.52680858080132,1
2.6399738005412687,2,2,25.319986900270635,5,0,3.0,3,3,3,2,2,0,20.979980350405953,0.3400065498646828,1.0,1.3199869002706344,129.88017072210488,1
0.0,0,1,14.0,0,1,2.611231587138403,3,3,3,0,2,0,12.388768412861596,1.611231587138403,1.611231587138403,2.0,125.178618861518,1
0.13141238285526846,1,1,8.131412382855268,3,1,2.1314123828552685,3,4,3,1,7,0,16.737175234289463,1.8685876171447315,2.0,1.262824765710537,144.03025981256843,1
0.0,2,1,14.73751499209941,0,0,3.0,3,3,3,1,2,0,15.0,1.7375149920994089,1.7375149920994089,1.475029984198818,127.04727128878115,1
0.0,2,1,13.162430954978767,0,0,2.4187845225106166,3,3,5,2,4,0,11.0,0.4187845225106167,1.0,3.5812154774893834,127.83891710320717,1
1.0,0,1,14.0,4,1,4.0,5,2,3,2,3,1,23.0,2.0,2.0,7.0,185.74,1
0.12442188685189348,2,2,26.124421886851895,3,0,3.1244218868518936,4,2,3,1,3,1,11.124421886851893,0.12442188685189348,2.0,2.3732656605556803,145.70073547929817,1
1.0,2,1,9.0,4,0,4.0,4,4,5,1,3,1,13.0,2.0,2.0,1.0,145.74,1
0.0,2,1,14.0,0,1,2.4496487211612488,3,3,2,1,2,0,19.1007025576775,1.0,1.0,0.0,123.60362997317034,1
1.5139554466907081,0,1,32.0,3,0,3.513955446690708,4,2,5,0,8,0,18.05582178676283,1.4860445533092919,2.0,1.4860445533092919,191.84179024726114,1
16.239507529271968,1,1,15.859261293907952,3,0,2.309876882317992,3,2,4,0,5,0,15.929630646953976,5.070369353046024,6.070369353046024,5.760492470728032,149.47817291410996,1
3.3497983803338474,2,2,25.674899190166922,5,0,3.0,3,3,3,2,2,0,21.512348785250385,0.16255040491653816,1.0,1.6748991901669237,130.67339969002307,1
9.0,0,1,12.968969049530605,4,1,2.6770103168231314,2,4,5,0,2,0,20.354020633646265,1.0,1.0,0.0,123.02000000000001,1
0.0,0,2,30.11098780988904,1,1,2.0,2,3,4,2,2,0,17.33296342966712,1.0,1.1109878098890404,0.2219756197780811,123.0322086590878,1
1.0,1,1,9.0,5,1,3.839366387381449,4,4,3,1,8,1,15.83936638738145,1.1606336126185508,2.0,1.3212672252371014,145.8228958659431,1
2.0,1,1,32.0,3,1,4.0,4,2,5,0,9,1,20.0,1.1730238697511643,2.0,1.0,191.73,1
4.666139681880381,0,2,19.800316190871772,3,1,3.0,4,0,4,1,3,1,13.0,1.0,8.733227936376077,10.199683809128228,262.18517734583656,1
14.880469130452923,1,1,13.521876521811688,3,1,2.119530869547078,4,2,3,1,3,0,15.0,5.521876521811689,6.402345652264611,6.521876521811689,149.6992647043039,1
12.848403876585612,0,3,15.0,2,1,3.0,4,1,2,1,4,0,15.230319224682878,1.4606384493657552,2.460638449365755,4.690957674048633,193.7039310957257,1
0.0,0,1,9.106411762902844,3,0,2.0,3,4,2,1,2,0,12.319235288708533,5.787176474194311,6.787176474194311,6.8935882370971555,140.42180177179182,1
2.2477330811022673,1,2,22.82175241698539,4,0,4.0,4,0,2,0,3,0,13.64350483397078,1.8217524169853903,2.0,1.8912379150730478,206.28380692308326,1
0.1389689918866246,0,2,17.861031008113375,5,0,2.1389689918866246,3,2,1,2,3,0,22.72206201622675,4.583093024340126,5.583093024340126,6.444124032453502,146.56599131586324,1
1.0,2,2,8.494595115119713,2,0,3.0,4,4,3,2,2,0,14.252702442440143,1.7472975575598568,2.0,3.7581073273204293,145.47537834194162,1
16.191655471653334,1,2,8.952086132086666,4,0,2.9520861320866665,4,5,2,0,3,0,15.952086132086666,5.9520861320866665,7.095827735826667,9.904172264173333,291.97,1
0.0,1,1,14.0,4,1,3.0,3,3,3,2,2,1,23.0,1.0,1.0,0.0,124.70301170807959,1
1.8665197374167013,1,1,29.711160087527766,4,1,3.288839912472234,5,2,3,0,4,1,13.711160087527766,2.0,2.0,1.7111600875277662,185.50021719387118,1
0.0,0,3,14.0,5,0,2.0,4,3,2,1,1,0,15.986406902827776,0.9932034514138882,1.0,0.013593097172223567,123.50809696639588,1
18.29156950060064,1,2,10.416860998798716,3,1,3.0,4,2,1,1,5,0,16.763856500200212,2.944573999199144,8.0,4.944573999199144,176.08284573543847,1
8.570409603830926,0,3,17.457754237701444,4,1,3.0,4,1,3,1,5,0,12.485918079233814,1.5140819207661853,5.401426554636703,11.0,258.35424661130196,1
9.0,2,1,27.55873034067024,3,0,2.2206348296648803,3,3,3,1,4,1,11.0,0.0,1.0,1.6619044889946406,123.02000000000001,1
7.567490426671766,0,1,12.432509573328234,2,1,2.5224968088905886,4,3,4,1,8,0,16.522496808890587,0.47750319110941153,1.0,0.0,123.66462930799771,1
1.0,0,2,20.435900569458582,2,1,3.6410248576353546,5,4,5,0,3,0,20.435900569458582,2.717950284729291,2.717950284729291,1.0,146.31359189007912,1
1.0,1,3,8.57266331079008,2,0,3.0,5,4,3,2,3,0,13.57266331079008,1.2136683446049594,2.0,3.0,145.71776884798643,1
0.5948919454121433,1,1,8.21532416376357,5,1,3.1897838908242866,4,3,1,2,2,1,13.189783890824287,6.0,7.594891945412144,6.974459727060717,154.46079371045406,1
0.0,0,1,14.0,0,0,2.002708149820452,3,3,4,1,1,0,17.0,0.0,1.0,1.9945837003590958,124.2193500440431,1
1.0,0,2,30.0,6,0,3.0,4,0,5,1,10,1,16.0,2.0,2.0,3.0,224.5,1
19.380890362624662,1,1,14.0,4,1,2.6191096373753373,3,3,1,1,5,0,15.238219274750675,0.3808903626246626,1.0,0.0,125.08155694936696,1
0.49604272601658306,1,3,13.511871821950251,5,0,3.0,3,2,4,2,1,1,14.519786369917085,0.9920854520331661,1.496042726016583,3.496042726016583,182.33920854520332,1
9.0,2,2,12.99223335784603,4,1,3.0,3,3,1,1,2,1,21.007766642153967,0.9922333578460313,1.0,2.0,123.02000000000001,1
5.571171906849118,0,1,31.5079079896499,3,1,2.984184020700196,3,0,4,1,2,0,12.492092010350097,3.015815979299804,5.555355927549314,3.0,215.4045830951049,1
0.0,2,3,14.972974803143458,5,0,3.0,4,3,4,2,2,0,13.0,1.0,1.9864874015717295,1.972974803143459,127.5890547952731,1
9.0,2,1,24.39133830409385,4,0,2.7217323391812305,3,3,3,0,2,0,12.44346467836246,0.7217323391812304,1.0,0.27826766081876964,123.02000000000001,1
0.3954182702423781,1,2,7.581673080969512,3,1,2.790836540484756,4,2,4,1,7,0,14.604581729757623,0.7908365404847562,1.395418270242378,1.1862548107271342,166.54334672870556,1
0.0,2,1,14.0,0,1,2.0,3,3,2,1,2,1,13.0,0.3128100035313234,1.0,1.3128100035313235,123.83995039943497,1
0.8147936675236587,0,2,31.62958733504732,4,1,3.8147936675236584,4,1,1,1,2,0,12.0,1.0,1.8147936675236587,9.0,182.29049831148185,1
7.408692135932896,0,1,30.7478251279817,4,1,3.0,4,2,4,2,3,0,20.0,0.4173916240061003,1.4173916240061004,2.165216751987799,142.38504312983335,1
1.0,0,1,13.309668870401293,4,0,3.6903311295987073,4,4,2,1,3,1,18.380662259197415,1.6903311295987073,2.0,1.619337740802585,154.13613245183947,1
0.0,0,1,15.0,0,1,2.0,3,3,5,2,3,1,11.0,0.0,1.0,0.0,131.72,1
3.2599852332983152,1,2,16.32285503332833,4,0,3.322855033328331,4,4,3,2,3,0,13.354289933343338,2.0,2.677144966671669,3.0,153.16822485865785,1
0.0,2,2,24.0,6,1,3.0,2,3,5,1,1,0,17.0,1.0,1.0,0.0,129.56,1
0.0,0,1,14.0,4,0,2.0,2,3,3,2,4,1,14.0,0.0,1.0,3.0,124.32,1
1.0,0,3,25.0,5,0,4.0,4,2,3,0,2,1,19.0,2.5493504476288926,4.0,3.0,171.14,1
1.0,0,3,7.0,1,0,3.2200900660472724,5,4,4,2,3,1,12.0,2.0,2.0,3.0,146.74,1
1.507969506752507,1,1,10.015939013505013,3,0,3.2539847533762534,4,4,5,0,9,0,21.253984753376255,2.0,2.2539847533762534,6.730076233118733,151.30042619726996,1
1.0,0,1,10.877692178827848,1,0,3.0,4,4,1,1,3,0,15.633076536483545,5.122307821172152,6.2446156423443036,7.122307821172152,162.39066973720657,1
1.0,1,1,17.268698072948933,3,1,3.0,4,2,5,1,3,0,16.17913204863262,1.0,2.0,8.462603854102136,167.14791320486327,1
1.5692717695422207,2,3,9.853907654313332,2,0,3.0,4,3,2,1,3,0,14.28463588477111,1.0,2.0,2.4307282304577793,145.55954707160387,1
1.0,0,1,9.0,3,1,3.728857746619412,4,4,1,1,7,1,14.0,1.271142253380588,3.0,3.0,161.5204529862781,1
1.0,2,1,30.520656442808274,4,0,3.0,4,4,3,1,6,1,14.280984664212413,1.0,2.0,3.520656442808275,145.5292586497397,1
1.0,0,1,12.889645537854179,1,0,3.2775886155364553,4,4,3,1,4,1,13.44482276892709,3.1103544621458217,8.277588615536455,8.0,158.41498297539826,1
1.014783802888586,1,3,14.963040492778536,1,0,3.0,4,2,4,1,7,0,18.007391901444294,2.0,2.0,2.9852161971114137,178.253495126729,1
1.0,1,1,7.9817291741568015,4,1,4.0,4,4,3,2,2,0,13.527406238764797,2.0,2.0,2.0182708258431985,161.0973817616579,1
0.0,1,3,9.442722070487815,3,1,2.0,4,0,2,0,2,0,11.0,5.860680517621954,9.0,8.41795844713414,204.2911777181701,1
0.0,1,1,14.0,0,0,2.866227030578677,3,3,4,1,1,0,17.0,0.0,1.0,0.26754593884264644,124.01210551266111,1
1.0,0,1,6.128414117137593,2,1,3.128414117137593,4,4,3,0,3,0,16.0,1.1284141171375934,2.0,1.2568282342751869,151.36193618664066,1
1.0,0,3,32.0,3,1,4.0,5,2,5,2,10,0,19.0,1.581654192506242,3.0,3.0,174.69,1
1.0,0,1,12.44439561845108,3,0,3.0,4,4,3,1,2,0,17.55560438154892,1.4443956184510807,2.0,2.1112087630978387,148.90447911089973,1
0.6967170605954729,1,1,18.213131757618108,3,1,2.696717060595473,5,3,1,1,8,0,14.0,1.0,2.0,3.393434121190946,157.66063584358682,1
1.0,1,3,16.0,5,0,3.0,5,4,4,2,3,0,14.0,2.716606298960031,3.0,3.0,152.6,1
1.0,2,1,31.0,2,1,3.3586613630264592,4,4,3,1,3,1,18.35866136302646,1.3586613630264592,2.0,1.0,148.83611027314203,1
0.0,1,1,9.732207525477365,1,0,2.0,3,4,2,0,2,0,14.196622576432098,5.267792474522634,5.535584949045267,6.267792474522634,137.96242442487394,1
0.0,0,2,17.703306821486475,4,0,2.4322310595045082,3,1,3,1,5,0,11.0,1.1355378809909835,1.5677689404954918,1.1355378809909835,199.37852825543874,1
0.0,1,1,10.182975036774918,1,0,3.0,3,3,4,2,2,0,18.90851248161254,1.0,1.0,0.0,129.6870008663579,1
1.0,0,1,32.0,3,1,3.2533967953557963,3,2,5,0,8,0,19.0,0.2533967953557962,1.5067935907115924,0.7601903860673884,168.74703849103213,1
1.987403598728213,0,1,8.012596401271788,4,0,2.0125964012717867,4,4,4,2,3,0,23.0,0.025192802543573922,1.012596401271787,0.012596401271786961,136.45445758344042,1
0.0,2,1,14.355514938479406,0,0,3.0,3,3,4,1,2,0,15.0,1.355514938479406,1.355514938479406,0.7110298769588121,126.50483121264075,1
9.817135473245127,0,3,32.0,4,0,3.1828645267548725,2,2,3,1,4,0,12.548593580264617,1.0,1.1828645267548725,2.634270946490255,164.68134300907644,1
5.605575722713521,1,3,17.39442427728648,4,0,3.0,5,2,2,1,9,0,14.232404046214413,1.0,2.232404046214413,3.767595953785587,178.67845980344157,1
0.0,2,1,13.27126399728008,0,0,2.36436800135996,3,3,5,2,4,0,11.0,0.0,1.0,3.63563199864004,127.67403504412067,1
0.007056534217092847,0,2,29.021169602651277,5,0,2.0070565342170927,3,0,4,0,9,0,15.056452273736742,1.0070565342170927,1.0070565342170927,2.0564522737367428,199.5133368496703,1
0.7777174890725507,2,1,8.333152467217651,5,1,3.5554349781451013,4,4,2,1,8,1,15.555434978145101,1.2222825109274493,2.0,1.2222825109274493,146.33789654652708,1
0.0,2,1,14.0,4,0,2.0,3,3,3,2,2,1,13.0,3.225839632223392,7.0,7.0,123.94,1
0.1760247550411338,2,1,8.176024755041134,3,1,2.3520495100822676,3,4,3,2,7,0,16.823975244958866,1.8239752449588662,2.0,1.0,144.18613149048556,1
0.0,0,2,14.0,4,0,2.0,2,3,2,2,2,1,14.0,0.0,1.0,2.1337671297323295,123.37580617140823,1
1.0,1,3,15.0,1,1,3.0,5,2,5,2,8,0,18.0,1.5558160520784958,2.0,3.0,178.26,1
18.0,1,3,8.0,3,1,2.0,3,2,1,2,5,0,16.0,0.13705280282815546,7.0,3.0,151.6,1
1.0,1,3,15.0,1,1,3.0,5,2,5,2,8,0,18.0,1.1377885766780618,2.0,3.0,178.26,1
6.448277058742784,0,1,29.264369411657047,4,0,3.0,3,3,3,1,3,1,22.0,0.0,1.0,0.3678152941714772,131.571379394112,1
9.0,0,1,14.983906363897164,4,0,2.0160936361028363,3,3,4,1,4,0,13.95171909169149,1.0,1.0,0.03218727220567286,123.02000000000001,1
3.6389747468507356,0,3,10.0,4,1,2.0,3,1,4,2,1,0,18.361025253149265,3.8194873734253676,6.729231060138051,7.0,193.7548818311622,1
1.0,1,1,22.851790338660543,3,1,3.1482096613394583,4,4,3,1,3,0,13.851790338660543,2.0,2.1482096613394583,3.0,149.08125689737452,1
1.1051487956220063,2,1,13.0,5,1,4.0,4,4,5,0,6,1,22.947425602188996,2.0,2.052574397811003,3.0,145.90402125675442,1
4.582338522007528,0,1,11.686753891505646,4,1,3.895584630501882,4,4,5,1,8,0,17.686753891505646,1.0,2.0,1.208830738996236,146.0021300098262,1
16.72406722278351,1,1,14.879151251262895,4,0,3.0,3,4,3,1,10,1,15.155084028479386,1.8620336113917544,3.431016805695877,5.844915971520614,149.61862033611393,1
0.0,1,2,30.93704150743636,3,0,2.0,4,2,3,2,1,0,22.531479246281823,2.4685207537181793,6.188875477690925,9.062958492563641,145.56364611411647,1
0.0,1,1,28.0,3,1,3.0,3,2,3,0,2,1,15.0,4.084073571020929,6.0,7.0,161.79,1
0.0,1,1,15.206421349170832,3,0,2.0,3,3,3,1,2,1,11.0,0.0,1.0,0.6032106745854158,123.08745418532048,1
0.4312104848643289,0,2,8.137579030271342,4,0,2.8624209697286576,3,0,2,1,2,0,11.431210484864328,3.431210484864329,3.8624209697286576,7.431210484864329,201.61571226236418,1
1.0,2,1,8.0,3,1,2.0,3,2,4,1,5,0,11.0,0.43070206586520476,1.0,4.0,148.55,1
9.0,1,1,8.00207651760008,4,1,2.997923482399919,3,4,3,2,2,0,12.00207651760008,0.0,1.0,0.0,123.02000000000001,1
9.260708774132851,1,3,15.521417548265704,3,0,3.260708774132852,4,0,2,1,3,0,17.564252644797115,0.2607087741328522,3.4785824517342956,7.260708774132852,196.69838210955905,1
1.0,0,2,26.408601396556445,4,0,3.0,4,4,3,1,2,0,12.48172027931129,1.481720279311289,2.0,1.0,152.99769874075977,1
9.277783901326353,1,3,15.555567802652707,3,0,3.277783901326354,4,0,2,1,3,0,17.666703407958124,0.2777839013263538,3.4444321973472922,7.277783901326353,196.7316786075864,1
0.17415669239539633,0,1,31.47752992281381,4,1,3.0,4,2,4,2,3,0,20.0,0.34831338479079266,1.1741566923953963,2.6516866152092073,142.65016920528902,1
0.0,2,1,27.17183178348797,5,0,3.0,3,3,2,2,2,0,20.812475304850267,1.0,1.0,0.45311882621256705,127.39218120273682,1
0.0,0,1,12.28675810331469,4,1,2.7144596838857815,4,3,1,2,2,0,22.71445968388578,0.7144596838857817,1.0,0.0,123.99880976692351,1
0.0,2,1,14.0,1,0,2.555372342086095,3,3,5,2,6,0,12.110744684172191,0.5553723420860953,1.0,5.666117026258286,124.93165159084602,1
5.081243401010153,0,2,27.108324534680204,4,0,3.972918866329949,4,4,3,1,3,1,23.0,1.0,2.0,2.945837732659898,156.4056870380707,1
0.0,0,1,14.0,0,1,3.0,3,3,3,0,2,0,12.0,1.4492681584656366,2.0,2.0,126.1,1
0.7035551122558469,1,3,9.592889775488306,5,1,2.703555112255847,4,3,4,1,2,0,11.703555112255847,0.7035551122558469,1.703555112255847,3.0,156.01178312212062,1
1.0,0,3,18.0,6,1,3.0,2,2,3,0,10,0,13.0,2.0,2.0,3.0,172.07,1
0.0,2,1,14.0,4,0,3.0,3,3,1,0,2,1,11.0,1.0,1.0,0.0,125.15,1
16.0,1,1,15.0,3,1,3.0,5,2,4,0,4,0,16.0,6.0,8.0,8.0,174.41,1
10.630961635658492,0,3,31.841840700996496,4,0,4.0,2,2,3,1,5,1,13.0,1.0527197663345012,2.0,3.8418407009964968,188.96103763972314,1
9.0,0,3,6.446170437812697,2,0,2.5538295621873033,4,3,3,2,2,0,11.446170437812697,0.5538295621873035,1.0,1.107659124374607,123.02000000000001,1
0.5539794872200806,0,1,8.446020512779919,4,0,3.1079589744401614,2,0,3,1,2,0,11.553979487220081,2.4460205127799193,4.1079589744401614,7.55397948722008,201.1504177434359,1
17.616360549465078,0,1,31.297954931316866,4,1,3.7020450686831348,4,3,2,2,3,0,17.893864793950595,0.7020450686831345,1.7020450686831345,1.595909862633731,148.4774219015256,1
0.0,0,3,7.544924364479615,2,0,3.0,3,3,1,1,6,0,14.455075635520384,0.45507563552038444,1.0,0.9101512710407689,128.41429378804528,1
0.0,2,1,14.0,1,0,2.8364462054698127,3,3,5,2,6,0,12.672892410939625,1.0,1.0,6.509338616409438,124.10248369386406,1
0.0,0,1,14.0,0,1,2.695876150531964,3,3,3,0,2,0,12.912371548404108,1.695876150531964,1.695876150531964,1.3917523010639277,126.05742266107447,1
1.757787350179594,0,1,13.863318974730609,2,1,3.621106324910203,4,3,2,1,3,0,13.757787350179594,1.0,2.0,1.0,144.72958648866344,1
0.0,1,3,14.0,1,1,2.0,4,2,5,2,7,0,17.0,0.3018000558611551,1.0,2.0,153.26,1
1.0,1,3,22.89974307840887,4,0,3.899743078408872,4,2,4,1,7,0,15.899743078408871,2.0,2.100256921591128,3.0,178.35629802904572,1
8.344337381231092,0,3,7.37159304235901,4,0,4.0,4,2,2,1,9,0,12.37159304235901,2.0,2.0,4.5136278305639586,187.66120886133874,1
17.754596073743937,1,2,8.561350981564015,4,0,2.5613509815640154,4,5,2,0,5,0,15.561350981564015,6.0,7.877298036871969,9.122701963128032,291.97,1
14.116270806662547,1,3,31.961243064445817,4,1,3.0387569355541824,4,0,5,1,6,1,14.0,3.0,2.0387569355541824,1.077513871108365,233.38264684165003,1
1.0,0,1,9.999096670409342,2,1,3.499548335204671,4,4,3,2,7,0,17.500451664795328,1.0,2.500451664795329,2.499548335204671,166.3822041242012,1
4.059104968500357,1,3,7.0,4,0,3.764776242125089,4,2,1,2,9,0,12.940895031499643,1.0,2.0,4.823881210625446,186.67536028343184,1
1.0,0,3,24.937769607950344,4,1,3.7344424019875864,3,2,1,1,9,1,14.265557598012414,1.7344424019875864,2.2655575980124136,4.468884803975173,178.40115833329688,1
0.0,1,1,14.0,0,0,2.8067735696487675,4,3,4,1,2,0,15.0,1.0,1.0,0.0,125.99227094278595,1
0.7481932339491185,0,1,31.496386467898237,3,0,3.496386467898237,4,3,4,1,2,1,20.755420298152643,1.2518067660508816,8.251806766050882,9.251806766050882,145.41389120985917,1
2.0,0,1,8.0,4,1,2.0,3,1,1,1,8,0,11.0,6.0,9.0,3.0,221.69,1
7.4031216087182585,1,1,16.914731658388323,4,0,3.9147316583883227,4,4,3,2,3,0,12.170536683223355,2.0,2.0852683416116773,3.0,154.20992771876345,1
3.9367140379167935,0,1,30.267632582261943,3,0,3.8661837088690296,3,3,4,2,2,0,13.73236741773806,0.8661837088690295,1.8661837088690296,3.8661837088690296,164.03063285962082,1
1.0,1,1,19.00162709813334,4,0,3.4991864509333306,5,4,5,1,4,1,16.0,2.5008135490666694,2.5008135490666694,1.0,149.67284409497333,1
0.0,1,1,8.0,1,1,2.2965375896202618,4,3,1,1,6,1,13.0,0.703462410379738,2.0,2.0,135.40506698122027,1
0.0,0,1,8.0,4,1,3.0,3,4,1,0,7,1,13.0,1.4697734991697025,2.0,2.0,137.22,1
18.72804223572145,1,2,30.56798944106964,3,0,4.0,4,0,3,1,5,0,13.567989441069637,3.160052794651813,5.592063353582176,3.0,228.8924656398547,1
1.0,0,2,13.000950501896355,4,1,4.0,5,2,3,1,5,1,19.00380200758542,1.0009505018963551,7.99429698862187,7.999049498103645,186.71906850814156,1
0.0,2,1,14.0,0,1,2.0,4,3,1,2,2,1,13.0,0.0,1.0,1.0,123.88999999999999,1
11.206433297758,0,1,6.0,4,1,2.8967833511210004,3,0,3,2,9,1,13.103216648879,0.0,1.0,0.0,153.13599528282015,1
0.0,1,3,9.414964831281338,3,1,2.0,4,0,2,0,2,0,11.0,4.244894493844014,5.489788987688028,7.414964831281338,203.561223623461,1
2.0229150671194858,0,3,31.488542466440258,5,0,2.488542466440257,4,0,4,2,4,0,13.954169865761028,1.4885424664402571,1.4885424664402571,0.9770849328805142,191.43831331576905,1
1.0,0,1,10.524196271063307,2,0,3.0,4,4,2,0,3,0,14.572588813189922,6.0,6.9516074578733855,7.475803728936692,163.7799086547212,1
0.0,0,1,9.666129164885566,4,0,3.0,3,3,1,1,1,1,11.666129164885566,0.3330645824427829,1.0,0.0,128.52333870835113,1
9.0,1,1,15.4657118602587,4,0,2.0,4,4,4,2,2,0,12.73285593012935,0.7328559301293507,1.0,0.0,123.02000000000001,1
0.0,0,1,14.0,0,1,2.0,4,3,5,2,8,0,11.0,0.9106649953838885,1.0,0.0,125.61000000000001,1
9.56432793387771,1,3,16.12865586775542,3,0,3.56432793387771,4,0,3,1,4,0,19.38596760326626,0.5643279338777096,2.8713441322445807,7.56432793387771,197.29043947106152,1
1.0,1,1,16.258172390284923,1,0,3.129086195142462,4,4,3,0,3,0,16.0,2.0,2.870913804857538,2.7418276097150764,152.2366976028977,1
2.226896270201833,1,1,29.48459751346789,3,1,3.7422987567339443,3,3,4,1,2,0,14.257701243266055,2.030804973064223,3.030804973064223,4.7731037297981675,163.46017220265136,1
0.6431043526178503,1,3,20.070686942146448,4,0,3.0,3,3,4,2,4,0,15.64310435261785,1.0,1.6431043526178502,1.3568956473821498,152.54544729917274,1
0.0,0,1,13.474052780127703,3,1,2.684256597515963,3,0,3,1,7,0,11.315743402484037,1.0,1.315743402484037,0.6314868049680742,200.0348018024975,1
0.6215187240340485,0,1,18.135443827897856,4,0,3.243037448068097,4,4,4,1,2,1,23.0,1.0,1.6215187240340485,1.3784812759659515,141.25855534004975,1
0.0,0,1,20.0,6,0,2.0,3,0,1,2,1,1,12.0,2.4397239127379535,7.0,7.0,175.53,1
0.0,2,2,14.0,5,1,2.0,4,3,4,1,3,1,16.66548192197841,0.8896787186810591,1.4448393593405295,0.0,123.78302529971438,1
9.497062610836625,0,3,15.497062610836625,3,1,3.8994125221673253,4,0,1,2,3,0,17.20117495566535,4.2011749556653495,5.301762433498024,3.0,220.92444905852173,1
0.0,1,1,14.0,4,1,3.0,3,3,3,2,2,1,23.0,1.0,1.0,0.0,124.67593370305696,1
0.386696449987462,0,1,6.386696449987462,3,0,3.0,2,1,2,1,5,0,12.546785799949848,3.0,3.613303550012538,5.453214200050152,173.84515264451994,1
1.1788575752796526,0,2,8.821142424720348,4,1,2.8211424247203474,4,1,3,1,8,0,12.642284849440694,2.715430301118611,4.073145451677917,3.0,223.64431897083443,1
1.0,2,1,13.0,4,1,4.0,2,4,5,0,3,1,22.0,1.9694908994061782,2.0,1.0,141.01,1
1.0,1,1,12.638221590734613,1,0,3.0,4,4,2,1,4,1,14.907852272843591,3.361778409265388,7.092147727156409,7.546073863578204,159.98782000020472,1
9.0,1,1,8.493000379856653,4,1,2.5069996201433473,3,4,3,2,2,0,12.493000379856653,0.49300037985665257,1.0,0.0,123.02000000000001,1
9.0,2,1,30.42782803821623,2,1,2.0,4,3,3,2,5,1,16.56696822929738,0.0,1.4278280382162303,2.57217196178377,123.06706108420379,1
14.338259291831445,2,1,14.0,3,1,2.0676518583662893,3,3,3,0,9,0,11.93234814163371,1.338259291831446,2.4735630085640246,7.067651858366289,124.52746473279313,1
1.8582067909770297,0,1,32.0,3,0,3.8582067909770297,4,2,5,1,8,0,19.43282716390812,2.0,2.0,1.1417932090229703,191.76261243807528,1
1.0,1,1,7.829398875378356,3,0,2.170601124621644,3,2,4,1,4,0,11.170601124621644,0.3412022492432887,1.3412022492432887,3.829398875378356,148.45958140395055,1
9.0,0,3,6.4367578178470755,2,0,2.563242182152925,4,3,3,2,2,0,11.436757817847075,0.563242182152925,1.0,1.12648436430585,123.02000000000001,1
1.0,2,1,24.071999143607147,3,1,3.0,4,4,2,1,3,1,14.0,1.4640004281964263,2.0,2.4640004281964263,148.81575993148857,1
1.0,1,1,12.36728833494627,2,0,3.0,4,4,5,2,4,0,12.0,2.0,2.0,4.210903888351243,153.96096121829572,1
1.0,0,1,12.41157153042174,2,0,3.397107117394565,4,4,3,1,4,1,13.205785765210871,3.588428469578259,8.397107117394565,8.0,158.4257396405655,1
1.0,1,3,30.0,4,0,3.0,5,0,5,0,3,0,14.0,1.3457795379709871,4.0,11.0,198.36,1
13.998199907665617,0,3,7.0,5,1,3.0,3,2,3,1,5,0,14.994599722996853,1.0,1.9981999076656176,1.0,172.27099953832808,1
19.700159826119947,1,1,20.550239739179922,3,0,3.9250399565299867,4,3,4,0,9,0,18.77511986958996,4.149920086940027,5.224880130410039,4.299840173880052,174.61350879043658,1
1.0,1,3,27.0,4,0,4.0,5,2,3,0,5,1,12.0,1.223009823533733,3.0,3.0,170.59,1
0.0,0,1,14.0,0,1,2.0,3,3,4,1,1,0,21.184208125256905,0.40789593737154684,1.0,1.1842081252569063,123.43842172492808,1
0.0,2,1,7.695564806097774,3,0,2.347782403048887,3,3,1,1,10,0,14.0,1.6522175969511128,2.0,1.3044351939022256,147.13965695359735,1
0.0,0,2,29.95670887730603,4,0,3.0,4,3,1,1,2,0,13.956708877306033,1.0,1.0,0.0,123.14143159915659,1
0.0,0,1,13.0,4,0,3.0,3,3,3,0,2,1,16.0,0.0,1.0,2.0,128.86,1
1.0,0,1,10.0,4,0,3.680953291403576,4,4,4,2,3,0,12.319046708596424,5.042859874210729,8.680953291403576,8.0,160.82818377526968,1
9.0,0,1,12.482702146549757,3,0,3.0,2,4,4,1,2,1,21.241351073274878,0.0,1.0,0.0,123.02000000000001,1
7.05690804506391,1,1,25.514227011265977,0,0,3.0,2,3,3,1,3,1,11.485772988734022,0.9715459774680448,1.4857729887340225,3.028454022531955,125.23998255851448,1
1.0,1,1,8.539191079513634,3,1,3.0,4,4,2,1,8,0,16.6175732385409,1.921617840972734,3.0,2.4608089204863672,170.6862761279698,1
0.0,0,3,19.0,2,0,2.2550934328323793,3,2,4,1,6,0,11.510186865664759,0.5101868656647588,1.2550934328323793,0.5101868656647588,158.59129476715148,1
0.7678763636337114,2,1,15.464247272732578,3,0,3.7678763636337114,4,3,4,0,3,0,17.303629090901133,1.0,1.7678763636337114,0.7678763636337114,148.6991303999968,1
0.24820541263274365,1,2,15.0,3,1,3.2482054126327435,4,4,4,0,3,0,12.248205412632744,1.0,2.0,1.7517945873672565,144.0099282165053,1
0.5883656892176566,0,1,32.0,3,1,3.5883656892176568,4,3,2,1,2,0,11.588365689217657,0.5883656892176566,1.5883656892176568,6.23490293234703,158.2998837949679,1
1.0,0,2,21.4886500055794,4,0,3.212664286511343,4,1,3,1,5,0,12.212664286511343,1.2126642865113428,2.787335713488657,3.0,223.4762007140466,1
19.90298178176291,0,1,14.0,4,1,2.0970182182370896,3,3,1,1,9,0,14.194036436474178,0.9029817817629106,1.0,0.0,124.00082771175079,1
0.0,2,1,14.0,3,0,3.0,4,3,4,1,6,0,19.743045696571496,1.0,1.0,0.06423857585712589,124.13121877771711,1
0.0,0,1,14.0,0,1,2.0,4,3,5,2,8,0,11.0,0.4073039333571222,1.0,0.0,125.61000000000001,1
1.0,2,1,28.1749646808572,3,1,3.0,4,4,3,1,3,0,20.8250353191428,2.0,2.0,1.0,147.54174794038246,1
1.0,0,1,21.574991295342773,3,0,4.0,4,4,2,0,3,0,12.858330431780924,2.858330431780925,2.858330431780925,2.7166608635618497,150.96541391019187,1
1.0,1,1,16.53637792565655,3,1,3.4636220743434496,4,2,5,1,3,0,14.609133776969651,1.4636220743434498,2.4636220743434496,6.218267553939301,167.99697327902226,1
9.0,0,2,14.35281389792015,4,1,2.2157287006932833,2,4,5,1,2,0,19.431457401386567,0.7842712993067169,1.0,0.0,123.02000000000001,1
0.9468801963410236,2,1,16.946880196341024,2,1,2.9468801963410236,4,3,2,1,3,0,12.053119803658976,1.8937603926820472,1.9468801963410236,2.0531198036589764,135.03634899830445,1
3.899319550047728,0,1,11.174489662535796,4,1,3.724829887511932,4,4,5,1,8,0,17.174489662535795,1.0,2.0,1.550340224976136,145.89113942688275,1
1.0,0,3,24.806118960857727,5,0,4.0,3,2,3,2,8,0,14.795920692761515,2.0,2.0,4.204079307238485,178.11959206927614,1
1.0,0,2,13.06852100740332,4,1,4.0,5,2,3,0,5,1,19.274084029613277,5.725915970386723,7.588873955580084,7.931478992596681,186.65284941274476,1
2.3235380653654305,1,2,13.014692901951854,1,1,3.3382309673172847,4,2,1,1,4,0,14.32353806536543,1.0,2.0,1.0,145.24441963948254,1
0.0,0,2,27.569381451608983,5,0,3.0,3,3,3,1,1,0,11.913876290321797,0.9138762903217963,1.0,0.0,128.52492907419258,1
1.13268596421874,1,2,22.981044862254464,4,0,4.0,4,0,2,0,3,0,13.962089724508932,1.9810448622544659,2.0,1.0947756887276716,206.5753120979257,1
16.3527570857023,1,1,14.043703442830179,4,0,3.0,3,4,3,0,10,1,14.690946357127876,1.0,3.338189271425575,6.309053642872124,149.61676378542853,1
1.0,0,3,7.816890289504168,4,0,3.0,5,4,3,2,3,0,13.0,1.1831097104958317,2.0,1.0,138.59,1
1.0,1,1,15.0,3,1,4.0,5,4,3,2,3,1,12.0,2.0,2.0,3.0,164.89,1
14.0,0,3,12.896739803308666,1,1,3.300465742384476,4,2,3,0,6,0,14.399068515231047,2.0,2.0,3.399068515231048,192.75568329517856,1
1.0,1,1,7.0,4,1,4.0,5,4,3,2,2,1,15.0,1.3069310729812327,2.0,3.0,162.3,1
3.8287169862761687,0,2,31.942905662092056,4,1,3.0570943379079436,5,0,4,2,3,0,13.0,1.0570943379079436,2.0,3.0,215.72760906298245,1
1.3430517325196507,0,2,30.313896534960698,1,1,3.0,2,4,5,2,2,0,16.284741337401748,0.6569482674803494,1.6569482674803493,1.6861034650393012,136.9837519227865,1
0.6669359852039066,0,2,31.00080795561172,5,0,2.6669359852039065,4,1,5,1,7,0,15.666935985203907,1.0,1.6669359852039065,2.0,194.47130267156254,1
1.0,0,1,14.205058396455602,3,1,3.8974708017721986,4,4,4,2,2,1,23.0,2.0,2.0,1.2050583964556028,149.56518091067602,1
0.0,2,1,22.0,4,0,3.0,2,3,5,2,2,0,16.0,5.964246051065274,9.0,11.0,127.43,1
0.0,1,1,9.860307627397061,1,1,3.0,3,3,5,2,1,0,19.419077117808815,0.8603076273970613,1.0,0.5587694904117546,129.91020316065777,1
0.0,1,3,15.0,3,1,2.0,3,4,1,2,2,0,13.0,0.0,1.0,0.0,123.02000000000001,1
0.0,2,1,14.0,0,0,2.972793701656444,3,3,4,1,2,0,17.08161889503067,0.027206298343556035,1.0,0.0,123.97428667734785,1
1.0,0,2,8.03387060077036,4,0,3.0,4,4,3,2,3,0,13.01693530038518,1.0,2.0,1.0,138.60033053323497,1
0.0,0,3,19.0,2,0,2.4939791491401877,3,2,4,1,6,0,11.987958298280375,1.493979149140188,1.493979149140188,0.9879582982803758,159.4727830603273,1
0.0,1,1,14.0,0,0,2.0,2,3,3,1,3,1,13.130647699007653,0.8693523009923474,1.0,2.1306476990076524,123.8070821424145,1
0.2631735442484959,2,2,26.263173544248495,3,0,3.263173544248496,4,2,3,0,3,1,11.263173544248495,1.0,2.0,2.7895206327454876,145.82422445438115,1
13.501040236984604,0,3,6.501040236984603,5,1,3.0,3,2,3,1,6,0,13.50312071095381,1.5010402369846034,1.5010402369846034,1.0,169.785201184923,1
0.5727605329550868,1,3,8.0,4,1,2.572760532955087,4,2,4,2,8,0,14.291042131820348,1.4272394670449131,2.0,1.4272394670449131,195.22104921854182,1
6.137227146616871,0,1,25.72554570676626,2,1,3.0,3,4,3,1,8,1,13.548908586467483,2.862772853383129,2.862772853383129,2.725545706766258,152.14812858789367,1
1.1246770787668159,0,1,27.187015618150223,4,0,3.9376614606165923,3,0,3,0,5,0,13.187015618150223,1.937661460616592,2.0,2.812984381849776,223.78234529263565,1
1.0,1,3,7.0,1,0,4.0,4,4,4,2,3,1,17.0,1.6480702292682232,2.0,5.0,157.02,1
1.5538507435428306,2,1,29.0,4,1,3.0,3,4,4,1,1,0,12.55385074354283,0.4461492564571695,1.4461492564571694,2.107701487085661,139.71368537725033,1
1.0,0,1,8.014980692993696,1,1,3.0,5,4,2,1,3,0,13.985019307006304,1.6716602309978987,2.0,1.0,150.74506872608066,1
0.0,0,1,9.0,4,0,2.0,3,4,3,2,2,0,12.0,3.335609886106216,7.0,7.0,140.84,1
1.0,0,2,12.74574083901107,4,0,3.0,4,4,3,1,2,0,17.25425916098893,1.0,2.0,1.508518321977861,148.69052400430212,1
1.0,2,1,9.63104939327022,4,1,3.368950606729779,4,4,3,2,3,0,13.63104939327022,1.6310493932702206,2.0,1.0,139.10038333618294,1
0.0,1,3,7.049968164563699,4,1,2.9750159177181503,4,1,4,0,2,0,11.0,1.049968164563699,5.925047753154452,7.0,197.2926527427421,1
1.0,2,1,7.0,4,0,4.0,5,4,4,2,9,1,14.0,2.0,4.0,8.0,147.16,1
17.94390652049396,1,1,10.429883150617451,2,0,2.5140233698765098,4,0,2,1,4,0,15.02804673975302,1.0,2.943906520493961,9.0,200.90757762550118,1
0.0,2,2,17.817261191562803,3,1,2.0,3,2,5,1,2,0,16.21150746104187,0.0,1.0,4.365477616874394,142.2511507461042,1
4.2087190445186895,1,1,30.104359522259344,3,0,3.0,3,3,5,1,1,0,13.368119840753115,0.0,1.0,1.8956404777406552,140.4462177916769,1
0.5270501564925637,1,1,7.5811504694776914,3,1,2.527050156492564,4,3,3,2,7,0,16.58115046947769,0.5270501564925637,2.0541003129851276,1.0541003129851274,168.12476373004407,1
0.0,2,2,13.417466222559264,5,1,2.582533777440736,3,3,4,1,3,0,13.834932445118529,1.417466222559264,1.417466222559264,0.0,125.35391619439612,1
0.0,0,1,14.0,4,0,2.0,2,3,2,2,3,1,14.0,0.3162117991101254,1.0,2.6837882008898744,123.97532913896995,1
13.50623769435935,0,2,7.0,5,1,3.246881152820326,4,1,3,2,6,1,14.753118847179675,1.0,2.0,1.0,173.89213392791672,1
1.0,1,1,8.727452391286121,4,0,3.7274523912861204,4,4,3,2,3,0,13.0,1.7274523912861204,2.0,1.0,138.83733381303728,1
1.0,2,1,23.260767084535477,3,1,3.0,4,4,3,1,3,1,14.0,1.8696164577322616,2.0,2.8696164577322616,148.75086136676282,1
1.0,0,2,13.189443433167403,4,1,4.0,5,2,3,1,5,1,19.757773732669612,1.1894434331674026,6.863339400995583,7.810556566832597,186.53434543549594,1
9.0,1,1,8.0,5,1,2.5988520305082026,3,3,3,1,7,1,14.598852030508203,0.40114796949179754,1.0,0.8022959389835951,123.02000000000001,1
1.0,2,1,21.0,3,1,3.0,4,4,1,0,7,1,14.0,1.947796066014457,2.0,5.0,149.36,1
18.0,1,3,8.0,3,1,2.0,3,2,1,2,5,0,16.0,0.3965905743863297,7.0,3.0,151.6,1
0.0,1,3,22.0,4,0,3.0,3,0,4,1,3,0,19.12590946165854,1.0,1.0,0.0,185.1367735900691,1
0.0,1,1,14.0,0,0,2.0,3,3,1,0,4,1,13.474554873637821,0.5254451263621795,1.0,5.423664620913462,124.02781158845353,1
1.0,0,1,30.671527082336613,3,1,3.890509027445538,4,4,1,1,3,0,22.781018054891074,2.0,2.0,1.0,149.32211559701622,1
9.0,1,3,16.0,4,0,3.0,3,0,4,1,6,0,21.0,0.7971467612721348,1.0,7.0,173.14,1
0.0016812434290432998,1,3,21.996637513141913,5,1,3.001681243429043,3,0,3,1,3,0,13.001681243429044,1.0016812434290432,1.0033624868580866,0.0050437302871300105,181.61795228141938,1
17.0,1,3,31.0,4,1,4.0,4,0,5,2,8,1,14.0,1.917274723207736,3.0,3.0,229.48,1
3.147824832878713,1,1,13.431883221919142,4,0,3.715941610959571,3,4,4,2,5,1,15.0,1.0,2.0,4.0,147.41559531484754,1
1.0,2,1,8.989549909147811,4,0,3.994774954573906,4,4,5,0,3,1,12.994774954573906,1.9947749545739062,2.0,1.0,145.75280136129393,1
1.0,1,3,9.89967675566543,4,1,3.0,5,0,1,0,3,0,12.0,3.933117837110286,4.167205407224284,3.0,228.3449726713034,1
8.118521917831472,2,1,14.0,5,1,2.5592609589157362,4,3,5,0,3,0,11.440739041084264,1.0,1.0,4.796304794578682,123.28444342465056,1
0.0,2,2,17.218790673636274,3,0,3.0,2,3,3,1,2,0,15.0,0.5208062175758168,1.2604031087879084,0.5208062175758168,127.22770480828486,1
13.3839963809219,0,1,15.48480108572343,4,1,2.83839963809219,4,0,2,2,3,0,15.35359855236876,1.16160036190781,2.0,5.13120253335467,232.48253020039948,1
1.0,1,1,21.0,6,1,3.0,5,4,4,1,3,1,23.0,2.0,2.0,3.0,162.43,1
15.31305856499649,1,3,8.31305856499649,5,0,2.3130585649964894,5,5,2,0,2,0,15.31305856499649,5.313058564996489,6.313058564996489,9.31305856499649,291.97,1
0.0,2,1,24.0,6,0,3.0,2,3,1,1,1,0,18.786227482644946,1.0,1.0,0.0,127.21111086032191,1
1.0,2,1,24.0,4,0,3.0,4,4,3,2,3,1,14.0,4.689417133871324,8.0,8.0,148.94,1
0.0,2,1,19.729616455667607,4,0,2.716202056958451,2,3,4,2,2,0,15.148606170875352,5.148606170875352,8.432404113916903,9.864808227833803,126.439545178785,1
1.3061368381242677,0,2,8.0,4,1,3.3877263237514645,4,1,4,1,4,0,11.693863161875733,3.224547352497071,7.6122736762485355,3.0,222.00223842284407,1
1.0,2,1,9.0,4,1,3.0,5,4,1,2,3,0,23.0,1.694186488716336,2.0,1.0,136.02,1
0.0,2,1,15.92608816274404,4,0,2.240761020343005,2,3,3,2,2,0,13.722283061029014,3.7222830610290147,7.48152204068601,7.96304408137202,124.78025596099708,1
19.619747854491568,2,1,14.0,2,1,2.3802521455084342,3,3,2,2,3,0,20.338234981440962,0.619747854491566,1.0,0.0,125.2006723171491,1
1.0,0,1,30.380707584121996,2,1,4.0,4,0,4,1,3,0,13.077411551984751,1.0,2.0,2.845176896030499,211.78572119336556,1
0.512835362435142,1,1,17.51283536243514,3,0,3.5128353624351423,5,3,4,1,4,0,15.512835362435142,1.0,1.512835362435142,0.512835362435142,149.42645822066552,1
6.970097092412777,0,1,29.626796123217037,4,0,3.3433009691957407,4,4,3,1,4,1,23.0,1.0,2.0,1.6866019383914819,156.53790679646892,1
2.642853163661471,0,1,21.014288101803118,3,1,3.0,4,0,3,0,6,1,13.0,1.0,8.328570632732294,8.985711898196882,261.5862845364438,1
0.39774369762274275,0,2,10.0,4,1,2.7954873952454857,4,2,2,2,2,1,12.0,4.795487395245486,7.795487395245486,5.5909747904909715,158.35954873952454,1
0.0,2,1,14.0,3,0,3.0,4,3,4,1,6,0,18.7107007021223,0.6776751755305751,1.0,0.3223248244694249,124.49770125074659,1
7.0,2,1,16.0,4,1,3.0,3,3,3,2,2,1,11.0,1.0,1.0,2.0,129.36,1
1.0,2,1,31.716834255955302,4,1,3.0,5,4,3,2,3,0,13.070791436011174,1.0707914360111745,2.0,1.9292085639888255,147.8082387300608,1
0.0,2,1,14.0,0,0,2.6603882523958253,3,3,4,1,2,0,18.018835242812525,0.33961174760417456,1.0,0.0,123.90868153300312,1
16.144831178059555,0,1,14.809194803656741,3,0,3.0,5,0,1,1,4,0,15.809194803656741,2.0,2.763220785373035,3.8091948036567413,230.27503063947628,1
16.308673240318278,1,1,13.944514790716129,4,0,3.0,3,4,3,1,10,1,14.63584155039785,1.6543366201591398,3.32716831007957,6.364158449602151,149.6165433662016,1
0.0,0,1,9.0,4,0,2.4972291950199956,3,3,3,2,2,0,11.502770804980004,6.0,7.994458390039991,7.0,137.18039312465282,1
0.0,0,3,30.0,2,1,2.0,2,4,5,2,2,0,17.0,0.049692986263818795,1.0,0.0,123.02000000000001,1
0.2999384897980636,0,2,29.89981546939419,5,0,2.2999384897980635,3,0,5,1,9,0,15.299938489798064,1.2999384897980635,1.2999384897980635,2.0,197.2384637869226,1
0.019167887524977778,1,2,9.0,4,0,3.0,3,2,3,1,9,0,14.019167887524977,1.0,2.0,0.057503662574933334,145.76329123936625,1
0.0,1,1,8.0,1,1,2.431989371463441,4,3,1,0,6,1,13.0,2.0,2.0,2.0,135.75453257837566,1
1.0,1,3,31.933976128199344,4,0,3.0,4,0,1,1,3,0,22.702892576897053,1.0330119359003271,2.0660238718006543,10.033011935900328,201.289973834222,1
9.0,0,3,18.0,4,1,3.0,4,3,5,0,2,0,18.0,1.0,1.0,0.0,123.02000000000001,1
3.0,2,3,12.0,1,1,3.0,4,2,1,0,5,0,15.0,1.0,2.0,1.0,145.86,1
0.7889270239488795,0,1,32.0,3,1,3.577854047897759,4,3,3,2,2,0,13.266437856306723,2.2110729760511205,3.0553648802556026,5.422145952102241,159.43961885975514,1
1.0,1,1,7.0,3,0,4.0,4,4,3,2,2,1,15.45085583365127,1.0,2.0,3.4508558336512705,161.10974059916066,1
0.0,0,2,29.564542200634133,4,0,3.0,4,3,1,1,2,0,13.564542200634133,1.0,1.0,0.0,124.24145912722126,1
1.0,1,3,20.34858571336117,5,0,4.0,4,0,3,1,3,0,15.51509387807933,1.6212265304801674,2.0,2.1363204085594982,206.8486272857975,1
0.0,2,1,14.0,0,1,2.0,3,3,3,1,2,1,13.0,0.9519210315135498,1.0,1.9519210315135498,123.73769263495782,1
14.0,0,3,10.86859668563094,2,1,3.5164254142961324,4,2,3,0,7,0,13.967149171407735,2.0,2.0,2.967149171407735,192.60883071827863,1
9.0,0,3,6.014647127272487,2,0,2.0,4,3,3,2,2,0,11.014647127272486,0.9853528727275133,1.0,1.9707057454550265,123.02000000000001,1
0.0,2,1,8.0,4,1,3.0,3,3,3,2,3,0,11.0,0.9211438801808418,1.0,0.0,134.85,1
1.0956559032017132,1,3,11.880430120997858,4,0,3.0239139758004283,4,2,2,2,3,1,12.0,1.9760860241995717,2.0,4.047827951600857,182.49954579974306,1
7.0,1,2,6.0,3,1,3.0,4,0,5,0,10,0,14.0,2.0,3.0,6.0,204.82,1
1.0,0,1,9.0,4,1,3.0,4,4,5,0,8,1,15.0,1.7918939654036272,2.0,3.0,145.42,1
12.537201765621298,0,1,15.73883947031361,4,1,2.7537201765621298,4,0,1,2,3,0,15.014880706248519,2.0,2.0,5.723958764065093,232.99738132650225,1
1.0,0,2,6.746620601170665,1,0,3.7466206011706653,5,4,4,1,2,0,20.479723607023992,1.7466206011706655,2.0,1.0,148.93665817082749,1
0.10492344083815497,0,2,10.0,4,1,2.20984688167631,4,2,2,2,2,1,12.0,6.0,7.2098468816763095,4.41969376335262,158.30098468816763,1
0.0,0,1,30.278212591631053,4,1,2.4260708638770176,3,2,2,0,3,1,12.147858272245964,0.5739291361229822,1.0,3.982496047139124,157.8860481170077,1
0.0,1,1,14.0,0,0,2.649222376989688,4,3,4,1,2,0,15.0,0.3507776230103121,1.0,0.0,125.9859688950796,1
0.16730625365057994,0,2,16.66538749269884,6,0,2.33461250730116,2,2,2,1,8,0,12.0,1.16730625365058,1.16730625365058,2.16730625365058,147.02482731151434,1
11.532966497933025,1,1,14.0,4,0,2.493406700413395,3,3,2,1,8,0,11.506593299586605,0.4934067004133952,1.506593299586605,4.532966497933025,123.82548334634271,1
9.0,1,1,8.0,4,1,3.0,3,4,4,2,2,0,12.0,0.08836708629152445,1.0,0.0,123.02000000000001,1
1.287943053082476,0,1,9.92801423672938,4,0,3.0,5,4,1,0,2,1,12.143971526541238,1.0,2.0,1.0,153.47601067754704,1
1.0,1,1,14.503739543614772,2,1,3.8345798478715905,4,4,3,2,3,1,12.330840304256819,2.1654201521284095,2.1654201521284095,3.0,163.9834975663363,1
3.9976765938680696,1,3,29.00464681226386,5,1,3.9953531877361392,4,1,3,1,3,1,12.99767659386807,1.9976765938680696,1.9976765938680696,0.9976765938680697,188.80497208912234,1
5.096414359145586,1,1,8.951792820427206,4,0,3.0,4,3,2,1,6,1,13.983930940142402,0.9839309401424022,1.9839309401424021,0.9839309401424022,152.79655113165333,1
0.0,2,1,14.0,0,1,2.0,3,3,3,0,3,1,13.0,0.9061375361274794,1.0,2.187724927745041,123.78913335223967,1
11.0,0,3,14.0,0,0,3.0,3,3,3,1,3,1,11.0,3.833664292888476,7.0,7.0,126.55000000000001,1
3.3321370557642798,2,2,25.66606852788214,5,0,3.0,3,3,3,2,2,0,21.49910279182321,0.16696573605893006,1.0,1.6660685278821399,130.65366315981657,1
0.0,2,3,14.0,5,1,2.0,4,3,4,0,2,1,18.0,0.0,1.0,0.0,124.13,1
6.187268764825173,0,1,31.258961605024975,4,1,3.0,4,4,2,1,4,1,23.0,1.2589616050249752,2.0,1.2589616050249752,155.6622005256086,1
1.0,0,1,22.75749304735386,4,0,3.87874652367693,5,4,4,1,3,1,23.0,1.1212534763230702,6.393732618384649,7.393732618384649,163.9765938816714,1
1.0,0,1,9.196667232390308,3,1,4.0,4,4,1,1,7,0,14.0,1.1966672323903071,2.803332767609693,3.0,162.82770174808604,1
0.0,0,1,14.0,4,0,2.052700000579933,4,3,2,2,2,0,20.1581000017398,1.0,1.9472999994200668,1.8945999988401339,126.15197799892132,1
0.0,0,2,26.971892561503296,5,0,3.0,3,3,3,1,1,0,11.794378512300659,0.7943785123006589,1.0,0.0,128.3791417850068,1
1.0,0,1,9.0,3,1,3.3863168122712564,4,4,1,0,7,1,14.0,2.3863168122712564,3.0,3.0,160.63669737565982,1
0.0,2,3,30.0,3,0,2.0,4,2,4,2,1,1,23.0,2.4461726690579497,9.0,10.0,145.99,1
9.0,1,1,30.454331335031366,4,0,2.454331335031365,3,3,3,1,4,1,16.271656675156827,2.7259880101881917,3.7259880101881917,5.271656675156827,123.02000000000001,1
0.3160248700848587,2,3,26.632049740169716,4,0,3.0,5,2,3,0,3,1,11.948074610254576,1.0,2.0,1.6839751299151413,145.7859354194526,1
9.0,2,1,8.0,4,0,3.0,3,3,5,1,2,1,12.0,1.0,1.0,0.0,123.02000000000001,1
1.0,1,1,29.52088578270068,3,1,3.479114217299321,4,2,3,0,4,1,14.958228434598642,3.916456869197283,4.395571086496604,4.874685303795925,185.4200703914972,1
5.530940255609881,1,2,12.185641533659286,4,0,2.469059744390119,5,2,2,1,7,0,13.469059744390119,1.0,1.469059744390119,2.061880511219762,153.14103937381472,1
1.0,2,1,17.0,4,0,4.0,5,4,5,2,8,1,21.0,2.0,2.0,1.0,149.04,1
0.0,0,2,14.0,5,0,2.0,4,3,3,1,1,0,15.818307817675302,0.18169218232469708,1.181692182324697,0.0,123.48092925082804,1
1.0,1,2,16.0,3,0,3.0,4,4,3,1,3,0,14.671364801285684,3.0,3.0,3.0,152.5395771678843,1
16.0,1,1,8.0,2,0,3.0,4,0,1,1,1,0,16.0,0.42541780244812044,1.0,9.0,201.69,1
0.0,2,1,14.0,4,1,3.0,3,3,4,2,2,1,23.0,1.0,1.0,0.0,124.72,1
0.0,1,3,32.0,5,0,2.0,3,0,1,0,2,0,22.0,0.48673949542955774,1.0,9.0,176.39,1
9.0,2,2,26.0,0,0,3.0,3,3,4,1,1,1,11.0,0.0,1.0,4.0,123.02000000000001,1
0.0,1,1,11.306071963002669,2,0,2.4234820092493328,3,3,3,1,3,1,12.153035981501334,4.423482009249333,7.8469640184986655,7.0,133.42811338083243,1
1.0,0,2,7.0,1,0,3.54763324079343,5,4,4,1,2,0,19.285799444760578,2.0,2.0,1.0,149.47591391744982,1
1.0,1,1,13.200928521093346,1,0,3.0,4,4,2,1,4,1,14.532714319271102,2.7990714789066544,7.467285680728897,7.733642840364449,159.32757720191714,1
4.0,1,3,29.0,5,1,4.0,5,2,3,0,4,1,13.0,2.0,2.0,1.0,188.8,1
9.0,1,1,14.544982278100019,4,0,2.0,3,3,4,2,3,0,13.089964556200036,0.544982278100018,1.0,0.0,123.02000000000001,1
13.566085229675048,2,1,13.91321704593501,4,1,2.0867829540649905,3,3,3,0,9,1,12.17356590812998,0.9132170459350095,1.9132170459350095,6.652868183740038,124.47201510303668,1
7.0,0,1,14.0,0,1,2.763150529403454,3,3,4,1,2,0,12.0,1.7631505294034537,1.7631505294034537,2.763150529403454,123.4673698941193,1
9.0,1,1,6.329868053705463,4,0,2.8350659731472687,4,3,4,1,7,1,13.16493402685273,1.0,2.670131946294538,6.1753298657363445,123.02000000000001,1
0.12461506318912474,1,2,14.249230126378249,1,0,2.1246150631891245,4,2,4,1,6,0,16.875384936810875,1.2492301263782495,1.2492301263782495,2.1246150631891245,153.15532334692114,1
1.0,2,1,26.268201402764383,3,0,3.6341007013821924,4,4,3,1,2,1,12.731798597235615,1.0,2.0,3.9023021041465773,147.3618173096689,1
0.770606497845618,0,1,32.0,3,0,2.770606497845618,3,2,5,1,7,0,18.082425991382472,1.0,1.0,0.22939350215438203,166.7827605054955,1
1.0,1,1,30.0,4,1,3.0,5,2,3,0,5,1,14.0,2.0,2.0,2.0,184.16,1
0.0,1,1,14.0,0,0,2.0,3,3,4,1,1,0,17.0,0.0,1.0,0.10938634915253531,124.08765704444069,1
10.91164977602283,0,3,16.0530101343863,4,1,3.0,4,1,3,1,8,0,12.017670044795434,1.9823299552045661,2.123690313568037,11.0,254.50524776821848,1
0.0,1,3,21.89723175735022,4,0,2.897231757350218,3,2,4,1,6,0,14.897231757350218,0.8972317573502182,1.1027682426497818,2.0,153.35921116147375,1
1.0,1,3,8.827802520576366,4,1,3.172197479423633,5,2,4,1,7,0,12.827802520576366,2.0,3.6887899176945322,3.0,223.7376588647124,1
5.414097626910781,0,2,30.70704881345539,3,0,3.0,3,2,5,0,2,0,13.569016271151797,0.0,1.0,1.2929511865446095,141.21364215579987,1
1.0,1,1,18.468439216103466,3,1,3.0,4,2,5,1,3,0,16.97895947740231,1.0,2.0,6.063121567793068,167.22789594774022,1
0.14059191817336558,0,2,32.0,2,0,3.1405919181733655,5,2,4,1,8,0,17.859408081826633,1.0,2.0,2.0,149.7982557769935,1
9.0,2,1,26.849566683048373,1,0,2.5752166584758136,3,3,3,0,2,1,11.0,0.0,1.0,2.7256499754274413,123.02000000000001,1
0.0,0,1,14.683497684651854,3,0,2.0,2,3,3,2,3,1,12.974753473022218,0.0,1.0,2.3165023153481457,123.8757265049763,1
2.6331527130040877,1,2,10.733694573991825,3,0,3.183423643497956,4,2,3,0,5,0,19.0,2.0,2.0,1.1834236434979561,176.72884606558225,1
1.0,0,1,12.986318503703274,3,0,3.9931592518516363,4,4,2,2,3,0,19.006840748148363,2.0,2.0,1.0,154.2632151516297,1
0.0,2,3,16.598946400434777,4,0,3.0,3,3,4,2,2,0,14.065964266956517,0.4670178665217417,1.4670178665217417,0.9340357330434834,127.36548786126956,1
2.3713034985303985,1,3,27.6856517492652,4,0,3.3143482507348008,4,2,3,1,3,1,12.0,1.0,1.6286965014696013,0.9430447522044019,165.9344246224893,1
0.0,2,1,7.547445331712386,3,0,3.0,3,3,4,1,7,0,19.773722665856194,0.773722665856193,1.0,5.868613329280965,127.28043792075374,1
1.0,2,1,23.263613659793357,3,1,3.0,4,4,3,1,3,1,14.0,1.8681931701033205,2.0,2.8681931701033205,148.75108909278345,1
6.661128233340886,0,1,29.548170977787848,4,0,3.0,3,3,3,1,3,1,22.0,0.0,1.0,0.2259145111060763,131.5862789763339,1
1.0,0,3,24.89990091004881,4,1,3.724975227512202,3,2,1,1,9,1,14.275024772487798,1.7249752275122021,2.275024772487798,4.449950455024404,178.4140336905834,1
1.0,1,3,13.552774760414671,5,0,3.0,4,4,3,2,3,0,14.0,1.0,2.0,1.0,152.17461370604337,1
0.8570969396099158,1,1,32.0,3,1,3.0,4,3,4,2,5,0,20.857096939609917,1.7141938792198317,2.714193879219832,3.0,147.37404281053645,1
1.0,1,1,9.548678702499716,2,1,3.0,4,4,1,1,6,1,14.0,1.8171070991667613,3.0,3.0,159.59793463280835,1
1.0,2,1,31.0,1,1,3.5516535294753666,4,4,2,1,3,1,18.551653529475367,1.0,2.0,1.0,148.70487559995675,1
0.0,2,1,17.0,3,0,3.0,5,2,4,0,6,0,15.0,1.0,1.0,0.0,147.77,1
0.0,1,1,14.435497409668043,3,0,2.782251295165978,3,3,1,1,2,1,11.0,0.782251295165978,1.0,0.21774870483402198,124.68619525870353,1
0.0,2,3,18.0,4,0,3.0,2,3,4,2,2,0,15.0,0.0,1.0,0.0,127.16,1
7.293727301422644,1,1,25.573431825355662,0,0,3.0,2,3,3,1,3,1,11.42656817464434,0.8531363492886779,1.426568174644339,3.146863650711322,124.96941655812464,1
19.0,1,3,20.0,5,1,3.0,2,1,3,2,8,1,18.0,1.0,4.0,9.0,261.95,1
1.0,0,1,13.652176359130051,3,1,4.0,4,4,3,2,3,0,13.8985490939133,2.0,2.0,1.0,143.92318861779125,1
0.0,0,1,14.0,0,1,2.0,4,3,5,2,1,1,22.0,0.9404971985130107,1.0,2.0,123.21000000000001,1
1.0471656108294156,2,1,29.0,5,1,3.0,4,4,3,1,2,0,12.047165610829415,0.9528343891705844,1.9528343891705844,1.0943312216588312,140.4787799276476,1
1.0,1,2,25.76066771345264,5,0,3.2393322865473584,4,4,3,1,3,0,19.23933228654736,1.2393322865473586,2.0,1.0,149.8001304023326,1
0.3758865799543456,1,1,8.375886579954345,3,1,2.3758865799543454,3,4,3,1,7,0,16.24822684009131,0.3758865799543456,2.0,1.7517731599086912,144.42141852792693,1
0.5259237358921424,2,1,27.577771207676427,4,0,3.0,4,3,3,0,5,1,11.525923735892142,1.0,2.0,2.0,145.97392432720127,1
9.0,0,3,6.875685127586106,3,0,2.124314872413894,4,3,3,2,2,0,11.875685127586106,0.12431487241389405,1.0,0.2486297448277881,123.02000000000001,1
0.0,2,1,14.0,0,1,2.0,3,3,1,1,6,0,12.271430864276054,1.0,1.0,3.271430864276053,123.85728729635048,1
6.0,0,1,14.0,1,1,2.0,4,3,3,1,10,1,16.0,1.0,1.0,0.0,124.37,1
1.0,1,3,11.32512241186283,4,1,3.162561205931415,5,2,1,1,3,1,13.975367235588491,4.349755176274339,8.0,5.487683617794246,183.83921054840408,1
1.0,1,3,15.0,1,1,3.0,5,2,5,2,8,0,18.0,1.650477198830602,2.0,3.0,178.26,1
18.42139435114756,2,1,14.0,1,1,3.368557740459023,4,3,3,0,7,0,12.947163389311466,6.0,8.368557740459023,8.368557740459023,148.71203555236588,1
0.0,1,1,9.208637080877114,2,1,3.0,3,4,4,1,6,0,13.625911242631343,0.7913629191228859,1.0,2.0,140.02416719919836,1
1.0,0,1,9.0,4,1,3.0,4,4,5,0,8,1,15.0,1.3194393338611623,2.0,3.0,145.42,1
18.19822527845959,1,1,10.497781598074486,2,0,3.700443680385103,5,0,2,1,4,0,16.400887360770206,1.2995563196148971,3.198225278459589,3.0,226.20771432542003,1
0.0,0,2,26.169024731335146,6,0,3.0,3,3,4,1,1,0,14.288719085831067,1.0,1.0,0.0,129.05570174996458,1
9.0,1,1,8.095559103958335,4,0,2.904440896041665,3,3,4,1,2,0,12.095559103958335,1.0,1.0,0.0,123.02000000000001,1
3.0,1,3,28.0,5,1,3.0,4,2,3,0,3,1,12.0,1.0,1.0,0.0,163.8,1
1.0,1,1,24.935424824448535,3,0,3.0,4,4,2,1,2,1,13.870849648897067,1.0,2.0,1.9354248244485341,149.11730461794116,1
7.939410606142815,0,1,30.919214141523753,4,0,3.0201964646190618,4,4,3,1,4,1,23.0,1.0,2.0,1.0403929292381238,156.60575874243,1
0.0,0,3,25.0,5,1,3.0,2,2,1,2,9,1,13.0,0.13144716921416233,1.0,4.0,153.04,1
9.0,0,3,6.173960887696225,2,0,2.0,4,3,3,2,2,0,11.173960887696225,0.8260391123037745,1.0,1.652078224607549,123.02000000000001,1
13.138589449604886,1,3,31.907607033596744,4,1,2.046196483201629,3,0,5,1,5,1,13.0,1.9076070335967423,2.0,0.09239296640325767,208.3524422782014,1
4.7836294532859345,1,2,25.10201636293663,3,0,4.0,4,0,4,1,4,0,21.84080654517465,1.420403272587326,2.840806545174652,3.0,212.1618598467661,1
9.0,2,1,29.82521005376622,4,0,2.0,3,3,3,1,5,1,13.73781508064933,0.0,1.0,2.825210053766221,123.02000000000001,1
1.0,0,1,6.532054084979229,2,1,3.0,5,4,3,1,3,0,15.46794591502077,1.1773513616597429,2.0,1.0,150.9032475642689,1
1.0,2,1,30.985914170751716,4,0,3.0,4,4,3,1,6,1,14.978871256127574,1.0,2.0,3.985914170751716,145.28732463120912,1
0.0,0,2,27.221984184128978,6,0,3.0,3,3,4,1,1,0,12.97251976983878,1.0,1.0,0.0,128.81088867719,1
13.0,2,3,9.0,5,1,3.0,4,3,3,0,2,1,14.0,0.076795684286734,1.0,2.0,126.83000000000001,1
0.4137060319100304,2,1,15.41370603191003,1,1,3.0,4,3,2,0,1,0,15.75888190426991,0.4137060319100304,1.4137060319100305,0.4137060319100304,134.67845264158635,1
9.0,1,1,8.678887337188785,4,1,2.321112662811215,3,4,3,2,2,0,12.678887337188785,0.321112662811215,1.0,0.0,123.02000000000001,1
1.0,1,1,7.0,4,0,3.0,4,4,4,1,3,1,12.0,1.2367975854561801,2.23679758545618,1.4735951709123603,148.14974441047244,1
1.0,1,1,29.083962563446725,3,1,3.9160374365532733,4,2,3,0,3,1,15.832074873106546,3.8320748731065466,6.580187182766366,7.49622461931964,186.5691784581351,1
3.5400424569116575,1,2,29.689936314632515,4,1,4.0,4,2,3,0,5,1,14.609851400809198,1.7700212284558288,2.0,1.0,189.47383780062444,1
0.0,2,2,14.0,6,1,2.0,4,3,5,1,5,1,15.0,1.6301750848870413,2.0,0.0,123.35,1
14.080566608592367,1,2,31.97698096897361,4,0,3.011509515513195,4,0,4,0,5,0,13.988490484486805,1.057547577565976,2.080566608592367,1.0230190310263905,233.4776184259185,1
9.0,2,2,7.311383933360082,0,0,2.0,3,3,3,2,1,0,13.34430803331996,0.6556919666800407,1.0,3.032924099959878,123.02000000000001,1
0.0,1,3,19.0,5,0,2.0,3,2,3,2,4,1,11.0,0.1235247725803994,2.0,2.0,198.54,1
0.7343500353352957,0,2,13.0,4,0,3.0,4,3,3,0,2,0,17.265649964664703,1.0,1.7343500353352956,1.0,148.5950079886927,1
1.0,1,3,19.34786606802728,5,0,4.0,4,1,4,1,2,0,16.086933675412983,1.0,2.0,2.565200256559737,206.93869205387756,1
0.0,0,1,9.0,4,1,3.0,3,3,5,2,2,1,11.0,5.213203931389135,9.0,7.0,133.48,1
0.0,0,3,6.0,1,0,3.0,3,3,3,0,3,0,15.21827101099524,0.7817289890047594,1.0,2.436542021990481,129.72953406221606,1
0.0,2,1,10.0,1,1,2.0,3,4,1,0,2,1,15.0,4.7962445141500565,5.0,6.0,136.91,1
0.0,1,3,9.739338345167063,3,1,2.0,4,0,1,0,2,0,11.0,5.218015035501191,7.436030071002381,7.739338345167063,203.80450375887528,1
9.0,1,2,28.18505710873344,4,1,2.0,3,3,3,2,2,1,18.537357228166403,0.9074714456332809,1.0,0.2775856631001574,123.02000000000001,1
1.0,1,3,9.0,5,1,3.0,4,4,5,1,2,0,12.0,1.6005677209691456,2.0,3.0,155.41,1
7.837858447874838,2,1,13.581070776062582,4,1,2.418929223937419,3,3,5,1,4,0,12.837858447874838,0.5810707760625811,1.0,2.418929223937419,123.36864246563755,1
0.5145617903482984,0,3,13.456314628955106,4,1,3.5145617903482984,4,4,4,1,3,0,13.543685371044894,2.0,2.0,1.4854382096517016,143.88679640612338,1
1.0,2,1,21.873107198628666,2,1,3.0,4,4,1,1,7,0,13.708964267123777,1.7089642671237775,2.0,4.708964267123777,149.1591853443154,1
0.0,0,3,32.0,4,1,2.906100928680426,3,2,1,1,2,1,11.657293499237019,0.0,1.5633944279174452,7.906100928680425,156.35404217978635,1
0.13773409888780863,2,1,14.137734098887808,3,0,3.0,4,4,3,2,2,0,11.275468197775616,1.0,1.1377340988878086,1.8622659011121914,139.57596625453579,1
1.0,1,3,15.891303803302685,5,0,3.0,4,4,4,2,3,0,14.0,2.891303803302686,2.9456519016513427,2.891303803302686,152.55597804033758,1
7.0,2,1,15.962937532811333,4,1,2.9814687664056665,3,3,3,1,2,0,11.018531233594333,1.0,1.0,2.0,129.25363071916854,1
1.0,1,3,31.712757243862367,4,0,3.0,4,0,2,0,3,0,21.707407597380655,1.8563786219311837,2.2872427561376325,10.143621378068817,200.95482722445146,1
3.3943535995286185,1,2,22.657949485781625,4,0,4.0,4,0,2,0,3,0,13.315898971563252,1.0,2.0,2.7102525710918703,205.9840475589804,1
0.0,0,1,26.81756876601051,4,0,2.7274770779964967,3,0,3,0,5,0,12.81756876601051,1.0,1.0,0.5450458440070067,198.58337888172443,1
9.0,0,3,6.786505713528122,3,0,2.213494286471878,3,3,4,2,2,1,11.0,1.7865057135281222,1.7865057135281222,2.0,123.02000000000001,1
0.7562917880956573,2,1,8.756291788095657,5,1,3.5125835761913144,4,4,3,2,7,0,16.24370821190434,0.7562917880956573,2.0,1.0,145.39308691923898,1
1.0,1,3,12.38821037347696,4,1,3.69410518673848,5,2,2,1,5,1,17.16463112043088,2.5294740663075994,8.0,7.082315560215441,185.66772184238036,1
1.033730708869001,2,1,14.0,1,0,3.0,3,3,5,0,7,1,20.5168653544345,1.0,1.5168653544345005,1.033730708869001,124.03999999999999,1
4.684084515698867,0,2,18.18954929058068,3,1,2.0,3,0,4,1,1,1,12.0,2.0631830968602265,2.0,10.747267612559094,237.48648901664686,1
0.0,1,3,6.388858476788754,0,0,3.0,3,3,3,1,5,0,17.444566092844983,1.0,1.0,2.0,128.42385573969975,1
0.0,2,3,9.0,4,0,3.0,3,2,3,2,10,0,14.0,1.0,2.0,0.0,145.77,1
0.0,1,2,8.360806311378003,4,1,3.0,3,3,3,0,1,0,11.0,0.6391936886219974,1.0,1.2783873772439949,129.73168413460937,1
1.0,2,1,15.0,3,0,4.0,4,4,5,1,3,1,18.0,1.0,2.0,1.0,148.98,1
1.0,2,1,21.0,3,1,3.0,4,4,1,0,7,1,14.0,1.4999660844303921,2.0,5.0,149.36,1
1.0,0,1,18.616564466918852,4,0,3.872188155639617,4,4,1,1,3,1,12.383435533081148,1.8721881556396172,2.0,1.2556236887207655,149.90460125882808,1
1.0,2,1,31.417762551197413,3,1,3.0,4,4,4,1,4,1,19.253287653592242,1.4177625511974137,2.4177625511974137,1.8355251023948274,148.68312557636247,1
0.0,2,1,10.899622805332195,1,0,2.0,3,3,1,1,2,1,14.40025146311187,4.0,5.59974853688813,6.299874268444065,135.8544425750769,1
0.0,0,1,8.896790374639625,1,0,3.0,3,3,4,2,1,0,21.79358074927925,0.0,1.0,4.0,131.05440320845346,1
1.0,0,1,23.0,4,0,4.0,5,4,5,2,3,1,23.0,2.460281079529025,7.0,8.0,164.19,1
0.0,2,1,10.423202952025818,1,0,2.0,3,3,1,1,2,1,14.717864698649455,3.576797047974183,5.282135301350545,6.141067650675272,136.41344186962303,1
9.0,2,1,28.68953953379975,4,0,2.0,3,3,3,0,5,1,12.034309300699622,0.0,1.0,1.6895395337997483,123.02000000000001,1
1.0,2,2,26.780591094425542,4,1,3.0,4,4,3,0,3,0,19.780591094425542,1.3902955472127705,2.0,1.0,148.9894936030034,1
0.0,0,2,7.108978317032788,1,0,3.0,3,3,3,0,4,0,15.544891585163942,1.0,1.0,2.544891585163942,128.86986379959376,1
0.8136088133673559,1,3,25.627217626734712,5,0,3.0,4,3,3,0,2,1,18.813608813367356,0.8136088133673559,2.186391186632644,1.186391186632644,148.5726903519684,1
4.0,1,3,6.0,4,0,3.0,3,2,1,2,9,1,11.0,0.7149528235517771,1.0,5.0,159.93,1
1.0,1,1,12.004811744987409,3,1,3.0,4,4,5,1,3,0,12.0,2.0,2.0,3.751202936246852,154.80152562164005,1
1.0,0,3,14.17956669006671,5,0,3.0,4,4,3,2,3,0,14.089783345033355,1.0,2.0,1.179566690066711,151.47037129168126,1
15.154415757539214,1,3,8.154415757539214,5,0,2.154415757539213,5,5,1,0,2,0,15.154415757539214,3.463247272617639,6.154415757539213,9.154415757539214,291.97,1
0.0,2,1,14.0,4,1,3.0,3,3,4,2,2,1,23.0,1.0,1.0,0.0,124.72,1
1.0,2,1,7.0,4,0,3.0,5,4,5,0,3,1,12.0,1.0,2.0,1.0,148.19,1
10.28743961264989,0,2,30.21859903162473,3,0,3.643719806324946,2,2,3,1,5,0,16.206521743075488,2.356280193675054,2.356280193675054,5.068840581025162,189.07332125616577,1
1.0,2,1,24.44571129625328,3,1,3.0,4,4,1,1,3,1,14.0,1.2771443518733598,2.0,2.2771443518733596,148.84565690370025,1
1.0,1,1,9.10064604563256,4,0,3.0,4,4,3,2,3,0,13.55032302281628,1.55032302281628,2.0,1.0,138.92569704391792,1
0.0,0,3,30.0,3,1,2.654735447942947,3,4,2,2,2,0,15.035793656171158,1.0,1.0,0.0,123.02000000000001,1
8.0,1,1,9.481729731261371,3,1,3.0,4,4,4,1,5,0,13.0,2.0,2.17275675624621,3.17275675624621,148.58544864875077,1
8.243961580187747,1,1,14.756038419812253,4,0,2.378019209906126,3,3,3,2,2,0,11.621980790093874,0.3780192099061259,1.0,0.7560384198122518,125.41664179080485,1
1.0,0,3,26.763951110281216,4,0,4.0,4,2,3,1,4,1,12.826171114015748,1.0,3.1180244448593926,3.0,170.65491344467267,1
1.0,1,1,25.0,6,0,3.9590842422824033,3,4,2,1,2,0,19.918168484564806,2.0,2.0,1.0,152.03760844279728,1
1.0,0,1,15.422960910538254,3,1,3.0,4,4,5,2,4,0,12.0,1.192346363153915,2.0,1.5770390894617452,156.3122257101137,1
14.15211832218892,1,1,14.0,3,0,2.565254451874053,4,2,3,1,3,0,14.15211832218892,4.869491096251894,7.282627225937027,7.282627225937027,150.01482226350524,1
0.0,1,3,16.0,3,1,2.0,4,0,5,1,10,0,17.0,2.657357466422729,6.0,0.0,203.06,1
0.0,1,3,21.65662221042543,4,0,2.6566222104254273,3,2,3,1,6,0,14.656622210425427,0.6566222104254275,1.3433777895745727,2.0,153.63831823590652,1
11.0,0,3,32.0,4,0,4.0,2,2,3,2,6,1,13.0,1.9809008006462743,2.0,4.0,188.97,1
6.069373741938598,0,1,28.759164989251463,4,0,3.0,3,3,3,1,3,1,22.0,0.0,1.0,0.6204175053742678,131.5448561619357,1
4.0,0,3,10.0,5,1,2.0,3,2,4,2,2,0,18.0,5.890989721119,7.0,7.0,193.55,1
0.0,2,1,14.0,1,0,2.3678798780843486,3,3,5,2,6,0,11.735759756168697,1.0,1.0,5.103639634253046,125.48475435965116,1
4.0,2,3,26.0,5,0,3.0,3,3,4,2,2,1,22.0,0.0,1.0,2.0,131.4,1
0.5251538941116284,0,1,19.37423052944186,3,0,3.5251538941116283,5,4,4,2,2,1,22.52515389411163,0.5251538941116284,3.8993844235534865,3.8490766353302295,141.50067713409118,1
16.79851523063967,1,2,29.800371192340084,3,0,3.0,3,0,4,1,6,0,12.800371192340082,2.79851523063967,3.397401653619423,2.79851523063967,204.2085048215825,1
1.0,0,1,31.0,4,1,4.0,5,4,1,2,3,1,23.0,2.0,2.0,1.0,149.39,1
0.507160339980302,0,1,6.760740509970453,3,0,3.0,2,0,4,1,3,0,11.253580169990151,2.746419830009849,3.492839660019698,6.492839660019698,174.22924204530898,1
1.0,0,2,28.272413498062875,5,0,3.0,4,4,3,1,2,0,12.854482699612575,1.854482699612575,2.0,1.0,153.45246889352734,1
0.0,0,2,29.0,6,0,2.0,3,0,5,1,10,1,15.0,1.0,1.0,2.0,199.5,1
6.345948697366526,0,3,12.345948697366527,4,1,3.269189739473305,4,1,3,2,3,0,18.46162052105339,4.730810260526694,7.192430781580084,3.0,219.26066091220954,1
0.035487878126770234,0,1,31.946768182809844,3,1,3.0,3,3,4,2,1,0,11.03548787812677,0.0,1.0,3.982256060936615,134.8654117410194,1
0.0,0,1,14.0,0,1,2.617096985962754,3,3,3,0,2,0,13.148709042111737,1.6170969859627542,1.6170969859627542,1.2341939719255084,126.04639357803478,1
1.0,1,2,16.355768117468998,3,0,4.0,5,3,4,1,5,0,13.5336521762035,2.8221159412655004,2.8221159412655004,2.6442318825310007,169.67062290142906,1
9.537959220580433,1,1,7.0,4,0,4.0,4,0,2,2,10,1,13.296559777308696,1.3517201113456523,2.0,2.758600556728261,180.96252708143538,1
0.0,2,1,21.0,6,1,2.0,3,2,3,1,8,0,14.0,0.0,1.0,0.0,148.34,1
1.0,1,3,9.069307773038295,4,1,3.0,5,1,3,1,8,1,12.930692226961705,2.13861554607659,3.069307773038295,3.0,224.35970649130007,1
0.0,2,3,15.0,4,1,3.0,4,4,5,0,4,0,12.0,1.5782183812232895,2.0,2.0,144.0,1
0.0,0,3,14.5976324398689,3,0,2.0,3,3,1,2,2,0,13.4023675601311,0.40236756013109964,1.0,0.8047351202621993,123.10449718762753,1
1.0,0,1,31.26106954465053,4,1,3.738930455349472,4,4,1,2,3,1,23.0,2.0,2.0,1.2610695446505278,150.31940757895586,1
0.9708301077092567,1,3,12.08750967687223,5,0,3.0,4,2,3,2,2,1,12.145849461453716,0.9708301077092567,1.9708301077092567,3.970830107709257,182.43416602154184,1
0.0,2,1,14.0,0,1,2.0,3,3,3,1,2,1,13.0,0.5412382144338301,1.0,1.5412382144338301,123.80340188569058,1
1.0,2,1,23.947092566729335,3,0,3.9470925667293355,4,4,4,0,3,0,14.0,1.0529074332706645,2.0,1.1058148665413288,147.18623911623118,1
15.597711560066694,0,1,13.20686531979992,3,0,3.2988557800333465,5,0,1,1,3,0,16.298855780033346,1.7011442199666535,2.0,3.7011442199666535,230.0625036980396,1
0.05572798570098447,2,1,16.055727985700983,0,1,2.0557279857009845,4,3,1,1,7,0,12.944272014299015,0.11145597140196895,1.0557279857009845,2.9442720142990155,134.136285265558,1
0.9117278483416327,0,1,32.0,3,0,2.9117278483416325,3,2,5,1,7,0,18.64691139336653,1.0,1.0,0.08827215165836733,166.75030259488142,1
9.0,1,1,8.0,4,0,3.0,3,3,4,1,2,0,12.0,0.7020825668844966,1.0,0.0,123.02000000000001,1
7.463051174574215,0,3,13.463051174574215,4,1,3.492610234914843,4,1,2,2,3,0,18.014779530170316,5.014779530170314,6.5221692952554715,3.0,219.85049102017518,1
7.792480383594125,0,3,13.792480383594125,3,1,3.558496076718825,4,0,2,2,3,0,17.88300784656235,4.441503923281175,6.324511769843525,3.0,220.0244296425377,1
1.0,0,1,11.261345260826525,1,0,3.1306726304132626,4,4,4,2,3,0,19.86932736958674,2.0,2.0,1.0,154.66858386370575,1
2.418001220870674,0,1,9.290999389564663,4,0,3.0,4,3,4,1,3,1,22.12700183130601,1.290999389564663,2.0,1.5819987791293262,162.9877467952145,1
1.8689591050208962,0,1,8.131040894979105,4,0,2.1310408949791038,4,4,4,2,3,0,23.0,0.2620817899582075,1.1310408949791038,0.13104089497910376,136.4023420062092,1
0.0,2,1,19.52226405781247,5,1,2.0,4,3,4,1,2,0,23.0,0.9044528115624939,1.0,2.0955471884375063,137.10896144684997,1
1.0,1,3,22.994766041406283,5,0,4.0,4,0,3,1,4,0,14.002990833482125,1.9992522916294688,2.0,1.002243125111593,206.61047105627344,1
12.870363302269386,0,1,31.0,4,1,3.4058636085224485,4,4,2,1,4,0,20.56481834886531,1.0,2.0,1.0,154.28034288708116,1
1.7193006090251135,2,1,29.0,3,1,3.0,3,4,4,1,1,0,12.719300609025114,0.2806993909748864,1.2806993909748865,2.438601218050227,139.46385608037207,1
0.3812530175423937,2,1,15.143759052627182,3,0,3.0,4,4,3,2,2,0,12.143759052627182,1.3812530175423938,1.3812530175423938,1.6187469824576062,139.61168529719404,1
0.0,0,2,18.754960705400936,4,0,2.081679764866354,3,1,3,1,4,0,11.0,1.836640470267292,1.918320235133646,1.836640470267292,198.69845874384072,1
3.3468253036032936,1,1,13.564550202402195,4,0,3.7822751012010976,3,4,4,2,5,1,15.0,1.0,2.0,4.0,147.23914823080509,1
1.499319465237228,0,1,8.499319465237228,3,0,3.0,3,1,4,1,4,0,11.749659732618614,1.0,2.500680534762772,5.500680534762772,173.77780964331708,1
17.653797050440716,0,3,19.326898525220358,4,1,3.0,2,1,3,1,8,0,16.990347787830537,1.1682753686949103,3.6634492626101793,9.336550737389821,260.67278995160564,1
9.0,1,1,8.463199436308921,4,1,2.5368005636910795,3,4,3,2,2,0,12.463199436308921,0.5368005636910795,1.0,0.0,123.02000000000001,1
1.0,0,3,9.026343576117526,3,0,3.513171788058763,4,4,1,2,3,0,13.0,1.0,2.0,1.0,139.6676607549234,1
1.0,0,1,16.0,4,1,4.0,4,2,5,1,6,0,18.0,1.0,2.0,8.0,178.46,1
0.6370858888547155,0,1,32.0,4,0,3.274171777709431,4,2,5,2,5,0,18.822515333128294,0.6370858888547155,1.6370858888547155,2.9112576665641465,167.52063558219214,1
1.0,2,1,23.69600310465799,1,1,3.0,4,4,1,1,7,0,13.101332298447335,2.0,2.0,4.101332298447336,148.73991928592866,1
13.543491144658468,0,3,6.543491144658467,5,1,3.0,3,2,3,1,6,0,13.630473433975402,1.0,1.543491144658467,1.0,169.99745572329235,1
7.0,2,1,15.701127482963411,4,1,2.8505637414817055,3,3,3,1,2,0,11.149436258518294,1.0,1.0,2.0,128.502235876105,1
1.0,0,1,32.0,3,1,4.0,5,4,4,2,2,0,12.0,1.9299355940740857,2.0,5.0,159.79,1
9.0,0,1,14.0,0,1,3.0,3,3,3,2,2,0,12.0,0.5412948843324618,1.0,0.0,123.02000000000001,1
18.09184289060589,0,3,8.636737156242356,3,1,3.0,4,2,1,2,5,0,16.636737156242358,2.0,6.910211468727069,3.4551057343635345,175.81535225748348,1
9.0,1,1,8.0,4,0,3.0,3,3,4,1,2,0,12.0,1.0,1.0,0.0,123.02000000000001,1
1.0,2,1,21.101605179377884,3,1,3.0,4,4,1,1,6,1,14.0,2.0,2.0,4.898394820622116,149.32799436849598,1
0.5316994085436149,0,1,32.0,1,0,3.5316994085436146,5,3,4,0,7,0,17.468300591456384,1.0,2.0,2.0,150.09940854457858,1
9.0,2,1,7.706256343820473,5,0,3.0,4,3,3,2,7,1,14.706256343820474,0.1468718280897634,1.2937436561795268,1.0281027966283443,123.02000000000001,1
0.0,1,1,14.0,0,0,2.9335804560066894,3,3,4,1,1,0,17.0,0.0,1.0,0.13283908798662125,123.99594069055838,1
0.0,2,1,14.0,0,0,3.0,3,3,5,1,2,1,16.865204415007288,0.06739779249635625,1.0,0.0,124.11614354084263,1
1.0,1,3,11.874769974371253,5,1,3.0,5,2,2,2,3,1,12.125230025628747,2.500920102514987,2.7513801537724802,4.125230025628746,182.54519322152814,1
16.0,1,1,8.0,2,0,3.0,4,0,1,1,1,0,16.0,0.617946117488943,1.0,9.0,201.69,1
2.9435424806985875,1,2,10.112915038602825,3,0,3.0282287596507063,4,2,3,0,5,0,19.0,2.0,2.0,1.0282287596507063,177.27978790324,1
0.8551653449714728,2,1,16.85516534497147,2,1,2.8551653449714727,4,3,2,1,3,0,12.144834655028527,0.8551653449714728,1.8551653449714727,2.1448346550285273,134.9437169984212,1
7.847465427872358,1,1,29.435023048085096,3,0,3.641244237978726,4,1,4,1,5,0,19.41244237978726,1.6412442379787262,3.2824884759574524,3.0,214.86270968019574,1
0.3688829721077652,1,2,18.262234055784468,4,1,3.0,4,2,3,1,7,0,13.368882972107766,1.631117027892235,2.0,2.73776594421553,160.50632448303645,1
1.0,2,1,8.429796876154578,4,0,3.7148984380772885,4,4,5,1,3,1,12.714898438077288,1.7148984380772885,2.0,1.0,146.43849882671066,1
1.0,0,3,14.289534009229467,5,0,3.0,4,4,2,1,2,0,16.140310660513688,1.0,2.0,1.8596893394863108,148.38964349247192,1
8.0,1,2,7.0,3,1,4.0,5,0,5,0,10,0,15.0,3.0,4.0,3.0,229.82,1
0.0,0,2,18.886638730347833,4,0,2.0377870898840555,3,1,3,1,4,0,11.0,1.9622129101159447,1.9622129101159447,1.9244258202318894,198.61330695437505,1
1.0,1,2,16.0,3,0,3.0,4,2,5,2,9,0,23.0,1.0355117749761458,2.0,4.035511774976146,159.35160837556083,1
0.0,0,1,32.0,3,0,2.289436368030022,4,2,3,2,2,0,21.421127263939955,1.4211272639399561,2.4211272639399564,6.55281815984989,144.43166253561276,1
13.479625096744458,0,3,7.918500386977833,5,1,2.479625096744458,3,2,3,1,3,1,14.479625096744458,1.4796250967444582,1.4796250967444582,1.4388752902333741,149.4622941901873,1
15.081467524019933,0,1,15.108623365359911,4,1,2.9728441586600223,4,0,2,2,4,0,16.027155841339976,1.0,2.0,4.108623365359911,231.64799933530287,1
0.0,0,1,14.0,0,0,2.0048684076555032,4,3,4,1,7,0,11.024342038277517,0.004868407655503226,1.0,0.004868407655503226,125.6092697388517,1
1.0,0,3,31.0,4,1,4.0,5,4,1,2,3,1,15.0,2.0,2.0,1.0,136.18,1
10.301372649042905,1,3,17.100457549680968,4,0,3.8995424503190317,4,0,3,0,6,0,21.698627350957096,1.8995424503190317,2.602745298085811,8.0,198.4815556689153,1
3.0366318622504105,0,1,9.0,4,0,3.0,5,4,1,1,7,0,14.490842034437398,1.0,2.0,1.0,152.81435894241062,1
0.0,2,1,13.0,1,0,2.0,3,3,3,1,4,1,13.0,1.0740098636214614,7.0,7.0,133.39,1
4.0,1,3,32.0,5,1,3.0,5,0,4,2,4,1,13.0,1.4068984313906279,2.0,3.0,215.94,1
1.0,0,2,7.0,1,0,3.779300925214665,5,4,4,1,2,0,20.67580555128799,2.0,2.0,1.0,148.84809449266825,1
2.0666167249174814,0,2,30.0,4,0,3.0,2,0,4,1,7,1,16.0,1.4666916375412593,2.0,1.4000749126237775,228.46781421669303,1
1.0,1,1,8.995993649100699,3,1,3.0,4,4,2,1,8,0,17.9879809473021,1.0080127017986007,3.0,2.0040063508993002,168.83622572114217,1
3.0,2,3,12.0,1,1,3.0,4,2,1,0,5,0,15.0,1.0,2.0,1.0,145.86,1
0.0,0,1,14.845642091624422,3,1,2.8456420916244216,3,2,5,1,5,0,17.0,0.0,1.0,6.228210458122107,153.4291284183249,1
0.0,2,3,9.905794962077243,5,0,3.0,3,3,3,1,1,0,12.270529974718162,0.0,1.0,0.7294700252818382,129.20299652401775,1
8.0,0,1,7.124679544816775,3,1,3.0,4,4,4,1,3,0,13.0,2.0,2.9584401517277414,3.9584401517277414,148.42831196965443,1
1.0,1,1,7.0,4,0,3.0,4,4,4,1,3,1,12.0,1.2067976760441441,2.206797676044144,1.4135953520882882,148.1548443950725,1
1.0,2,1,31.700258225788218,4,1,3.0,5,4,3,2,3,0,13.074935443552945,2.0,2.0,1.925064556447055,147.80111103708893,1
18.80332129242749,0,1,14.366113117928752,3,0,3.0,5,0,3,1,7,0,15.366113117928752,1.6338868820712489,4.5355475282849955,3.366113117928751,227.4304462171026,1
19.58545309407682,1,1,20.378179641115228,3,0,3.8963632735192046,4,3,4,0,9,0,18.689089820557612,2.4145469059231823,5.310910179442387,4.414546905923182,174.60719992017422,1
0.0,1,1,14.0,4,1,3.0,3,3,3,2,2,1,23.0,1.0,1.0,0.0,124.62179377073585,1
0.0,1,1,30.700542276065747,0,1,2.0,3,3,4,2,4,0,19.101626828197237,0.7005422760657454,1.7005422760657454,1.4010845521314907,123.09705965036723,1
14.504860132245767,0,3,18.731143087095827,4,1,2.0,2,1,3,2,5,1,15.655715435479141,1.2688569129041718,2.0,8.806570738712516,237.1193798551296,1
4.0,1,1,18.0,2,0,2.0,3,5,3,0,2,0,15.0,5.9898872777913015,9.0,8.0,291.97,1
1.0,1,2,14.0,4,1,3.1418610749733458,4,4,1,1,3,1,22.141861074973345,2.0,2.0,2.7162778500533085,148.02946631769748,1
1.0,1,1,16.776186544896476,3,0,4.0,4,4,5,1,3,1,16.815875636735683,1.592062181632159,2.0,1.0,150.17596560689697,1
0.0,0,3,32.0,5,1,3.0,3,2,1,1,2,1,11.0,0.0,1.0,8.0,156.17,1
1.0,0,1,15.049660329742359,4,0,3.6501132234192135,4,4,3,2,3,0,22.300226446838426,2.0,2.3498867765807865,1.6997735531615727,150.2553267681686,1
0.0,0,1,8.0,2,1,2.7420224518797602,3,3,1,1,6,1,13.0,0.25797754812023976,2.0,2.0,136.55441792584978,1
9.0,1,1,15.968486956917788,4,0,2.0,3,3,5,2,2,0,13.031513043082212,0.03151304308221159,1.0,0.0,123.02000000000001,1
0.0,0,1,14.0,3,0,2.0,2,3,3,1,3,1,13.878394740651943,0.1216052593480571,1.0,2.878394740651943,124.24825289698464,1
0.0,1,3,19.0,5,0,2.0,3,2,3,2,4,1,11.0,0.7338297470075232,2.0,2.0,198.54,1
1.0,0,3,22.403904069402063,3,1,3.100976017350516,4,2,1,1,8,1,14.899023982649483,2.0,2.899023982649484,3.201952034701032,179.2626726164033,1
1.0,1,3,20.0,5,0,3.0,4,2,3,2,5,1,12.0,1.7525125478248087,3.0,3.0,223.54,1
0.0,0,1,13.268049788637983,3,0,3.0,3,3,3,0,2,0,15.865975105681008,0.26804978863798357,1.134024894318992,2.0,128.66700415218065,1
16.0,1,1,8.0,2,0,3.0,4,0,1,1,1,0,16.0,0.11576004624632463,1.0,9.0,201.69,1
1.0,1,1,9.0,3,1,3.0,4,4,3,2,8,0,18.0,1.3116282083518367,3.0,2.0,168.82,1
11.442790645168342,0,1,32.0,4,0,3.0,3,2,5,1,3,0,19.164185967752513,0.0,1.0,2.582092983876257,142.84278604677417,1
2.0,1,1,32.0,3,1,4.0,4,2,5,0,9,1,20.0,1.4797680394959745,2.0,1.0,191.73,1
1.0,0,2,6.962886680037697,1,1,3.962886680037698,4,4,3,0,4,0,16.0,1.9628866800376978,2.0,2.9257733600753957,153.973835308518,1
1.0,1,1,17.0,3,1,3.0,4,2,5,2,3,0,16.0,1.0,2.0,9.0,167.13,1
0.0,0,1,14.0,0,1,2.3276517323571353,3,3,3,1,2,0,14.017044802928595,1.0,1.3276517323571353,0.6553034647142704,126.00587124253,1
10.554092947862417,2,1,13.310818589572483,4,1,2.6891814104275165,3,3,4,1,5,1,13.378362820855033,0.0,1.3108185895724833,4.243274358289933,123.51420155742026,1
0.0,0,3,23.975591780174675,5,0,3.0,2,2,2,2,7,0,13.682938813216884,0.3414694066084424,1.0,3.317061186783115,153.10829388132169,1
0.0,1,2,31.13756093902782,3,1,2.2156097652430446,3,2,1,1,2,1,17.353170704270866,3.4312195304860893,6.784390234756955,7.0,158.91913174078954,1
0.18628972924269205,0,2,8.627420541514615,4,0,2.372579458485384,3,0,2,0,2,0,11.186289729242691,3.186289729242692,3.372579458485384,7.186289729242692,202.5439619261702,1
1.0,0,1,16.348690311590328,4,0,3.2171032294698905,4,4,3,2,3,0,21.43420645893978,2.7828967705301095,2.7828967705301095,2.565793541060219,150.91783205891107,1
0.0,0,3,6.457972930333621,1,1,3.0,3,3,3,0,4,0,15.0,1.0,1.0,2.0,129.09,1
9.0,0,1,8.095373477411282,4,1,3.0,3,4,4,2,2,0,12.06358231827419,0.031791159137094516,1.0,0.0,123.02000000000001,1
0.14785243786238378,1,2,15.0,3,1,3.147852437862384,4,4,4,1,3,0,12.147852437862383,2.0,2.0,1.8521475621376162,144.0059140975145,1
0.0,0,2,23.295618662526458,4,0,3.0,3,3,3,1,1,0,11.059123732505292,0.05912373250529113,1.0,0.0,127.48213095365645,1
0.0,2,1,14.0,4,0,2.0,4,3,5,0,2,1,11.0,0.0,1.0,0.0,123.19,1
1.0,2,1,13.0,4,1,4.0,2,4,5,0,3,1,22.0,1.5674432080232297,2.0,1.0,141.01,1
10.639053983711213,1,3,8.0,5,0,2.6229922880412553,5,5,2,1,2,0,15.622992288041255,1.7540154239174892,2.885038559793723,10.245984576082511,289.64623876560614,1
1.0,1,1,14.0,4,1,3.9649286015018257,4,4,3,1,3,1,22.964928601501825,2.0,2.0,1.0701427969963482,149.6509093449586,1
1.0,1,1,23.0,4,0,3.0,2,4,5,2,3,0,17.0,5.452915941996126,9.0,11.0,152.43,1
9.0,1,1,8.0,5,1,2.6003419979142466,3,3,3,1,7,1,14.600341997914246,0.0,1.0,0.7993160041715073,123.02000000000001,1
1.0,0,1,31.98286011785542,3,0,3.0,5,2,3,2,2,0,23.0,3.9828601178554206,4.085699410722897,9.03427976428916,170.0955972927516,1
0.5364703911884732,2,1,9.0,5,0,3.536470391188473,4,3,3,2,8,0,15.072940782376946,1.0,2.0,0.5364703911884732,145.8397411508545,1
1.0,0,3,20.0,3,0,3.5026301156212534,4,2,4,1,7,0,13.005260231242508,2.0052602312425067,2.5026301156212534,2.0052602312425067,184.50470512664242,1
1.0,2,1,9.742221511796009,4,1,3.257778488203991,4,4,3,2,3,0,13.742221511796009,1.0,2.0,1.0,139.1303998081849,1
1.0,1,1,9.104090680931325,4,0,3.0,4,4,3,2,3,0,13.701363560310442,1.2986364396895587,2.0,1.0,139.01783177178936,1
0.9856270482222224,0,1,16.043118855333333,2,0,2.9856270482222222,3,3,4,2,4,0,11.985627048222222,1.0,1.9856270482222222,0.9856270482222224,156.73336684515334,1
0.0,2,1,14.0,1,0,2.9504873702977066,3,3,5,2,6,0,12.900974740595412,0.04951262970229353,1.0,6.851462110893119,123.76606225762177,1
0.0,1,2,30.39743434854321,3,1,2.4006414128641973,3,2,1,1,2,1,16.798075761407407,3.8012828257283946,6.599358587135803,7.0,159.59634757108296,1
9.0,2,1,13.658325426181547,5,1,3.0,4,3,5,1,2,1,12.025023721455362,0.0,1.0,5.6333017047261835,123.02000000000001,1
12.093367255598078,0,1,7.0,4,1,3.9533163722009608,4,0,3,2,9,1,14.04668362779904,1.0,2.0,1.0,178.50515591047227,1
14.0,0,3,14.225525525782285,2,1,3.0968093092772144,4,2,3,1,5,0,14.806381381445572,1.0968093092772144,2.0,3.806381381445571,192.8941696696915,1
1.0,2,2,26.572587482646586,4,1,3.0,4,4,3,1,3,0,19.572587482646586,1.2862937413232927,2.0,1.0,149.0269342531236,1
18.545563256616596,1,2,8.181854418872199,2,1,2.1818544188721987,3,2,1,2,5,0,17.27298093210539,1.1818544188721987,6.090727905639007,2.6362911622556027,151.2708435018413,1
0.6673318496676933,0,1,30.0,3,1,3.0,4,1,3,1,4,0,13.334663699335387,1.6673318496676934,1.6673318496676934,4.328677052326147,185.17796454001686,1
9.0,2,1,28.0,4,0,2.0,3,3,3,0,5,1,11.0,0.0,1.0,1.0,123.02000000000001,1
0.0,1,3,8.296630109067607,4,1,2.234456630310797,4,0,1,1,2,0,11.0,3.0,3.703369890932392,7.0,201.81746998880104,1
1.0,0,1,15.318464250249228,3,1,3.7898080312811535,4,0,3,1,8,0,12.210191968718846,1.2101919687188465,2.2101919687188465,3.0,225.18362932410642,1
3.706228579599213,1,2,26.353114289799606,5,0,3.676557144899803,3,4,4,1,2,0,21.382785724499016,1.3234428551001969,2.0,2.3531142897996062,155.80486514661564,1
3.0,1,1,29.63846842420484,3,1,3.8192342121024203,4,3,4,1,2,0,13.63846842420484,1.0,1.8192342121024203,3.276936848409681,163.99661621090456,1
1.0,0,1,9.0,3,1,3.0,5,4,5,2,9,0,12.0,1.5365256083934482,2.0,1.0,150.61,1
7.0,1,1,14.0,3,1,2.0,3,3,4,0,4,0,12.0,1.0,1.1400592858165908,2.1400592858165908,123.59198814283668,1
0.0,2,1,14.0,4,0,3.0,3,3,1,0,2,1,11.0,1.0,1.0,0.0,125.15,1
1.5688862455724513,0,3,10.0,3,1,2.0,3,0,4,2,1,0,20.43111375442755,2.7844431227862256,5.176664684179339,7.0,194.92965705563765,1
0.0,2,1,7.832418054903477,4,1,3.0,3,3,3,2,2,0,11.251372917644785,0.08379097254826162,1.0,0.16758194509652324,135.05528788274324,1
1.0,2,1,15.0,3,0,4.0,4,4,5,1,3,1,18.0,1.0,2.0,1.0,148.98,1
0.7625340377755347,1,2,15.525068075551069,1,0,2.7625340377755347,4,3,3,0,3,0,16.237465962224466,1.7625340377755347,2.5250680755510695,2.7625340377755347,152.61947140826854,1
20.0,1,1,21.0,4,0,4.0,4,4,4,0,10,1,19.0,2.8301382120425567,5.0,4.0,174.63,1
1.0,0,1,31.26623150149881,4,1,3.7337684985011896,4,4,1,2,3,1,23.0,2.0,2.0,1.2662315014988104,150.33778414533575,1
13.0,0,3,6.250741350870934,3,1,2.9686573311411335,3,2,3,1,7,0,12.062685337717733,0.9686573311411333,1.0,1.0626853377177334,167.30131301482402,1
0.8805511160357142,0,1,16.35834665189286,2,0,2.880551116035714,3,3,4,2,4,0,11.880551116035715,1.0,1.8805511160357142,0.8805511160357142,156.8310874620868,1
12.111514895370131,0,3,15.0,1,1,3.0,4,1,2,0,3,0,15.377697020925973,2.377697020925974,2.7553940418519476,5.133091062777922,194.1799613775909,1
1.0,2,2,13.934420216842513,4,1,3.065579783157486,4,4,1,1,3,1,22.065579783157485,1.9344202168425138,2.0,3.0,147.61752883802188,1
0.2065344039720064,0,1,32.0,3,0,2.413068807944013,4,2,3,1,2,0,21.58693119205599,1.7934655960279935,4.032672019860032,8.206534403972006,145.10891481655608,1
19.7350261491051,0,1,14.0,4,1,2.264973850894901,3,3,1,1,7,0,14.529947701789803,0.7350261491050988,1.0,0.0,124.34849587135245,1
0.0,2,1,14.0,1,1,3.0,4,3,5,2,7,0,13.0,0.8664510632490415,1.0,7.0,123.62,1
4.0,1,3,32.0,5,1,3.0,5,0,4,2,4,1,13.0,1.479117821552489,2.0,3.0,215.94,1
1.0,1,1,25.0,6,0,3.669265795843658,3,4,2,1,2,0,19.338531591687314,2.0,2.0,1.0,152.79983095693117,1
1.0,0,2,7.815015316676148,4,0,3.0,4,4,4,1,3,1,12.0,2.6300306333522965,2.8150153166761482,2.6300306333522965,148.05144739616506,1
10.478649684518812,0,2,14.0,1,0,3.0,3,3,3,0,2,1,11.0,1.0,5.435949053556438,7.0,125.62981669317571,1
9.0,1,1,8.296895674268043,4,1,2.703104325731957,3,4,3,2,2,0,12.296895674268043,0.296895674268043,1.0,0.0,123.02000000000001,1
14.001255033256912,0,1,13.996234900229263,3,0,2.000627516628456,4,0,1,1,2,0,15.000627516628455,0.0,1.0,3.003765099770737,206.49698164501712,1
1.1107176073065927,0,1,27.184529345510988,4,1,3.9630941308978027,4,0,3,1,4,0,13.0,1.9630941308978025,2.0,3.0,222.97058715555397,1
3.0,1,3,31.0,5,1,2.0,4,0,4,2,3,1,12.0,0.9175448945963448,1.0,0.0,190.94,1
1.0,2,1,29.70629520872171,4,0,3.0,4,4,3,1,5,0,12.23543173624057,1.2354317362405696,2.0,2.0,146.69904509534732,1
9.0,0,3,6.0,3,0,2.0,3,3,4,2,2,1,11.0,1.0,1.9209239790233519,2.0,123.02000000000001,1
1.0,1,1,20.20998844120197,4,0,3.447502889699508,4,2,3,1,8,0,15.447502889699509,1.4475028896995081,2.0,1.0,173.0849233528713,1
1.0,1,1,17.59243298411379,3,0,4.0,4,2,3,0,6,0,16.305675261914658,2.0,2.0,1.101891753971553,172.87800525920986,1
0.0,0,3,30.0,3,1,2.9840797327372015,4,4,1,2,2,0,14.047760801788396,1.0,1.0,0.0,123.02000000000001,1
0.6161829652125973,1,3,15.535268139149611,4,1,2.616182965212597,3,3,1,1,3,1,22.383817034787402,3.151451104362208,3.535268139149611,4.535268139149611,147.00539495251243,1
1.0783411658396231,1,1,13.843317668320754,3,0,3.9608294170801885,4,2,3,1,3,0,19.0,1.0391705829198115,2.0,1.9608294170801885,173.96905556936534,1
0.9028680234321501,2,1,28.70860407029645,4,0,3.0,4,3,3,1,5,1,11.90286802343215,0.9028680234321501,2.0,2.0,146.24909365710548,1
18.78701925974162,1,1,8.303245185064595,4,0,2.3032451850645956,3,5,3,1,6,0,15.303245185064595,4.696754814935405,8.39350962987081,8.60649037012919,291.97,1
1.0,1,1,14.0,1,0,3.0,4,4,3,1,5,1,14.0,2.2899217524946143,8.0,8.0,158.39,1
2.4516719246553995,0,1,9.2741640376723,4,0,3.0,4,3,4,1,3,1,22.1775078869831,1.2741640376723002,2.0,1.5483280753446003,162.89936119777957,1
0.0,2,1,7.6401134537705815,3,0,2.3200567268852907,3,3,1,1,10,0,14.0,1.679943273114709,2.0,1.359886546229418,147.1978808735409,1
9.0,0,1,20.578900346473368,0,0,2.236849942254439,4,3,4,1,2,1,23.0,0.0,2.5263001154911224,0.0,123.05815750288727,1
1.0,0,1,22.395501641529773,3,0,3.802249179235114,4,4,3,1,2,0,12.802249179235114,1.802249179235114,2.802249179235114,2.604498358470228,151.35905357520198,1
0.0,2,1,14.0,0,1,2.6148938770100796,4,3,2,1,2,1,17.61489387701008,0.6148938770100796,1.0,0.0,123.66187216363315,1
1.0,1,1,13.0,3,1,3.0,4,4,5,2,4,0,12.0,1.5821160033823904,2.0,4.0,154.6,1
0.0,2,1,14.0,0,0,2.0445090392761713,3,3,4,1,2,1,17.0,0.0,1.0,0.0,124.0755490960724,1
0.0,2,1,7.421726563162478,2,0,3.0,3,3,4,1,7,0,19.71086328158124,0.710863281581239,1.0,5.554316407906195,127.33889714812945,1
1.54871482282236,1,3,8.09742964564472,3,0,2.45128517717764,3,2,3,1,6,1,18.90257035435528,1.45128517717764,1.45128517717764,1.3538555315329197,152.65979680985012,1
19.0,1,3,20.0,5,1,3.0,2,1,3,2,8,1,18.0,1.0,4.0,9.0,261.95,1
0.0,0,2,29.0,6,0,2.0,3,0,5,1,10,1,15.0,1.0,1.0,2.0,199.5,1
1.0,0,2,18.587296750968797,6,1,3.0,2,2,3,1,9,0,13.293648375484398,1.8531758122578004,2.0,2.7063516245156007,172.2564667184326,1
0.5813210197250533,0,3,19.0,3,1,3.1626420394501067,4,3,5,0,3,0,18.162642039450105,1.1626420394501067,1.5813210197250533,1.4186789802749467,144.07396305917518,1
0.0,0,1,12.921070144961588,4,0,3.0,3,3,2,1,2,1,16.157859710076824,0.07892985503841232,1.0,1.8421402899231754,128.8915719420154,1
9.0,0,1,10.383342637660549,1,1,2.1916713188302746,3,3,2,1,9,1,22.808328681169726,0.8083286811697257,1.0,0.38334263766054866,123.02000000000001,1
0.0,1,1,10.847266100951337,4,1,2.4745443501585562,3,3,2,2,2,0,22.474544350158556,0.4745443501585562,1.0,0.0,123.82672539526955,1
9.0,0,2,9.915538550534563,4,1,3.0,3,4,4,2,2,0,13.277025700356376,1.0,1.0,0.0,123.02000000000001,1
0.0,0,1,23.48891086317731,4,0,2.641272980453901,3,0,3,1,4,0,11.641272980453902,0.6412729804539012,1.3587270195460988,0.7174540390921975,198.34761810586383,1
0.47073255185640983,2,1,20.52926744814359,6,1,2.47073255185641,3,2,3,1,7,0,14.941465103712819,0.9414651037128197,1.9414651037128197,0.47073255185640983,148.34470732551856,1
0.5843959215894574,1,2,15.168791843178916,1,0,2.5843959215894574,4,3,3,0,4,0,16.415604078410542,1.1687918431789148,2.168791843178915,2.5843959215894574,152.76910742586483,1
0.7968615702761911,2,2,26.796861570276192,3,0,3.796861570276191,4,3,3,1,2,1,11.79686157027619,0.7968615702761911,2.0,4.390584710828573,146.2992067975458,1
0.0,0,2,21.386765944237393,4,0,2.3409665634624846,3,1,3,1,4,0,11.340966563462485,1.6590334365375154,1.6590334365375154,1.3180668730750307,198.43771003096126,1
10.0,0,3,15.805466283040587,4,1,2.8054662830405865,4,0,1,1,6,0,11.805466283040587,5.1945337169594135,5.778134867837653,3.0,226.621414637662,1
8.0,2,1,10.0,4,1,3.0,4,4,5,0,6,0,13.0,2.0,2.0,3.0,148.62,1
1.0,1,3,19.0,4,0,3.0,2,4,4,2,3,0,16.0,1.0,2.0,1.0,152.16,1
7.891624697990418,2,1,13.554187651004792,4,1,2.445812348995209,3,3,5,1,4,0,12.891624697990418,0.5541876510047912,1.0,2.445812348995209,123.35251259060288,1
4.587902324894815,1,1,18.587902324894813,2,0,2.5879023248948148,3,5,3,0,2,0,15.0,3.939511624474073,9.0,8.587902324894815,291.97,1
1.0,2,1,25.0,3,1,3.0,5,4,1,2,3,1,14.0,1.0,2.0,2.0,148.89,1
17.369693369687628,1,2,9.0,4,0,3.0,4,5,1,1,4,0,15.726061326062474,4.547877347875051,7.547877347875051,9.726061326062474,291.97,1
1.0,1,3,30.0,4,0,3.0,5,0,5,0,3,0,14.0,1.0822273475055604,4.0,11.0,198.36,1
9.0,1,1,30.725041630729027,4,1,2.0,5,3,3,1,2,0,11.90834721024301,0.0,1.0,0.9083472102430096,123.02000000000001,1
1.0,1,1,8.209148220516484,4,1,4.0,4,4,3,2,3,0,13.186277669225273,1.395425889741758,2.0,1.7908517794835157,160.8187934298673,1
11.361189673317762,0,2,14.527762065336448,4,1,2.0,3,0,1,1,4,0,12.88895173865421,2.5832861960093427,2.5832861960093427,3.0,203.57619815803608,1
0.5574409671635999,0,1,32.0,3,0,3.1148819343272,4,3,3,1,2,0,20.8851180656728,1.8851180656728002,5.787204835818,8.5574409671636,145.15804173540292,1
1.0,0,1,10.0,1,1,4.0,4,4,5,2,2,0,23.0,1.0,2.0,5.0,156.02,1
0.0,1,3,22.0,4,0,3.0,3,0,3,1,3,0,14.587826157771289,1.0,1.0,0.0,182.52413420225977,1
5.893734095207604,1,2,14.362404571245625,4,0,2.1062659047923957,5,2,2,1,8,0,13.106265904792396,0.10626590479239584,1.1062659047923957,2.7874681904152085,153.38773918474118,1
1.0,2,1,7.0,1,1,3.0,4,4,3,2,2,0,15.0,1.0,2.0,6.0,145.58,1
9.0,1,3,15.0,4,1,2.170538048898226,3,0,1,1,4,0,11.852690244491129,3.829461951101774,4.0,3.6821521955929035,200.14653350675547,1
15.105298901988748,0,2,12.894701098011252,4,1,3.105298901988749,4,0,3,2,6,0,17.763247254971873,3.315896705966246,4.868546156960621,3.0,208.13584237494337,1
0.0,0,2,28.0,6,0,3.0,4,3,4,1,2,0,12.0,1.0,1.0,0.0,128.63,1
0.0,2,3,12.379166131066459,5,0,3.0,3,3,3,2,2,0,13.0,1.0,1.0,0.0,127.32391712728284,1
0.0,2,1,10.0,1,1,2.0,3,4,1,0,2,1,15.0,4.877309736193036,5.0,6.0,136.91,1
2.838552458533276,1,1,8.29036188536668,4,0,3.0,4,3,1,1,3,1,12.419276229266638,0.0,1.0,0.0,127.99777141402501,1
1.0,2,2,13.0,6,1,4.0,4,4,5,1,6,1,23.0,1.0820107412081876,2.0,3.0,145.73,1
0.7015069019250367,0,1,20.403013803850072,5,0,2.7015069019250366,3,0,2,2,2,1,12.403013803850074,2.7015069019250366,6.209041411550221,6.209041411550221,199.93599873483083,1
0.0,0,3,14.327638142067805,4,0,2.0,3,3,1,2,2,0,13.672361857932195,0.6723618579321944,1.0,1.3447237158643888,123.16119599016575,1
1.0,2,1,7.6575202551089,1,0,3.0,4,4,3,2,2,0,14.67123987244555,1.32876012755445,2.0,5.01371961733665,145.53397358214238,1
6.3905608377690175,0,3,12.390560837769018,4,1,3.2781121675538034,4,1,3,2,3,0,18.443775664892392,3.8875513297847863,7.16566349733859,3.0,219.28421612234206,1
0.0,1,1,21.0,3,1,2.0,3,0,3,0,8,1,12.0,2.446694428247205,2.0,7.0,236.10000000000002,1
18.0,1,3,8.0,3,1,2.0,3,2,1,2,5,0,16.0,0.49751642687443354,7.0,3.0,151.6,1
0.2759488281571876,2,1,14.275948828157187,3,0,3.0,4,4,3,2,2,0,11.551897656314376,1.0,1.2759488281571876,1.7240511718428124,139.2608366718016,1
0.0,2,1,13.462020698278966,0,0,2.268989650860517,3,3,5,2,5,0,11.0,0.7310103491394832,1.0,3.731010349139483,127.38503864210736,1
0.0,2,1,13.0,4,1,3.0,3,2,3,0,2,0,18.0,0.07662240199220272,1.0,1.0,148.83,1
19.335966966888684,2,1,14.0,2,1,2.6640330331113176,3,3,1,2,3,0,18.35176876822078,0.33596696688868244,1.0,0.0,125.50715567576022,1
0.0,1,1,14.76243998543223,0,0,3.0,3,3,3,0,2,0,14.28731995629669,1.2375600145677699,2.0,2.0,127.10642078077053,1
0.48927926105160313,0,2,17.53216221684519,4,1,3.0,4,2,5,1,5,1,12.510720738948397,1.0,2.0,1.5107207389483968,159.0795298139416,1
1.5721798440625212,0,1,11.572179844062521,1,1,3.2860899220312607,4,4,2,1,9,1,22.71391007796874,2.0,2.2860899220312607,1.5721798440625212,148.1904470072172,1
19.277231323989206,1,1,23.04954456388125,4,0,3.2772313239892044,3,4,3,0,8,0,17.722768676010794,1.0,3.4455373520215913,2.4455373520215913,149.97376684174662,1
0.0,2,1,6.0,6,1,3.0,3,3,1,2,2,1,13.0,5.054692959748364,7.0,8.0,126.86000000000001,1
1.0,0,2,19.33169288212075,3,1,3.9170767794698134,5,4,5,1,3,0,19.33169288212075,2.1658464410603733,2.1658464410603733,1.0,145.55720962425272,1
1.0,0,1,11.833147569711818,2,0,3.416573784855909,4,4,3,2,3,0,19.58342621514409,2.0,2.0,1.0,154.5342103211177,1
13.761727877201151,1,1,12.238272122798849,2,0,4.0,5,0,1,1,2,0,17.0,1.0,3.387830909770935,3.0,224.14564333208662,1
0.0,0,1,14.0,4,0,2.818300509439382,4,3,1,2,2,0,22.454901528318146,1.0,1.1816994905606182,0.36339898112123636,124.72796105244274,1
19.68332636262773,1,1,8.31667363737227,3,1,2.63334727474454,3,5,4,1,7,1,14.68332636262773,4.04997908788319,6.78328453839411,7.04997908788319,291.97,1
5.0,0,3,11.0,5,1,3.0,4,2,4,2,3,0,19.0,5.183564114216933,8.0,3.0,218.55,1
1.0,1,2,9.462757640839001,3,0,3.820919213613,4,2,2,1,10,0,15.0,2.179080786387,3.0,1.3581615727739995,171.14606965141272,1
1.0,0,1,9.0,3,1,3.4288843893947103,4,4,1,0,7,1,14.0,2.4288843893947103,3.0,3.0,160.74652172463834,1
1.0,0,1,9.0,4,1,3.1889856599711752,4,4,4,1,8,1,15.188985659971175,1.0,2.0,2.6220286800576496,145.51071311678615,1
0.7182026496035075,0,1,29.0,5,0,2.7182026496035077,4,3,3,0,3,0,13.0,1.7182026496035077,1.7182026496035077,1.0,155.1883393476926,1
3.0,1,3,31.0,5,1,2.0,4,0,4,2,3,1,12.0,0.7324729697516577,1.0,0.0,190.94,1
1.0,1,3,13.03841394920692,5,0,3.0,4,4,3,2,3,0,14.0,1.5192069746034602,2.0,1.0,152.61696400368203,1
1.0,1,1,13.937480362711502,3,0,4.0,2,4,4,0,3,1,22.234370090677874,1.7656299093221244,2.0,1.0,141.61467483394892,1
0.0,0,1,14.629300537795272,0,1,2.1235664874015763,3,3,5,2,3,0,11.0,0.12356648740157616,1.0,0.3706994622047285,131.45803904670865,1
0.0,2,1,14.0,0,1,2.8763091493862394,4,3,2,1,2,1,17.876309149386238,0.8763091493862393,1.0,0.0,123.48410977841736,1
1.0,0,1,23.16655239427819,3,0,3.4167238028609033,4,4,3,1,2,0,12.416723802860904,1.4167238028609033,2.4167238028609033,1.8334476057218068,151.8640918182522,1
1.0,0,1,16.26524071115062,3,0,3.2652407111506214,5,4,4,2,2,1,23.0,1.2652407111506214,2.0,2.469518577698757,146.98458791448414,1
1.0,2,1,21.64306601767668,3,1,3.0,4,4,2,0,6,1,14.0,1.3215330088383408,2.0,4.356933982323318,149.15743420443184,1
0.0,0,1,14.0,0,1,2.0,3,3,4,1,2,0,15.069301419628035,0.9653492901859829,1.0,0.0,125.89485666554965,1
0.0,2,3,26.0,4,0,3.0,5,2,3,0,4,1,11.0,0.8727751130629893,2.0,2.0,145.59,1
1.0,2,1,31.914694560337058,4,1,3.0,5,4,3,2,3,0,13.170610879325885,1.914694560337057,2.0,2.170610879325886,147.70394058489322,1
1.0,1,3,20.0,3,1,3.0,4,2,5,1,4,0,18.0,1.0,2.0,3.0,167.33,1
15.0,0,1,15.0,4,1,3.0,5,0,1,2,4,0,16.0,1.4535728096151748,2.0,4.0,231.5,1
1.0,2,1,7.961950821689909,3,0,2.038049178310091,3,2,4,0,4,0,11.038049178310091,0.038049178310090914,1.038049178310091,3.8858524650697275,148.53630229580838,1
9.0,2,1,29.914548089267598,4,1,2.0,4,3,3,2,2,0,12.2713629776831,1.0,1.0,0.7286370223168991,123.02000000000001,1
0.0,2,1,14.0,0,1,2.0,3,3,2,1,4,0,12.528068080932078,1.0,1.0,2.471931919067921,123.70168408485591,1
1.0,2,1,16.79791906391348,3,1,3.0,4,3,2,2,3,0,12.404161872173042,1.0,2.0,1.7979190639134792,135.2354982739823,1
0.0,0,1,14.0,4,0,2.0,2,3,2,2,3,1,14.0,0.11007376018105719,1.0,2.889926239818943,124.20001960140264,1
1.0,1,3,31.233224272736003,4,0,3.0,4,0,3,0,3,0,19.549509227312015,1.6166121363680015,2.766775727263997,10.383387863631999,200.22833477319503,1
1.488514107414923,0,1,23.46554232224477,3,0,3.1628380358049744,3,0,3,0,8,1,13.651352143219897,1.1628380358049744,7.022971785170154,6.860133749365179,260.4225937710513,1
8.0,0,1,7.865294559201025,3,1,3.8652945592010246,4,4,4,1,3,1,13.0,2.8652945592010246,3.0,4.0,148.42,1
1.0,0,1,22.794307239208727,3,0,3.6028463803956363,4,4,3,1,2,0,12.602846380395636,1.6028463803956363,2.6028463803956363,2.2056927607912726,151.6202712416817,1
1.0,0,1,13.727536427230143,4,0,3.2724635727698574,4,4,2,0,3,1,17.544927145539713,1.0,2.0,2.455072854460285,153.96898542910796,1
1.0,1,1,20.88484421259713,5,1,3.0,4,3,4,1,3,0,22.424221062985648,1.8848442125971296,2.0,3.0,162.99426335827408,1
14.764378196403564,1,3,30.82374786906429,4,1,2.588126065467855,3,0,5,1,6,1,13.0,0.8237478690642903,2.0,1.1762521309357097,206.15220817420052,1
1.0,2,2,26.666068593025635,4,1,3.0,4,4,3,1,3,0,19.666068593025635,1.3330342965128184,2.0,1.0,149.01010765325537,1
2.3978614712586235,1,2,28.20071284291379,4,1,2.7992871570862077,4,2,3,0,3,1,12.200712842913791,1.0,1.0,0.2007128429137922,162.86869240888,1
20.640464198730776,1,1,14.599226335448705,3,0,2.880154732910259,4,0,4,1,8,1,15.239690534179482,1.8801547329102588,5.520618931641035,3.599226335448705,226.50256332035525,1
12.22001304991592,1,3,9.38999347504204,5,1,3.0,3,3,3,1,2,1,14.0,1.0,1.0,1.6100065249579605,126.08706243004492,1
1.0,1,1,7.6269547196929,4,1,4.0,4,4,3,2,2,0,14.05956792046065,1.3134773598464504,2.0,2.373045280307099,161.5319804683762,1
1.0,2,1,25.0,3,1,3.0,5,4,1,2,3,1,14.0,1.0,2.0,2.0,148.89,1
0.0,1,3,15.0,5,0,3.0,3,2,5,2,2,1,17.0,0.0,1.0,3.0,182.24,1
15.398769481974735,0,1,9.803691554075797,2,0,2.6993847409873672,4,0,1,1,1,0,15.699384740987368,0.30061525901263275,1.0,7.1963084459242035,203.13595939585076,1
1.0,1,1,18.448046852272824,3,0,3.8879882869317943,4,2,3,1,7,0,15.887988286931794,1.8879882869317943,2.0,1.0,172.8338466764489,1
10.0,1,3,16.0,3,1,3.849464429928555,4,0,1,1,3,0,16.247322149642777,3.548393289785666,5.0,3.0,221.90805466924078,1
19.40145860315022,1,2,8.46715286771674,2,1,2.4671528677167402,3,2,1,2,5,0,19.27007007401718,1.0,4.664235661416299,2.0656942645665195,150.7544533094327,1
0.0,0,3,30.0,2,1,2.4713217941050685,3,4,3,2,2,0,15.586034617684795,0.47132179410506836,1.0,0.0,123.02000000000001,1
10.056707126459472,1,3,17.01890237548649,4,0,3.9810976245135095,4,0,3,0,6,0,21.94329287354053,1.0,2.1134142529189424,8.0,198.20426807665405,1
1.0,1,3,8.778865109176941,3,1,3.74037829694102,4,1,5,1,2,0,14.855838733648783,2.25962170305898,6.48075659388204,3.0,221.79729935196212,1
5.826042186335624,1,2,7.0,4,0,4.0,4,1,1,2,10,1,12.236012053238749,1.0,2.0,5.4099698669031255,184.20780311708944,1
1.0,1,3,23.0,4,0,4.0,4,0,3,1,4,0,15.704225829416316,1.7565391672262407,2.0,1.4869216655475186,207.59114715607825,1
0.0,1,1,10.190497867945739,1,0,3.0,3,3,4,2,2,0,18.90475106602713,1.0,1.0,0.0,129.68523300103274,1
1.0,0,1,8.917588312461046,1,1,3.0,5,4,2,1,3,0,13.082411687538954,1.9725294374870153,2.0,1.0,150.64879058000415,1
1.0,0,1,24.21087768580969,2,1,3.0,5,4,4,0,3,1,21.38549641892041,1.0,3.1927482094602055,1.0,148.4978434489861,1
0.0,0,2,14.0,5,0,2.0,4,3,3,1,1,0,15.993578172819218,1.0,1.0064218271807812,0.0,123.50897250765107,1
1.0,1,2,14.349767872389725,3,1,3.0,4,4,1,1,2,1,22.174883936194863,2.0,2.0,3.0,147.83044661064963,1
0.0,0,1,14.01793303058037,0,1,2.32735565647321,3,3,5,2,3,0,11.0,0.32735565647320997,1.0,0.98206696941963,131.0260060082768,1
0.0,2,3,8.520188198618358,5,0,3.0,3,3,4,1,1,0,11.346792132412238,0.8266039337938806,1.0,1.6532078675877613,130.08054747420837,1
1.0,1,1,15.825639075124842,3,0,4.0,4,4,5,1,3,1,17.449573949916772,1.0,2.0,1.0,149.53593031058406,1
13.494646331762175,0,3,7.0,4,1,3.0,3,2,3,1,6,0,13.483938995286522,1.4946463317621739,1.4946463317621739,1.0,169.75323165881088,1
0.6799717100893763,0,2,17.280113159642497,5,1,2.6799717100893763,4,4,4,1,2,0,20.960084869731872,1.6799717100893763,1.6799717100893763,1.3200282899106237,141.1494452541889,1
7.0,0,1,14.0,0,1,2.7971268240857654,3,3,4,1,2,1,12.0,1.7971268240857654,2.0,3.0,123.41999999999999,1
0.0,0,1,16.0,3,1,3.0,3,0,3,1,7,0,11.0,0.254371667479498,1.0,0.0,200.48,1
1.0,1,1,29.995619059622708,3,1,3.004380940377293,4,2,3,0,4,1,14.008761880754587,2.0087618807545864,2.0219047018864664,2.02628564226376,184.1715218731923,1
9.0,2,1,13.33434949937404,4,1,3.0,3,3,5,1,3,1,12.996951501877879,0.33434949937404024,1.0,4.337397997496161,123.02000000000001,1
1.0,1,1,8.013040003854245,3,0,3.0,4,4,4,1,8,0,20.50652000192712,1.5065200019271223,2.0,5.532600009635612,152.52893639820778,1
1.0,2,1,22.769521965857795,3,1,3.0,4,4,4,1,4,1,14.15365202276147,2.076826011380735,2.076826011380735,2.84634797723853,148.7008061156753,1
0.0,1,2,31.936592631072493,3,1,2.0158518422318763,3,2,1,1,2,1,17.95244447330437,3.0,6.984148157768123,7.0,158.18801774256866,1
21.0,1,1,14.0,3,0,3.0,5,0,5,0,9,1,15.0,2.8102294421425364,6.0,3.0,225.08,1
5.0,1,1,19.0,2,0,3.0,4,5,3,0,3,0,15.0,5.554986067255252,9.0,9.0,291.97,1
4.0,2,1,14.123349167241916,4,1,3.9383254163790427,4,4,5,2,5,0,15.0,1.0616745836209573,2.0,3.8149762491371275,146.568721616241,1
13.450064170415757,0,3,10.849550807089692,3,1,2.450064170415758,3,2,3,0,4,1,14.450064170415757,1.0,1.4500641704157582,2.0998716591684836,169.90427721619608,1
0.6141583618499967,1,1,28.409438907899997,3,1,3.204719453949999,3,2,3,1,2,0,14.795280546050002,4.181122184200005,5.181122184200005,6.385841638150003,162.25061877138748,1
0.5665181655878301,2,1,7.69955449676349,4,1,3.56651816558783,4,4,3,2,2,0,13.43348183441217,0.5665181655878301,1.56651816558783,1.43348183441217,138.22342460990816,1
0.0,0,1,14.0,4,0,2.3504570413963393,4,3,2,2,2,0,21.051371124189018,1.0,1.6495429586036605,1.299085917207321,125.5981499030028,1
1.0,1,2,31.092130451213734,3,1,3.302623182928755,4,2,1,1,3,1,18.092130451213734,1.9078695487862651,7.697376817071245,8.0,184.23760084951923,1
1.0,1,3,13.0,4,1,4.0,5,2,3,0,6,1,19.0,3.2999083483905043,8.0,8.0,186.72,1
0.0,0,1,14.0,0,0,2.2793394852765596,4,3,4,1,7,0,12.396697426382797,0.2793394852765595,1.0,0.2793394852765595,125.56809907720853,1
0.0,2,1,14.0,0,1,2.0,3,3,1,0,6,0,12.630608835544887,0.3693911644551138,1.0,3.6306088355448862,124.10512009652598,1
0.8404600433115764,0,1,32.0,3,0,3.6809200866231526,4,3,3,1,2,0,20.319079913376846,5.361840173246305,7.202300216557882,8.840460043311577,145.1976644060636,1
1.0,0,2,19.656678330756893,4,0,3.1144405564143685,4,1,3,1,5,0,12.0,1.0,2.8855594435856315,3.0,223.76201467944387,1
0.0,2,1,14.0,4,0,2.0,3,3,3,2,2,1,13.0,3.9899895894408637,7.0,7.0,123.94,1
0.0,1,1,14.0,0,0,2.0,3,3,5,2,6,0,11.0,0.11759081355621148,1.0,3.529636745775154,126.45711281898603,1
1.0,1,3,11.428321121650262,5,1,3.0,5,2,2,2,3,1,12.571678878349738,3.8583943917486927,5.430073270098431,4.571678878349738,182.92021025781378,1
0.0,2,1,14.0,0,1,2.0,3,3,4,1,2,1,17.0,0.0,1.0,0.0,124.08000000000001,1
9.0,0,1,9.55388574907934,4,1,2.27694287453967,3,4,3,2,2,0,13.276942874539671,0.27694287453967026,1.0,0.0,123.02000000000001,1
4.492247848137335,1,1,18.492247848137335,2,0,2.492247848137336,3,5,3,0,2,0,15.0,3.4612392406866785,9.0,8.492247848137335,291.97,1
1.0,0,1,22.499108658107605,3,1,3.5008913418923937,4,4,3,1,3,0,13.499108658107607,2.0,2.5008913418923937,3.0,149.91711248028497,1
1.0,2,3,14.0,4,1,3.889857717081034,4,4,1,1,3,1,22.0,2.0,2.0,3.0,147.75,1
0.0,0,3,14.0,5,0,2.0,4,3,3,0,1,0,16.779032051890816,0.0,1.0,0.0,123.75149993608615,1
0.24106434585673664,0,2,17.758935654143265,5,0,2.2410643458567368,3,2,1,2,3,0,22.517871308286526,4.5178713082865265,5.27680696242979,6.035742616573053,147.12139004146064,1
1.0,2,1,21.0,3,1,3.0,4,4,1,0,7,1,14.0,1.0156959055962798,2.0,5.0,149.36,1
14.91970110765366,1,3,30.720199261564225,4,1,2.639900369217887,3,0,5,1,6,1,13.0,0.7201992615642265,2.0,1.2798007384357735,205.94200450097537,1
1.0,0,1,21.17964425885121,5,0,3.0898221294256047,5,4,4,1,3,1,23.0,1.9101778705743953,2.4491106471280237,3.4491106471280237,162.58808694778907,1
5.284150188625926,1,1,15.688529660473334,2,0,2.51366007545037,3,5,3,1,2,0,15.0,1.0,7.202189735923703,8.770490113175555,291.97,1
0.09251662118309445,0,2,17.907483378816906,5,0,2.0925166211830946,3,2,1,2,3,0,22.81496675763381,3.0,5.722450136450717,6.629933515267622,146.31329041923604,1
19.495291872218004,2,1,14.0,1,1,3.7981167488872023,4,3,3,1,9,0,12.302824876669197,6.0,8.798116748887203,8.798116748887203,148.4929604580675,1
14.0,0,3,15.0,1,1,3.0,4,2,3,0,5,1,15.0,1.1990112944151883,2.0,4.0,192.96,1
7.0,0,1,14.0,0,1,2.9998492444864002,3,3,4,1,2,1,12.0,1.9998492444864002,2.0,3.0,123.41999999999999,1
1.0065524285717462,1,1,29.99781585714275,4,1,3.002184142857249,5,2,3,1,4,1,13.99781585714275,2.0,2.0,1.9978158571427511,184.17013442285764,1
14.0,0,3,15.0,1,1,3.0,4,2,3,0,5,1,15.0,1.3613273638795946,2.0,4.0,192.96,1
0.0,0,1,9.0,4,0,2.8587563019734428,3,3,4,2,2,0,11.141243698026557,5.141243698026558,8.717512603946885,7.0,134.51955361747545,1
1.0,0,1,7.158743726578448,2,1,3.0,5,4,3,1,3,0,15.761884410132328,1.9206281367107758,2.0,1.0,150.93460100374745,1
12.157303959997337,1,3,32.0,5,1,2.0936328933336292,4,0,4,1,4,1,13.0,2.0,2.0,0.2808986800008877,209.23288341066888,1
18.955063187126235,1,1,8.955063187126237,3,1,3.9550631871262363,3,5,5,0,6,1,14.044936812873763,1.9550631871262365,1.9550631871262365,4.955063187126236,291.97,1
1.0,0,3,24.832779162450436,5,0,4.0,3,2,3,2,8,0,14.778147225033043,2.0,2.0,4.221852774966956,178.1178147225033,1
0.0,0,1,12.99873192308451,4,0,3.0,3,3,2,1,2,1,16.00253615383098,0.001268076915490246,1.0,1.9974638461690195,128.86050723076622,1
1.0,0,1,9.105992802083193,3,1,4.0,4,4,1,1,7,0,14.0,1.105992802083194,2.894007197916806,3.0,162.54751775843707,1
0.5217118013669183,2,2,26.52171180136692,3,0,3.5217118013669184,4,3,3,1,2,1,11.521711801366918,0.5217118013669183,2.0,3.565135404100755,146.05432350321655,1
1.0,2,1,31.262669735330483,4,1,3.0,5,4,3,2,5,0,14.474660529339031,1.2626697353304845,2.0,3.474660529339031,145.97607479862577,1
0.0,2,1,14.0,0,1,2.0,3,3,3,1,2,1,13.0,0.7672791775156301,1.0,1.76727917751563,123.76723533159749,1
0.0,1,1,9.92666555388687,1,1,2.07333444611313,3,3,2,0,2,1,14.70666221554748,5.0,5.29333778445252,6.07333444611313,136.65846284983195,1
0.0,0,1,10.934763292587176,2,0,2.516309176853206,3,3,4,1,2,1,11.967381646293587,3.0652367074128244,8.032618353706413,7.0,133.43646782591676,1
0.0,0,1,31.36889305111378,3,0,2.0,4,2,3,2,1,0,22.31555347444311,2.684446525556889,4.893320846658665,8.631106948886222,145.36715366174323,1
0.0,1,3,29.63316462819522,4,0,2.0,3,0,4,0,2,0,14.89949388458566,1.0,2.5778902478698535,9.788945123934926,173.99949627447717,1
1.0,2,1,15.636429004423091,3,0,3.0,4,3,3,2,3,0,12.681785497788455,1.3182145022115455,2.0,1.3182145022115455,136.80809945442692,1
0.8887524837502724,1,1,8.666257451250818,3,1,2.8887524837502725,4,3,3,2,7,0,17.666257451250818,0.8887524837502724,2.777504967500545,1.7775049675005448,168.65646615111288,1
4.0,1,1,18.0,2,0,2.0,3,5,3,0,2,0,15.0,2.537429936194035,9.0,8.0,291.97,1
19.243528338899537,2,1,14.0,3,1,2.7564716611004636,3,3,1,2,2,0,17.704698372296754,0.2435283388995363,1.0,0.0,125.6069893939885,1
9.273363000963924,1,1,9.0,4,1,2.068340750240981,3,3,3,1,2,0,13.068340750240981,1.0,1.0,0.13668150048196193,123.28037825841815,1
6.0,0,1,14.0,1,1,2.0,4,3,3,1,10,1,16.0,1.0,1.0,0.0,124.37,1
1.8038282503205436,1,1,29.732057249893153,4,1,3.267942750106848,5,2,3,0,4,1,13.732057249893153,2.0,2.0,1.7320572498931521,185.40325436049577,1
1.0,1,3,7.0,3,0,3.0,5,4,3,1,8,1,20.0,1.4798053922761145,2.0,3.0,153.0,1
1.0,0,3,21.131484052141804,2,0,3.0,4,2,2,1,7,0,13.697226078212704,1.4342579739290986,2.565742026070901,2.131484052141803,180.81133841526957,1
9.0,2,2,12.015310586626905,5,1,2.9846894133730943,3,3,4,1,4,1,21.984689413373093,0.015310586626905431,1.0,2.0,123.02000000000001,1
0.78057272582094,0,1,15.78057272582094,4,0,3.78057272582094,3,2,5,1,5,0,17.78057272582094,0.78057272582094,1.78057272582094,6.9028636291047,179.28943509639686,1
9.0,0,1,9.084821955276169,4,1,2.3616073184253894,3,3,5,1,7,0,15.084821955276169,0.3616073184253895,1.0,1.276785363149221,123.02000000000001,1
1.0,0,3,7.0,2,0,3.4064185410021377,4,4,4,2,3,1,12.0,2.0,2.5935814589978623,3.0,147.49978426751727,1
12.762521822252218,1,2,16.61873908887389,4,0,2.1906304555630545,3,0,1,1,2,0,17.61873908887389,1.143782733378325,7.1906304555630545,7.1906304555630545,176.1339571296507,1
14.862149824817367,1,3,30.758566783455088,4,1,2.6207166082724553,3,0,5,1,6,1,13.0,0.0,2.0,1.241433216544911,206.01989057041382,1
1.0,1,3,14.09444975298951,5,0,3.0,4,4,4,2,3,0,14.0,2.047224876494755,2.047224876494755,1.0944497529895096,151.82825214996075,1
0.0,0,3,7.82356022952965,3,0,3.0,3,3,2,1,7,0,14.17643977047035,0.1764397704703503,1.0,0.3528795409407006,128.06878531538322,1
1.0,0,1,14.088193655223636,3,0,3.044096827611818,4,4,3,0,2,1,17.044096827611817,1.0,2.0,2.9118063447763647,154.08136607461134,1
0.0,0,3,6.0,0,0,3.0,3,3,3,0,4,0,15.281621449610057,1.0,1.0,2.0,129.01325815498126,1
0.0,2,1,14.0,0,1,2.0,3,3,3,1,2,0,18.93520639709595,0.6450687990319838,1.0,0.0,123.8800286723001,1
17.48410416474328,2,1,14.0,2,1,2.993641665897311,4,2,3,0,6,0,13.509537501154034,6.0,7.993641665897311,7.993641665897311,148.90324275039237,1
2.01343834532288,1,3,12.4664041366928,2,0,3.0,4,2,3,0,6,0,18.50671917266144,1.50671917266144,2.0,1.98656165467712,177.81408712805793,1
1.0,0,1,7.0,3,1,3.0039599430121426,4,4,3,0,3,0,16.00395994301214,2.0039599430121426,2.0039599430121426,1.0,150.94800137267322,1
2.496511805627529,0,1,12.99767453708502,4,0,3.4988372685425095,2,4,3,2,5,1,15.0,1.0,2.0,4.0,147.9930928656769,1
1.5350898319096369,0,2,8.0,4,0,3.0,4,3,1,1,6,0,13.61622754202259,0.0,1.0,0.0,127.82313592794158,1
1.2512859807289853,0,3,11.11168265810177,3,1,2.9720793354745574,5,0,2,0,3,0,11.972079335474557,6.0,9.0,3.0,229.01005143922916,1
0.0,1,2,15.15915908399383,3,1,2.0,3,4,1,2,2,0,12.681681832012341,0.0,1.0,0.15915908399382983,123.02000000000001,1
4.58338321296202,0,1,14.0,0,1,2.354154196759495,3,3,3,0,9,1,17.770770983797476,1.0,1.354154196759495,0.70830839351899,124.25312911506937,1
0.41948148508981975,1,1,6.41948148508982,4,0,3.0,4,4,3,2,1,0,13.58051851491018,1.4194814850898196,1.4194814850898196,1.5805185149101804,137.84113111576588,1
1.0,0,1,10.39069353710095,2,1,4.0,4,4,4,0,7,0,15.172080611302846,1.6093064628990512,2.0,3.0,164.7747498541717,1
19.334169172348137,1,1,23.675860895829512,4,0,3.3341691723481377,3,4,2,0,7,0,17.665830827651863,1.0,3.331661655303725,2.331661655303725,150.04436977371168,1
1.4310257150955377,2,1,13.0,5,1,4.0,4,4,5,0,6,1,22.78448714245223,2.0,2.2155128575477687,3.0,146.4433475584831,1
12.0,1,3,17.0,5,0,2.0,3,0,1,0,2,0,18.0,0.0,7.0,7.0,176.54,1
0.0,0,1,12.541578102998294,4,0,2.729210948500853,4,3,2,2,2,0,18.541578102998294,1.0,1.270789051499147,0.5415781029982938,128.44492495498756,1
2.0005810373563593,0,2,30.0,4,0,3.0,2,0,4,1,7,1,16.0,1.4997094813218204,2.0,1.499128443965461,228.22216145896564,1
0.0,1,1,28.0,3,1,3.0,3,2,3,0,2,1,15.0,4.169688647885379,6.0,7.0,161.79,1
1.0,1,1,9.0,3,1,3.0,5,4,1,0,7,1,14.0,2.169203051677252,3.0,3.0,159.64,1
5.312690560385166,0,2,31.187527222912166,4,0,3.8124727770878333,2,0,4,1,5,1,16.249891108351335,2.5625816687364997,2.0,2.6877450062094996,254.41775885183137,1
15.957793452736398,1,1,15.021103273631802,3,0,2.9894483631840996,4,1,3,0,3,0,16.0211032736318,5.9366901791045965,7.989448363184099,7.989448363184099,174.43247498641787,1
10.268589849106327,0,3,31.90857373113829,4,0,3.8171474622765817,2,1,3,2,5,1,12.90857373113829,1.0,1.9085737311382909,3.634294924553163,189.15010974965756,1
0.0,1,3,10.55683869469024,5,1,2.0,4,2,2,2,2,1,11.44316130530976,3.2158065265487945,3.6589678318585537,3.4431613053097587,157.8122554964602,1
0.0,1,3,8.67561939002523,4,1,2.1081268699915903,4,0,2,0,2,0,11.0,3.0,3.3243806099747704,7.0,202.58934482435137,1
4.712835234869442,1,1,18.71283523486944,2,0,2.7128352348694427,3,5,3,0,2,0,15.0,3.1486590605222298,9.0,8.712835234869443,291.97,1
2.6890110964154874,1,1,8.0,4,0,3.0,4,3,1,1,5,0,13.327747225896129,0.0,1.0,0.0,127.80294230581273,1
0.8843943893884878,0,2,31.768788778776976,4,1,3.884394389388488,4,1,1,1,2,0,12.0,1.0,1.8843943893884878,9.0,181.86941394419964,1
1.0,0,2,20.55452378242841,5,0,3.388630945607103,4,2,2,2,4,1,23.0,5.611369054392897,7.0,8.0,168.23726314008098,1
0.0,0,2,14.03722170456933,1,1,2.0372217045693293,3,2,5,1,6,0,17.0,0.0,1.0,2.186108522846646,153.26744434091387,1
1.0,2,1,25.1647986074762,3,0,3.0823993037380997,4,4,2,1,2,1,13.8352013925238,1.0,2.0,2.2471979112142995,148.69141767799115,1
0.0,0,1,14.0,0,0,2.3268886518754712,4,3,5,2,1,0,21.67311134812453,1.0,1.0,1.3462226962490573,123.22307554607502,1
0.009251190606781146,0,1,32.0,3,0,2.0185023812135623,4,2,3,1,2,0,21.981497618786438,1.9907488093932189,3.0462559530339055,8.009251190606781,145.08129516668495,1
19.882823162678495,0,1,14.0,4,1,2.117176837321506,3,3,1,1,9,0,14.234353674643012,0.8828231626784937,1.0,0.0,124.04255605325552,1
12.418971781094458,0,1,32.0,4,1,3.0,4,0,4,0,4,1,13.472990593698153,3.6350470315092367,2.0,5.743084656716626,238.7837435927034,1
0.0,2,3,12.921259875398492,5,0,3.0,3,3,3,2,2,0,13.0,1.0,1.480314968849623,0.9606299376992462,128.07291337834684,1
0.0,1,1,7.809423953482806,3,0,3.0,3,3,4,1,7,0,19.04711976741403,1.0,1.0,6.0471197674140305,127.45496361396472,1
8.689803285802222,0,3,17.386118028518666,4,1,3.0,4,1,3,1,5,0,12.462039342839555,1.5379606571604443,5.234275399876889,11.0,258.15796339814113,1
0.9030278734928117,2,2,16.0,2,1,2.9030278734928117,4,3,1,1,3,0,13.903027873492812,0.9030278734928117,1.9030278734928117,1.1939442530143767,135.64223822114258,1
0.0,2,1,14.0,0,1,2.0,3,3,3,1,2,1,13.0,0.9491465763641789,1.0,1.9491465763641789,123.73813654778172,1
0.8635568029983097,0,1,16.409329591005072,2,0,2.8635568029983096,3,3,4,2,4,0,11.86355680299831,0.8635568029983097,1.8635568029983096,0.8635568029983097,156.8468921732116,1
1.0,1,1,9.65905219835739,3,0,3.0,4,2,3,1,4,0,19.31810439671478,1.6590521983573903,2.34094780164261,2.65905219835739,167.4293998614659,1
9.0,2,1,27.79902553019262,3,0,2.10048723490369,3,3,3,0,4,1,11.0,0.0,1.0,1.3014617047110706,123.02000000000001,1
1.0,0,1,8.881759812682969,4,0,3.0591200936585152,4,4,4,1,8,1,14.940879906341484,1.0591200936585152,2.1182401873170305,3.2956004682925766,145.52286896296582,1
0.0,1,2,15.329135112998094,3,1,2.0,3,4,1,2,2,0,12.341729774003811,0.0,1.0,0.32913511299809406,123.02000000000001,1
0.0,0,3,19.0,3,0,2.664423786592678,3,2,4,1,6,0,12.328847573185357,1.0,1.6644237865926779,1.3288475731853557,160.10172377252698,1
2.0944913245825196,0,1,9.45275433770874,4,0,3.0,4,3,4,1,3,1,21.64173698687378,1.4527543377087402,2.0,1.9055086754174801,163.83696027297088,1
0.4933793263688777,0,1,12.34216089817483,4,0,3.0,5,2,3,2,2,1,23.0,1.0,1.1644597754562924,5.177701122718537,160.85841103832854,1
1.0,0,2,20.26871069096702,4,0,3.038387241566717,4,1,3,1,5,0,12.038387241566717,1.0383872415667168,2.961612758433283,3.0,223.52848382752998,1
0.0,0,3,24.0,5,0,3.0,3,2,3,0,1,1,18.0,2.3252454010173578,3.0,2.0,146.14,1
0.0,0,1,14.0,1,0,2.0,3,3,3,1,2,1,13.621936733756709,1.5122530649731631,3.2683795974597447,7.0,123.76585771454812,1
8.0,0,1,8.786414208357327,3,1,3.6067928958213367,4,4,4,0,4,0,13.0,2.6067928958213367,2.6067928958213367,3.6067928958213367,148.49864142083572,1
1.0,1,1,12.698939803167324,5,1,3.8494699015836624,4,4,4,1,6,1,23.0,2.0,2.0,2.698939803167325,146.04912380864263,1
9.0,0,1,14.0,2,0,2.4587962342287017,3,3,3,2,2,0,12.0,0.45879623422870164,1.0,0.0,123.02000000000001,1
9.0,2,1,28.392280227502354,4,0,2.0,3,3,3,1,5,1,11.588420341253531,0.0,1.0,1.3922802275023547,123.02000000000001,1
0.0,0,1,14.0,0,0,2.4911147448257545,4,3,4,1,2,0,15.0,0.49111474482575423,1.0,0.0,125.97964458979304,1
0.0,1,3,9.750222900104303,3,1,2.0,4,0,2,0,2,0,11.0,5.937555725026076,9.0,8.187332824921773,204.1305085346955,1
6.383947008904155,0,1,25.23210598219169,2,1,3.0,3,4,3,1,8,1,14.535788035616621,1.3839470089041552,2.6160529910958448,2.2321059821916895,151.35369063132862,1
0.0,0,1,14.0,0,0,2.4444409576714987,4,3,5,2,1,0,21.5555590423285,0.4444409576714987,1.0,1.1111180846570026,123.22777763830686,1
0.0,2,1,13.0,4,1,3.0,3,2,3,0,2,0,18.0,0.8583827550133828,1.0,1.0,148.83,1
16.409985316756853,1,1,8.512481645946064,2,0,2.8975036708107873,4,0,1,0,1,0,15.795007341621574,1.3074889875676385,1.4099853167568512,9.0,201.52498091000535,1
1.0,2,1,15.0,4,0,3.0,5,4,4,2,3,0,13.0,1.0,2.0,1.0,137.61,1
9.0,2,2,27.340574546224328,5,1,2.0,4,3,3,2,2,0,12.914856363443917,0.0,1.0,0.08514363655608215,123.02000000000001,1
2.091164496329748,1,2,28.302945167890083,4,1,2.697054832109916,4,2,3,1,3,1,12.302945167890083,1.0,1.0,0.30294516789008397,162.39433442099002,1
9.0,0,3,11.0,5,1,3.0,3,4,4,2,2,1,14.0,1.0,1.0,0.0,123.02000000000001,1
1.0,2,2,28.14227128172808,5,1,3.0,5,4,3,2,3,0,13.96443217956798,1.9644321795679809,2.0,1.0355678204320191,146.2711766511431,1
1.0,1,1,10.0,3,0,3.2821294194480712,4,4,2,2,3,0,13.717870580551928,1.7178705805519285,2.0,1.0,139.62037283497762,1
0.0,1,3,10.992625548452871,5,1,2.0,4,2,2,2,2,1,11.007374451547129,1.0368722577356486,1.0442467092827785,3.00737445154713,157.4461945392996,1
0.0,2,1,14.0,0,1,2.3016620287205973,3,3,3,1,2,1,17.301662028720596,0.0,1.0,0.0,123.87486982047001,1
0.0,2,1,14.0,1,0,2.7062055293456724,3,3,5,2,6,0,12.412411058691346,1.0,1.0,6.118616588037018,124.48669368843026,1
1.0,0,1,32.0,3,0,3.672052540505362,5,2,4,2,4,0,21.655894918989276,1.6558949189892762,2.655894918989276,5.63973729747319,168.574602309268,1
9.0,1,1,15.702156765196904,4,0,2.0,3,3,5,2,2,0,13.297843234803096,1.0,1.0,0.0,123.02000000000001,1
9.0,0,1,30.628273015383538,4,0,2.6282730153835394,3,3,3,1,3,1,17.141365076917698,3.7696380923012365,4.7696380923012365,6.1413650769176975,123.02000000000001,1
9.0,1,1,15.0,4,1,2.0,3,3,5,2,4,0,14.0,1.0,1.0,0.0,123.02000000000001,1
1.0,0,1,13.703199784775487,4,1,4.0,5,2,3,1,3,1,21.812799139101948,1.703199784775487,3.7808012913470783,7.296800215224513,186.03086421092002,1
1.0,0,1,30.934899714173376,3,1,3.9782999047244583,4,4,1,1,3,0,22.956599809448917,2.0,2.0,1.0,149.37654594092916,1
13.36881192193993,0,3,7.475247687759715,5,1,2.368811921939929,3,2,3,1,3,1,14.36881192193993,1.3688119219399288,1.3688119219399288,1.1064357658197865,148.95809424482667,1
1.3272329774851102,1,1,9.65446595497022,3,0,3.163616488742555,4,4,5,1,9,0,21.163616488742555,2.0,2.163616488742555,7.181917556287225,151.57424203911006,1
6.30318941675587,1,1,9.434396472251956,4,0,3.0,4,4,3,0,6,0,13.565603527748044,1.4343964722519567,2.0,1.8687929445039133,150.97291067543188,1
9.0,1,1,16.0,4,0,2.0,4,4,5,2,2,0,13.0,0.5039130253806,1.0,0.0,123.02000000000001,1
1.0,0,3,25.945945430775268,4,1,3.9864863576938174,2,2,1,1,9,1,14.013513642306183,1.0,2.0135136423061826,4.972972715387635,178.05837855353641,1
0.0,0,3,24.0,5,0,3.0,3,2,3,0,1,1,18.0,1.0885974509853105,3.0,2.0,146.14,1
19.40436466958521,1,1,12.005455836981515,2,0,3.398908832603697,5,0,3,1,6,0,15.797817665207395,1.6010911673963029,4.4043646695852114,3.0,225.72224322049195,1
1.3625410329109826,2,1,31.0,0,1,2.0,4,3,4,2,5,1,20.0,0.8486065518987798,2.0,2.0,123.13,1
0.0,2,3,10.665926341509552,5,0,3.0,3,3,3,1,1,0,12.777284227673034,0.0,1.0,0.2227157723269655,128.7215799837106,1
0.4838499700332233,0,2,17.516150029966777,5,0,2.4838499700332233,3,2,1,2,3,0,22.032300059933554,4.0323000599335534,4.54845008990033,5.064600119867107,148.44214383698073,1
1.0,0,1,10.728422487299438,1,1,3.2715775127005617,4,4,5,2,2,0,20.814732538101687,1.7284224872994383,2.0,2.0863100508022474,155.08033499138372,1
0.31645457653345765,0,1,8.0,4,0,3.0,3,4,1,1,5,0,13.0,0.31645457653345765,2.0,1.6835454234665423,137.65354276985084,1
1.6843728115173149,0,1,11.684372811517315,1,1,3.3421864057586577,4,4,2,1,9,1,22.657813594241343,2.0,2.3421864057586577,1.6843728115173149,148.2572018228528,1
1.0,1,1,16.388927038364628,1,0,3.194463519182314,4,4,3,0,3,0,16.0,2.0,2.805536480817686,2.6110729616353723,152.1438618027611,1
1.0,1,1,25.0,6,0,3.5619481099932395,3,4,3,1,2,0,19.123896219986477,2.0,2.0,1.0,153.0820764707178,1
4.427179245363174,0,2,19.943692452782095,3,1,3.0,4,0,4,1,4,1,13.0,1.0,8.685435849072634,10.056307547217905,262.1144450566275,1
9.0,0,1,10.746887310684485,4,1,3.0,4,3,4,1,7,0,16.83125820712299,0.915629103561495,1.0,0.0,123.02000000000001,1
5.889963480020928,0,2,32.0,4,1,2.685006086663179,4,0,4,1,3,1,12.68500608666318,2.6299878266736423,4.204957393357748,3.0,216.7432344790089,1
1.0,0,1,6.292246792394602,2,1,3.292246792394602,4,4,3,0,3,0,16.0,1.292246792394602,2.0,1.5844935847892037,151.8747324601951,1
0.35999241877905785,1,3,7.640007581220942,4,1,2.3599924187790577,4,2,4,2,8,0,13.439969675116231,1.0,2.0,1.6400075812209423,196.65085094580473,1
1.0,0,1,10.846553201087954,1,1,3.923276600543977,4,4,3,2,7,0,17.07672339945602,1.0,2.076723399456023,2.923276600543977,164.31441018934538,1
1.0,0,2,18.0,4,0,3.426297717403426,3,2,3,1,8,0,14.278893152210278,2.0,2.0,2.147404565193148,172.3684084021824,1
0.5576645419497845,0,1,32.0,3,0,2.5576645419497845,4,1,2,1,2,0,22.557664541949784,2.115329083899569,2.6729936258493536,9.0,172.87113674029686,1
1.0,1,1,15.331329115102108,3,1,4.0,5,4,3,1,3,0,12.331329115102108,2.0,2.331329115102107,3.0,166.25176266306966,1
20.684583608741317,1,1,8.684583608741317,4,1,2.6845836087413164,3,5,4,2,8,1,15.0,6.0,9.0,8.684583608741317,291.97,1
1.0,0,2,17.0,3,1,3.3174007202186946,4,0,4,1,9,0,16.095595678687832,1.0,5.412996398906527,3.0,227.24110614183576,1
7.614465625272165,0,1,30.485954167029554,4,0,3.1285114582426115,4,4,3,1,4,1,23.0,1.0,2.0,1.2570229164852234,156.58301259376907,1
8.5250279152756,2,1,13.2374860423622,4,1,2.7625139576378004,3,3,5,1,4,0,13.5250279152756,0.23748604236219983,1.0,2.7625139576378004,123.16249162541733,1
15.0,0,1,15.0,4,1,3.0,5,0,1,2,4,0,16.0,1.0210804438801002,2.0,4.0,231.5,1
1.0,0,3,19.0,4,1,4.0,5,4,5,0,3,0,19.0,2.0,2.0,1.0,145.33,1
1.0,0,2,12.732741314852937,4,0,3.0,4,4,3,1,2,0,17.267258685147063,1.0,2.0,1.5345173702941235,148.6997536664544,1
0.5784888174897095,0,1,30.73546645246913,3,1,3.1569776349794187,4,3,3,1,2,0,12.42151118251029,1.0,1.5784888174897094,3.313955269958838,159.5244479550185,1
6.283192427711578,0,1,13.716807572288422,1,1,2.0943974759038593,4,3,3,1,9,0,16.094397475903857,0.9056025240961408,1.0,0.0,124.2425634075298,1
6.125705906512116,0,1,25.74858818697577,2,1,3.0,3,4,3,1,8,1,13.502823626048462,2.8742940934878844,2.8742940934878844,2.748588186975769,152.18522698103098,1
0.0,2,1,24.0,6,0,3.0,2,3,2,1,1,0,18.171131906063337,1.0,1.0,0.0,128.0199615435267,1
1.0,1,3,7.475110956121799,4,1,3.7624445219391003,5,2,4,1,4,0,12.2375554780609,3.7624445219391003,6.0497780877564,3.0,222.59848207265753,1
1.0,0,3,7.199375520851018,1,0,3.0,5,4,3,2,3,0,12.199375520851017,2.0,2.0,3.0,146.61040591144683,1
0.0,0,1,27.99445397214881,5,0,2.335182009283729,3,0,4,1,7,0,13.994453972148813,1.0,1.0,1.3296359814325418,199.07767066830252,1
9.0,1,2,10.78956088952366,2,1,2.0,3,2,2,0,3,0,13.89478044476183,0.10521955523816973,1.0,0.0,123.02000000000001,1
13.0,1,3,18.0,5,0,3.0,4,0,1,0,3,0,19.0,1.0,8.0,8.0,201.54,1
1.0,1,1,8.270855841405943,4,1,4.0,4,4,3,2,3,0,13.093716237891083,2.0,2.0,1.7291441585940561,160.7432015942777,1
4.55388865365335,0,3,31.19423608170667,4,0,2.3884721634133372,3,0,3,2,3,1,12.194236081706668,1.1942360817066686,1.1942360817066686,0.7769443268266749,190.55735491903786,1
1.0,0,1,27.524254000043456,4,0,3.8252486666521808,4,0,3,1,5,0,13.524254000043458,2.0,2.0,3.0,223.46018668001827,1
3.736406151557958,1,2,29.395390772663063,4,1,4.0,4,2,3,0,4,1,13.922578469547148,2.0,2.0,1.0,189.1861649879676,1
0.0,1,1,14.828263029158197,3,0,2.5858684854209018,3,3,2,0,2,1,11.0,1.0,1.0,0.41413151457909836,124.26789987394653,1
1.0,1,3,13.208542418591422,5,0,3.0,4,4,3,2,3,0,14.0,2.3021356046478556,2.3021356046478556,1.6042712092957114,153.23505659977045,1
0.26825035892231075,0,3,16.926998564310757,5,1,2.5365007178446213,3,2,1,1,3,1,22.731749641077688,2.7317496410776894,4.9269985643107574,5.9269985643107574,146.33040569630927,1
1.0,1,3,7.0026548800659825,3,1,3.0,5,0,2,1,6,0,12.0,6.0,9.0,3.0,231.0886128251655,1
1.0,0,2,8.17533424137686,4,0,3.17533424137686,4,4,3,2,3,0,13.0,1.17533424137686,2.0,1.0,138.64961364206815,1
1.0101144316608357,2,1,29.0,5,1,3.0,4,4,3,1,2,0,12.010114431660837,0.9898855683391642,1.9898855683391643,1.0202288633216716,140.53472720819215,1
0.0,2,3,14.702382570963648,5,0,3.0,4,3,4,2,2,0,13.0,1.702382570963648,1.851191285481824,1.702382570963648,127.47946494124027,1
0.22412771045587332,0,2,7.224127710455873,4,0,3.2241277104558734,3,1,4,1,2,0,11.224127710455873,1.2241277104558734,5.775872289544127,7.224127710455873,197.6599762882576,1
8.0,1,1,22.0,3,0,4.0,4,0,1,0,3,0,12.0,1.0,2.0,6.0,204.78,1
1.0,1,1,11.0,1,1,3.0,4,4,1,0,3,1,16.0,5.552499752189572,6.0,7.0,161.91,1
1.0,1,1,13.0,3,1,3.0,4,4,5,2,4,0,12.0,1.9550229196116686,2.0,4.0,154.6,1
1.0,0,2,16.080365091971927,4,0,3.0803650919719257,4,4,4,1,3,0,20.24109527591578,2.0,2.0,1.0,142.95545191346062,1
4.0,2,1,16.0,4,1,3.0,4,4,5,2,5,0,15.0,2.0,2.0,1.0,145.18,1
0.20905812878086616,0,1,29.790941871219133,1,1,3.209058128780866,4,0,4,1,2,0,12.836232515123465,0.8362325151234646,2.254348772685197,8.790941871219134,187.13010500462423,1
14.45455337019878,1,3,31.84848220993374,4,1,3.1515177900662605,4,0,5,1,6,1,14.0,1.0,2.1515177900662605,1.3030355801325206,232.924837772331,1
1.8120381420887264,2,1,13.43611442626618,0,0,3.0,3,3,5,0,8,0,20.906019071044362,1.0,1.9060190710443632,2.4699046447781843,124.32476221473557,1
1.0,0,1,15.541596922798487,2,1,3.5415969227984867,4,2,5,1,6,0,18.0,1.0,2.0,5.707984613992434,178.3683193845597,1
9.0,1,1,30.370576288882898,4,0,2.3705762888828996,3,3,3,1,4,1,15.852881444414498,0.0,3.223457733297397,4.852881444414498,123.02000000000001,1
9.0,0,1,14.256914284692293,5,0,2.7430857153077066,3,3,2,1,6,0,11.77074285407688,1.0,1.0,1.4861714306154132,123.02000000000001,1
1.0,0,3,23.597591936064426,5,0,4.0,3,2,4,2,7,0,15.60160537595705,2.0,2.0,3.398394624042951,178.2001605375957,1
1.0,0,2,9.0,3,0,3.0,5,4,3,2,9,0,13.896367285347068,1.0,2.0,1.0,152.02595423972582,1
10.51054053389399,1,3,16.503513511297996,4,0,2.4964864887020033,3,0,2,1,3,0,19.48945946610601,0.0,4.021081067787979,7.0,174.85194593841317,1
10.639348663529624,1,1,6.180325668235188,4,0,3.0,4,0,2,1,9,1,13.060108556078395,0.060108556078395825,1.0601085560783958,0.060108556078395825,153.74808818723926,1
0.0,2,1,9.0,4,0,2.0,3,2,3,0,1,1,19.0,1.0,1.0,2.0,141.71,1
4.307291477693564,1,1,30.153645738846784,3,0,3.0,3,3,5,1,1,0,13.384548579615593,0.0,1.0,1.846354261153218,140.50897557413157,1
9.0,1,1,16.0,4,0,2.0,4,4,5,2,2,0,13.0,0.807308905307032,1.0,0.0,123.02000000000001,1
1.0,1,3,10.393613883016947,3,1,3.0,5,0,1,1,3,0,12.0,4.787227766033895,5.968069415084736,3.0,228.54521041226272,1
0.0,2,1,10.677463354239974,1,1,2.0,3,3,2,1,2,1,13.645073291520053,2.6450732915200534,2.9676099372800797,3.2901465830401064,135.21634161440005,1
1.0,0,3,26.0,5,1,4.0,2,2,1,2,10,1,14.0,1.4742296633167746,2.0,5.0,178.04,1
0.7181017379560225,2,1,11.12759304817591,3,1,3.0,4,4,3,2,2,0,13.154305213868067,1.0,1.7181017379560224,1.2818982620439776,139.39450980081034,1
1.0,0,1,17.255638156214125,4,0,3.0,4,3,3,2,7,0,23.0,3.674184208285503,4.092730260356879,6.255638156214127,168.59466045839196,1
1.0,1,3,23.0,4,0,4.0,4,0,4,1,4,0,20.63438707422504,1.0522304179678517,2.0,2.8955391640642967,210.42951141558956,1
0.9463029214006932,0,1,32.0,1,0,3.9463029214006933,5,3,4,1,7,0,17.053697078599306,1.9463029214006933,2.0,2.0,150.41865324947855,1
2.6812628745913187,1,2,28.10624570846956,4,1,2.8937542915304393,4,2,3,0,3,1,12.10624570846956,1.0,1.0,0.1062457084695605,163.30701991270124,1
0.17367163695433985,0,2,10.0,4,1,2.3473432739086797,4,2,2,2,2,1,12.0,6.0,7.347343273908679,4.694686547817359,158.31473432739088,1
0.6901710706043321,0,2,15.619657858791335,6,0,3.380342141208664,4,3,1,1,8,0,12.0,1.690171070604332,1.690171070604332,2.690171070604332,146.88365381093683,1
1.0,0,1,16.0,3,1,3.0,4,4,5,2,4,1,12.0,1.0,2.0,1.0,156.72,1
1.0,2,1,8.784117720419388,3,0,4.0,4,4,4,0,3,1,13.431764559161223,2.107941139790306,2.107941139790306,1.0,145.9763910961408,1
1.0,0,2,25.335612735580508,4,0,3.0,4,4,3,1,2,0,12.267122547116102,1.2671225471161016,2.0,1.0,152.73588950748163,1
0.0,0,1,22.0,4,0,3.0,5,4,5,2,2,1,22.0,1.966578049741631,6.0,7.0,139.19,1
20.0,1,1,8.0,4,1,2.0,3,5,4,2,8,1,15.0,5.99183179246363,9.0,8.0,291.97,1
0.7338920438307008,0,1,31.201676131492103,3,1,3.4677840876614017,4,3,3,1,2,0,12.2661079561693,1.0,1.7338920438307008,3.9355681753228033,159.62235198761334,1
1.0,0,2,15.166808340214546,1,1,3.166808340214546,4,2,5,1,7,0,18.0,1.0,2.0,3.8340417010727306,178.2933616680429,1
1.0,1,1,14.0,4,1,4.0,4,4,2,1,3,1,22.57320962780608,2.0,2.0,1.8535807443878387,148.87922296677797,1
16.107589166745594,0,2,14.297470277751469,1,0,2.6487351388757343,4,1,3,0,6,1,14.648735138875734,1.6487351388757343,3.0537945833727975,5.7563243056213285,195.46100581120479,1
0.0,2,3,6.0,0,0,3.0,4,3,3,1,7,1,19.0,0.727268470452434,1.0,2.0,128.0,1
9.0,2,1,27.267508174380673,2,0,2.3662459128096636,3,3,3,0,3,1,11.0,0.0,1.0,2.098737738428991,123.02000000000001,1
7.578478090674221,1,1,9.859492696891406,4,0,3.0,4,4,4,0,6,0,13.140507303108594,1.8594926968914067,2.0,2.7189853937828135,149.20451038093177,1
10.0,0,1,32.0,4,1,2.0,3,0,4,0,2,1,12.0,4.557048989252067,9.0,3.0,218.49,1
9.0,2,1,27.561438377933126,4,0,2.0,3,3,3,1,3,1,11.87712324413375,0.43856162206687566,1.0,0.5614383779331243,123.02000000000001,1
0.8490437591785968,2,1,9.0,5,0,3.849043759178597,4,3,3,2,8,0,15.698087518357193,1.0,2.0,0.8490437591785968,145.88037568869322,1
1.0,2,1,9.556354251201428,4,1,3.4436457487985725,4,4,3,2,3,0,13.556354251201428,1.0,2.0,1.0,139.0802156478244,1
0.0,1,3,29.243758085587245,4,0,2.0,3,0,4,0,2,0,13.731274256761736,0.08125269519574851,2.8374946096085027,9.918747304804251,173.60619566644314,1
1.5596257769747894,1,1,8.119251553949578,3,1,3.0,4,2,2,1,7,0,13.321122669075631,1.8807484460504214,2.4403742230252106,4.119251553949579,173.25054552834285,1
11.353660422210964,1,3,17.45122014073699,4,0,3.5487798592630115,4,0,3,0,5,0,20.646339577789036,1.0,4.70732084442193,8.0,199.67414847850574,1
0.0,1,1,14.0,0,0,2.0,3,3,4,1,1,0,17.0,0.0,1.0,0.407428634114398,124.10852000438801,1
1.4169323155778564,1,1,8.583067684422144,4,0,2.5830676844221436,4,4,2,2,3,0,23.0,1.1661353688442873,1.5830676844221436,0.5830676844221436,136.20345021885427,1
0.0,2,1,14.0,4,1,3.0,3,3,4,2,2,1,23.0,1.0,1.0,0.0,124.72,1
0.0,2,1,24.0,6,0,3.0,2,3,3,1,1,0,17.679328338971743,1.0,1.0,0.0,128.66668323425216,1
0.47729054593239895,1,1,8.4772905459324,3,1,2.477290545932399,3,4,3,1,7,0,16.0454189081352,2.0,2.0,1.954581091864798,144.58366487349184,1
19.976408032219204,1,1,20.71689638663045,3,0,3.9764080322192044,4,3,3,0,9,0,18.95281606443841,1.9764080322192041,5.070775903342388,4.0,174.67647617652815,1
0.0,0,1,14.0,4,0,2.4137328975803296,4,3,2,2,2,0,21.24119869274099,1.0,1.5862671024196702,1.1725342048393403,125.48045681050058,1
2.4015031614796793,1,3,11.496242096300803,2,0,3.0,4,2,3,1,6,0,18.70075158073984,1.7007515807398397,2.0,1.5984968385203209,177.64333860894894,1
14.0,0,3,9.763260324787575,3,1,3.748105667887489,4,2,3,0,7,0,13.503788664225022,2.0,2.0,2.5037886642250218,192.45128814583651,1
1.0,1,3,11.791722324846454,5,1,3.0,5,2,2,2,3,1,12.208277675153546,2.041388375767729,3.2496660509212747,4.208277675153546,182.61495324712897,1
1.0,0,3,7.0,1,0,4.0,5,4,5,2,2,0,22.0,2.0,2.0,1.0,148.25,1
1.0,0,1,14.0,4,1,4.0,5,2,3,2,3,1,23.0,2.0,2.0,7.0,185.74,1
4.0,1,3,29.0,5,1,4.0,5,2,3,0,4,1,13.0,2.0,2.0,1.0,188.8,1
9.0,0,2,14.066978988987337,4,1,2.3110070036708876,2,4,5,1,2,0,19.622014007341775,0.6889929963291126,1.0,0.0,123.02000000000001,1
9.0,0,1,21.31553268666055,0,0,2.1140778855565747,4,3,4,1,2,1,23.0,0.0,2.77184422888685,0.0,123.06429610572216,1
1.0,0,1,10.0,4,0,3.774928472305955,4,4,4,2,3,0,12.225071527694045,6.0,8.774928472305955,8.0,160.13652644382816,1
0.0,2,1,14.0,1,0,3.0,4,3,4,1,6,0,17.058995134772825,1.0,1.0,0.7352512163067935,125.08405672715566,1
9.0,0,1,17.215979166100226,0,0,2.797336805649963,4,3,4,1,2,1,23.0,1.4053263887000746,1.4053263887000746,0.0,123.03013315971751,1
1.0,1,1,7.538835778659143,4,1,4.0,4,4,3,2,2,0,14.191746332011284,1.7305821106704284,2.0,2.461164221340857,161.63992617114255,1
1.8874416907524878,1,1,29.225116618495026,2,1,3.0,2,4,5,2,1,0,13.56279154623756,0.2251166184950244,1.1125583092475122,2.7748833815049756,138.68769249205528,1
0.0,1,3,6.0,0,0,3.0,3,3,3,0,6,0,18.450786499433583,0.1373033751416044,1.0,2.0,128.14966067890435,1
16.327308546568837,0,1,11.018074360293491,2,0,3.663654273284418,5,0,1,1,2,0,16.66365427328442,2.0,2.0,3.336345726715582,228.30782294550195,1
0.0,2,1,18.65300752413063,4,0,2.5867481189673427,4,2,3,1,6,0,14.586748118967343,0.5867481189673429,1.0,0.0,148.00555357218863,1
10.0,1,3,16.0,4,1,3.1029050883420006,4,0,1,1,5,0,12.514525441710003,1.0,5.0,3.0,225.46914272860866,1
1.0,0,1,10.53973962444715,4,0,3.0,4,4,1,1,2,1,12.53973962444715,1.0,2.0,1.0,153.52460260375554,1
1.0,2,1,31.0,4,1,3.0,5,4,3,2,7,1,15.0,1.0,2.0,4.0,145.28,1
0.0,2,1,14.0,0,1,2.2155943343916,3,3,2,1,2,0,19.5688113312168,0.7844056656084001,1.0,0.0,123.69023009627512,1
0.5071037144153973,2,1,8.507103714415397,4,1,3.0142074288307947,4,4,3,2,7,0,16.492896285584603,1.4928962855846026,2.0,1.0,144.87477572598402,1
5.0,0,1,25.0,0,1,3.0,2,3,3,1,7,1,12.0,0.3617490488506727,2.0,2.0,127.59,1
1.0,1,1,8.469523622710689,4,1,4.0,4,4,3,2,3,0,12.795714565933967,1.7347618113553445,2.0,1.5304763772893113,160.49983356217942,1
20.0,1,1,31.0,4,1,4.0,4,4,1,2,3,0,17.0,1.0,2.0,1.0,150.87,1
0.0,1,3,29.0,4,0,2.0,4,0,5,0,2,0,13.0,0.5091896987319572,3.0,10.0,173.36,1
0.0,0,1,13.0,4,1,3.0,5,2,3,2,2,1,23.0,1.0,1.0,6.0,160.74,1
1.0,0,1,15.235733308824074,2,0,3.0,4,4,3,0,3,0,16.382133345587963,1.6178666544120368,2.617866654412037,3.0,152.97027201764666,1
11.670711168918615,0,2,15.665857766216277,4,1,3.0,4,0,1,1,5,0,13.336568935134892,1.0,3.997573298648832,3.334142233783723,227.81114797516182,1
9.0,0,2,10.242651580054433,4,1,2.6213257900272167,3,4,3,2,2,0,13.621325790027216,1.0,1.0,0.0,123.02000000000001,1
0.09115443935785228,0,1,8.954422780321075,1,0,2.9544227803210736,3,3,5,2,1,0,22.045577219678925,0.0,1.0,3.8176911212842954,131.26794007505336,1
0.0,0,3,6.8741689214820685,1,1,3.0,3,3,3,0,4,0,15.0,1.0,1.0,2.0,129.09,1
2.831763662959979,1,1,8.0,4,0,3.0,4,3,1,1,5,0,13.292059084260005,0.0,1.0,0.0,127.8004441358982,1
16.14539170202503,1,1,13.577131329556316,4,0,3.0,3,4,3,1,10,1,14.431739627531286,1.5726958510125146,3.2863479255062575,6.568260372468713,149.61572695851012,1
0.0,2,1,19.990393140231394,5,0,2.252401714942151,3,2,3,1,7,0,14.25240171494215,0.25240171494215125,1.0,0.0,148.19613102248297,1
0.0,0,1,14.34318476891155,0,0,3.0,3,3,3,0,2,0,13.029554306734653,1.656815231088449,2.0,2.0,126.55300389496324,1
9.0,0,3,6.0,3,0,2.0,3,3,4,2,2,1,11.0,1.0,1.8017937347644803,2.0,123.02000000000001,1
0.8559967760801779,1,3,12.432009671759467,5,0,3.0,4,2,3,2,2,1,12.72001611959911,0.8559967760801779,1.8559967760801779,3.855996776080178,182.41119935521604,1
1.0,1,3,32.0,4,1,3.0,4,2,1,2,3,1,19.0,3.9984036826077407,8.0,8.0,183.13,1
9.0,1,3,27.377624068526824,5,1,2.0,3,3,3,2,2,1,15.265744411160956,1.0,1.0,0.0,123.02000000000001,1
18.723951490628764,1,2,30.56901212734281,3,0,4.0,4,0,3,1,5,0,13.569012127342809,3.1549393632859526,5.585927235943143,3.0,228.8938564931862,1
15.0,1,1,13.135506431348146,3,1,2.2881645228839513,4,2,3,0,5,0,14.423670954232097,4.847341908464195,5.847341908464195,7.288164522883951,149.4676329045768,1
3.0,2,1,13.0,3,1,4.0,4,4,5,0,9,1,22.0,2.0,3.0,3.0,149.04,1
0.0,1,3,6.148780524660259,4,1,2.9504064917799138,4,1,4,1,2,0,11.0,3.0,5.851219475339741,7.0,197.4430163352247,1
0.09468099050479506,2,1,9.094680990504795,4,0,2.094680990504795,3,2,3,0,1,0,18.526595047476025,1.094680990504795,1.094680990504795,1.905319009495205,141.47235071383298,1
0.9671433022596037,0,1,20.934286604519208,5,0,2.9671433022596037,3,0,2,2,2,1,12.934286604519208,2.901429906778811,7.802859813557622,7.802859813557622,200.4646151714966,1
1.0,2,1,7.9983396665253235,3,0,4.0,4,4,3,0,3,1,15.003320666949353,2.5008301667373383,2.5008301667373383,1.0,146.83681806515477,1
9.0,0,1,8.0,4,1,2.3993933708128177,3,3,4,0,7,1,14.399393370812817,0.6006066291871826,1.0,1.201213258374365,123.02000000000001,1
1.0,1,3,32.0,5,0,3.0,4,0,1,0,3,0,23.0,1.937520238642179,2.0,10.0,201.39,1
2.951428727507584,0,2,7.0,3,0,3.0,4,4,4,1,3,1,12.278775532501083,2.0,3.0,3.2787755325010837,148.13151021300044,1
0.0,1,1,14.0,4,0,2.0,2,3,3,2,2,1,13.230395071514565,3.0784197139417424,5.617629570912614,6.078419713941742,124.02755012717553,1
7.0,0,1,24.0,1,1,3.0,5,4,3,1,10,1,17.0,2.0,2.0,1.0,149.37,1
6.036205719929509,1,2,15.036205719929509,4,0,2.0362057199295087,4,2,3,2,8,0,12.981897140035246,0.03620571992950872,1.0181028599647544,3.0,153.4762925739683,1
1.0,2,3,28.30889412994615,5,1,3.0,4,4,3,2,3,1,15.853364779676893,2.0,2.0,1.0,144.83233218044018,1
1.0,0,3,25.233613894152782,4,0,4.0,4,2,3,1,2,1,18.18235137046526,1.0,3.8831930529236085,3.0,171.07575617910797,1
4.3626104527985285,0,3,29.155404479770798,4,0,4.0,4,2,3,1,4,1,13.0,2.0,2.0,1.155404479770798,188.8088062538537,1
0.0,1,3,11.0,5,1,2.0,4,2,3,2,2,1,11.0,0.5132489516476845,1.0,3.0,157.44,1
1.0,0,1,17.0,3,0,4.0,5,4,4,2,3,1,23.0,1.2976750205802932,2.0,1.0,143.59,1
1.0,1,1,7.0,3,1,3.8519692535558416,4,4,2,0,3,0,16.851969253555843,2.8519692535558416,2.8519692535558416,1.0,148.3785331617258,1
17.14712869700491,1,1,19.573564348502455,4,0,3.2867821742512278,3,2,3,0,7,0,18.643391087125615,1.2867821742512278,5.713217825748773,5.069826738623158,175.31112302359008,1
1.0,1,1,11.215808050318815,1,1,3.0,4,4,2,1,4,1,14.0,1.5227946331207898,3.0,3.0,159.47012138280888,1
0.0,1,1,15.893197145556677,3,0,2.0,3,3,3,1,2,1,11.0,0.0,1.0,0.9465985727783387,123.02907824262769,1
1.0,0,2,20.094785998524728,5,0,3.273696499631182,4,2,2,2,4,1,23.0,3.178910501106454,7.0,8.0,168.99812917244157,1
1.0,1,1,7.2196821333758265,4,0,3.0,4,4,4,1,3,1,12.0,1.4393642667516526,2.2196821333758265,1.4393642667516526,148.1526540373261,1
1.0,0,2,17.0,3,1,3.4490833926761133,4,0,4,1,9,0,15.30549964394332,3.6527498219716596,4.754583036619433,3.0,226.90136484689563,1
0.7964517695378094,1,3,22.79645176953781,5,0,3.7964517695378093,3,1,4,1,6,0,15.389355308613428,1.5929035390756188,1.7964517695378093,2.3893553086134283,178.9259575366576,1
0.5470629909184421,0,3,20.905874018163114,2,0,3.0,3,1,3,1,5,0,12.452937009081557,1.0941259818368843,1.5470629909184421,0.5470629909184421,182.1789455105552,1
7.150431116506999,1,3,32.0,5,1,2.649952098165889,4,0,4,1,4,1,13.0,1.350047901834111,2.0,1.9498562944976672,213.3496455264276,1
1.0,0,1,11.492463595909895,1,0,3.2462317979549478,4,4,4,2,3,0,19.753768202045052,1.7537682020450522,2.0,1.0,154.61427105496116,1
1.0,0,1,10.110045944044902,2,0,3.3779908111910193,4,4,4,2,2,0,19.51196324476408,1.3779908111910193,2.0,2.2440183776179614,148.8533489131447,1
1.0,0,2,7.459920678077804,3,0,2.540079321922196,3,3,4,1,3,0,11.540079321922196,1.0801586438443915,2.0801586438443915,3.459920678077804,148.26375795938125,1
1.0,1,2,9.749614284387773,3,0,3.7496142843877736,4,2,3,2,9,0,15.751157146836679,1.7496142843877736,3.0,1.2503857156122264,170.28174785455616,1
1.0,0,1,10.0,1,1,4.0,4,4,5,2,2,0,23.0,1.0,2.0,5.0,156.02,1
1.0,0,1,14.740255199633642,3,1,3.629872400183179,4,4,4,2,2,1,23.0,2.0,2.0,1.7402551996336422,149.1611073242766,1
1.0,0,2,7.280421173236141,1,1,3.6402105866180703,4,4,3,1,4,0,16.0,1.6402105866180703,2.0,2.2804211732361406,152.96385913611456,1
9.405812092200271,0,3,32.0,4,0,3.5941879077997285,3,2,4,1,4,0,13.782563723399186,0.5941879077997284,1.5941879077997285,1.8116241844005432,166.28139096134095,1
0.0,0,3,6.970438548884097,0,0,3.0,3,3,3,1,4,0,15.11824580446361,1.0,1.0,2.0,129.05777801828367,1
9.0,2,1,29.77522813541695,4,0,2.0,3,3,3,1,5,1,13.662842203125422,0.0,1.0,2.775228135416948,123.02000000000001,1
1.0,1,3,7.0,4,1,3.0,5,0,3,0,7,0,12.0,4.925980330988659,9.0,3.0,231.08999999999997,1
1.0,2,1,7.492401759204336,2,0,4.0,5,4,4,2,8,0,14.0,2.0,3.0151964815913286,8.0,147.87890656843834,1
0.48981094156864247,1,1,28.836729686143787,4,1,2.163270313856214,4,2,3,1,3,1,12.836729686143785,1.0,1.0,0.8367296861437858,159.91757425629282,1
1.0,2,1,30.508973008810816,3,1,3.0,4,4,3,1,3,0,18.491026991189184,1.1636756637297279,2.0,1.0,149.02926054424378,1
0.0,2,1,14.0,0,1,2.0,3,3,3,1,2,0,19.16913614562617,0.7230453818753901,1.0,0.0,123.85585593161863,1
9.0,1,2,12.934201782204761,4,1,3.0,2,3,1,1,2,1,21.0,0.934201782204761,1.0,1.868403564409522,123.02000000000001,1
1.0,2,1,22.411970532101638,3,1,3.0,4,4,3,1,4,1,14.0,2.0,2.0,3.5880294678983633,148.91522928238797,1
0.0,0,3,32.0,3,1,3.0,5,2,5,2,9,0,18.0,0.23820943547561613,2.0,2.0,149.69,1
1.0,1,2,18.61132524932905,3,0,3.3886747506709503,3,4,4,2,3,0,16.0,1.3886747506709505,2.0,1.0,151.7091372892217,1
1.6688956589109964,0,1,10.774805788118671,4,0,3.0,5,3,4,2,3,1,23.0,1.0,1.5562985529703321,3.2185072351483393,161.14053495813866,1
1.0,0,1,10.217372128787089,4,0,3.0,4,4,2,0,2,1,12.217372128787089,1.0,2.0,1.0,153.52782627871213,1
1.0,0,1,23.177339419337528,3,0,3.411330290331237,4,4,3,1,2,0,12.411330290331236,1.4113302903312368,2.411330290331237,1.8226605806624736,151.87115731966608,1
0.14522501991524905,2,1,13.419099920339004,3,1,3.0,4,4,3,2,2,0,11.435675059745748,1.0,1.145225019915249,1.854774980084751,139.78979473625847,1
1.0,0,1,13.52431493834012,4,0,3.475685061659879,4,4,2,1,3,1,17.95137012331976,1.475685061659879,2.0,2.048629876680242,154.05027402466396,1
0.0,0,3,14.96295799464863,3,0,2.0,3,3,1,2,2,0,13.03704200535137,0.0,1.0,0.07408401070274073,123.0277788211238,1
0.0,0,1,14.60768564105081,2,1,2.607685641050811,3,2,5,1,5,0,17.0,0.0,1.0,5.038428205254055,153.38153712821017,1
7.950161661381718,0,1,30.93354888184229,4,0,3.0166127795394275,4,4,3,1,4,1,23.0,1.0,2.0,1.0332255590788548,156.60651131629675,1
1.0,0,1,16.0,4,1,4.0,4,2,5,1,6,0,18.0,1.0,2.0,8.0,178.46,1
1.0719315124268256,1,3,27.035965756213415,4,0,3.964034243786587,4,2,3,1,4,1,12.0,1.0,2.9280684875731744,2.8921027313597616,170.34579251531093,1
1.0,0,1,15.316799190754084,2,0,3.0,4,4,3,1,3,0,16.34160040462296,2.3167991907540837,2.658399595377042,3.0,152.91190458265706,1
1.0,2,1,17.0,3,1,3.0,4,3,3,2,3,1,12.0,1.2867668775578838,2.0,2.0,135.09,1
11.72498087661859,0,3,19.440383144355277,4,1,3.0,3,1,4,2,4,1,15.20191572177638,1.0,6.7980842782236195,10.119233711289448,262.3025586190562,1
0.0,2,3,26.0,4,0,3.0,5,2,3,0,4,1,11.0,0.7206548090687734,2.0,2.0,145.59,1
0.0,0,3,7.6511295833947095,2,0,3.0,3,3,1,1,6,0,14.34887041660529,0.3488704166052904,1.0,0.6977408332105808,128.28259931659056,1
9.0,0,1,14.0,3,0,2.0768312882458204,3,4,3,2,2,0,12.0,0.0,1.0,0.0,123.02000000000001,1
15.58671363021659,0,2,12.41328636978341,4,1,3.5867136302165896,4,0,3,2,8,0,18.966784075541472,4.760140890649768,6.553497705758063,3.0,208.84833617272056,1
0.0,1,3,15.0,3,1,2.0,3,4,1,2,2,0,13.0,0.0,1.0,0.0,123.02000000000001,1
14.969542191929504,1,1,10.969542191929504,4,1,3.0,4,4,3,0,9,1,13.060915616140994,2.0,2.969542191929503,7.847710959647516,149.67761633391652,1
0.09087653836964837,2,1,14.090876538369649,3,0,3.0,4,4,3,2,2,0,11.181753076739296,1.0,1.0908765383696484,1.9091234616303516,139.6828014925172,1
1.0,0,1,32.0,3,1,3.8546750413842634,4,2,5,1,5,0,20.709350082768527,0.8546750413842635,1.8546750413842634,3.418700165537054,167.67868929593652,1
2.4777758763632187,1,2,25.73888793818161,5,0,3.3694439690908045,2,4,4,1,2,0,19.847219845454024,1.6305560309091953,2.0,1.7388879381816094,155.23977690312708,1
1.0,1,3,16.0,4,1,4.0,5,4,5,0,5,0,13.0,2.2527638619604495,3.0,3.0,169.0,1
1.0,1,3,11.209417670821853,5,1,3.0,5,2,1,2,3,1,12.790582329178147,4.371746987534437,6.7434939750688745,4.790582329178146,183.10408915650964,1
0.0,0,2,14.462916544409897,2,1,2.4629165444098966,3,2,5,1,6,0,17.0,0.5370834555901035,1.0,4.314582722049483,153.35258330888198,1
8.0,1,2,7.0,3,1,4.0,5,0,5,0,10,0,15.0,3.0,4.0,3.0,229.82,1
8.254628274020526,1,1,14.745371725979474,4,0,2.3726858629897376,3,3,3,2,2,0,11.627314137010263,0.3726858629897375,1.0,0.745371725979475,125.38282837135495,1
9.0,1,3,10.056602466217582,2,0,2.4716987668912096,3,2,1,1,3,0,13.056602466217582,0.0,1.0,0.0,123.02000000000001,1
1.0804324271245704,2,3,9.120648640686856,2,0,3.0,4,3,2,1,3,0,14.040216213562285,1.0,2.0,2.9195675728754296,145.45689080969615,1
0.0,0,1,14.0,0,0,2.323842666546555,4,3,4,1,2,0,15.0,0.3238426665465547,1.0,0.0,125.97295370666187,1
0.0,2,1,13.0,4,1,3.0,3,2,3,0,2,0,18.0,0.9077508002412379,1.0,1.0,148.83,1
14.0,0,3,15.0,1,1,3.0,4,2,3,0,5,1,15.0,1.2702294884263188,2.0,4.0,192.96,1
18.79360941420695,0,2,8.264536471402316,3,1,2.264536471402317,3,2,1,1,6,0,15.735463528597684,1.0,5.677317642988416,2.4709270571953663,150.8592978800735,1
0.0,2,1,10.0,1,1,2.0,3,4,1,0,2,1,15.0,4.919981730242321,5.0,6.0,136.91,1
1.0,1,3,12.0,5,0,3.0,4,4,3,2,3,1,14.0,1.6405353781460565,2.0,1.0,153.51,1
0.0,1,2,24.566522373121366,6,0,3.0,2,3,4,1,1,0,16.29184703359829,1.0,1.0,0.0,129.42828354824928,1
1.0,2,1,16.53479227570249,3,0,3.0,4,3,3,2,3,0,12.232603862148755,1.767396137851244,2.0,1.767396137851244,135.67616173261487,1
1.0,0,1,13.0,4,0,4.0,5,4,1,2,3,1,19.0,1.8844941338435337,2.0,1.0,154.26,1
0.0,0,2,18.02168183008362,4,0,2.3261060566387934,3,1,3,1,4,0,11.0,1.3477878867224131,1.6738939433612066,1.3477878867224131,199.17264574987925,1
0.22043788489261396,0,2,15.220437884892615,4,0,3.220437884892614,3,2,5,1,2,0,17.220437884892615,0.22043788489261396,1.2204378848926138,4.10218942446307,181.40674479510594,1
9.0,1,1,14.925288194793156,4,0,2.0,3,3,4,2,3,0,13.85057638958631,0.9252881947931552,1.0,0.0,123.02000000000001,1
1.0,1,3,7.264066715995738,4,1,3.867966642002131,5,2,4,1,3,0,12.13203335799787,3.735933284004262,6.471866568008524,3.0,222.3948243809359,1
1.0,2,1,31.0,3,1,3.0,4,4,4,1,3,1,18.0,1.0,2.0,1.0,149.08,1
10.509249004129057,0,2,15.570592878612924,4,1,3.0,4,1,2,1,9,0,12.0,6.0,2.0,10.69328062758066,253.88949248270873,1
9.0,2,2,12.285437653906843,5,1,3.0,3,3,3,1,4,1,21.714562346093157,0.2854376539068437,1.0,2.0,123.02000000000001,1
0.3765882686637354,1,2,7.753176537327471,3,1,2.3765882686637356,4,2,3,2,7,0,16.129764805991208,0.3765882686637354,1.7531765373274708,0.7531765373274708,167.90358475493568,1
0.9705546707284959,0,1,9.882218682913983,4,0,3.0,3,3,3,2,2,0,12.941109341456992,3.0,7.882218682913983,7.970554670728496,166.09381873832038,1
0.0,0,1,13.117906480540753,4,0,2.4410467597296233,4,3,2,2,2,0,19.117906480540753,1.0,1.558953240270377,1.117906480540754,127.57755074678616,1
9.0,1,1,8.66360627659709,4,1,2.3363937234029093,3,4,3,2,2,0,12.66360627659709,0.6636062765970906,1.0,0.0,123.02000000000001,1
1.0,1,3,7.0,1,0,4.0,4,4,4,2,3,1,17.0,1.4809783064214441,2.0,5.0,157.02,1
19.0,1,3,20.0,5,1,3.0,2,1,3,2,8,1,18.0,1.0,4.0,9.0,261.95,1
1.0,0,1,16.303637567466968,3,0,3.0,5,4,4,2,2,0,22.39272486506606,2.0,2.3036375674669696,3.0,149.1330582050996,1
6.0,0,1,26.0,3,1,3.0,2,4,3,1,8,1,13.0,2.343952275854102,3.0,3.0,152.59,1
0.48136317945177076,0,1,31.277955230822343,3,1,3.0,3,3,4,2,1,0,11.48136317945177,0.0,1.0,3.7593184102741146,135.812896756335,1
1.0,1,1,9.230807552681853,4,0,3.0,4,4,3,2,3,0,13.743602517560618,2.0,2.0,1.0,139.04359753571197,1
4.001087317887087,0,3,11.0,4,1,3.0,4,1,4,2,2,0,19.998912682112913,5.250815488415315,7.250815488415315,3.0,219.11688294709907,1
0.0,2,1,19.144399146016852,3,0,2.682711016224095,2,3,4,1,2,0,15.048133048672284,4.413555081120474,8.365422032448189,9.73084406489638,129.32104234330438,1
1.0,0,2,32.0,3,1,4.0,5,2,5,2,7,0,19.967427664781425,1.0,2.516286167609287,3.483713832390713,171.3765602481236,1
1.0,2,1,31.0,4,1,3.0,5,4,3,2,7,1,15.0,1.0,2.0,4.0,145.28,1
1.0,0,1,13.77611521097286,3,1,3.0,4,4,5,2,4,0,12.0,1.0,2.0,3.22388478902714,155.14845474908748,1
1.0,0,2,15.0,6,0,4.0,5,4,1,1,8,0,12.0,2.0,2.0,3.0,146.8,1
4.0,0,3,10.0,5,1,2.0,3,2,4,2,2,0,18.0,5.429576510693336,7.0,7.0,193.55,1
1.0,1,2,25.553969949878276,5,0,3.446030050121725,4,4,2,1,3,0,19.446030050121724,1.4460300501217251,2.0,1.0,150.37888414034083,1
19.98719049960777,1,1,20.993595249803885,4,0,3.9967976249019426,3,3,3,0,9,0,18.998398812450972,1.9967976249019423,5.003202375098057,4.004803562647086,174.63305826821863,1
0.0,0,1,32.0,2,1,3.0,4,3,4,2,1,0,11.0,0.2832190838096674,1.0,4.0,134.79,1
14.64423099696975,0,1,11.35576900303025,3,0,3.11858966767675,4,4,3,1,9,1,12.88141033232325,1.4743586707069998,3.5929483383837493,8.0,149.84006395529292,1
1.0,1,1,21.0,6,1,3.0,5,4,4,1,3,1,23.0,2.0,2.0,3.0,162.43,1
4.39213717591902,1,1,18.392137175919018,2,0,2.3921371759190198,3,5,3,0,2,0,15.0,4.431451296323922,9.0,8.39213717591902,291.97,1
1.0,1,1,8.193271389947293,4,1,4.0,4,4,3,2,3,0,13.21009291507906,2.0,2.0,1.8067286100527065,160.83824254731456,1
1.0,0,1,10.676472143492411,1,0,3.0,4,3,3,1,5,0,17.970583569522766,2.0,2.0,3.0,164.83617216252603,1
1.0,1,3,30.0,4,0,3.0,5,0,5,0,3,0,14.0,1.1899327662303592,4.0,11.0,198.36,1
1.0,0,1,22.36250637923162,3,0,3.8187468103841917,4,4,3,1,2,0,12.81874681038419,1.8187468103841917,2.8187468103841917,2.6374936207683835,151.33744167839671,1
0.0,0,3,24.533243520256402,4,1,2.8833108800641,2,2,1,1,8,1,13.1166891199359,0.8833108800641002,1.1166891199359,3.7666217601282,153.19869720311283,1
1.0,2,3,29.0,5,1,3.0,4,4,3,2,3,1,20.0,1.6560013546531094,2.0,1.0,141.75,1
1.0,0,1,15.317701348360634,2,0,3.0,4,4,3,0,3,0,16.341149325819682,1.658850674180317,2.658850674180317,3.0,152.91125502918035,1
3.0,1,1,29.495025941164954,3,1,3.747512970582477,4,3,4,1,2,0,13.495025941164954,1.0,1.7475129705824768,2.990051882329907,163.9794031129398,1
1.0,1,3,8.64929365379806,4,1,3.0,5,0,1,0,4,0,12.0,3.09952910253204,6.2511772436699005,3.0,229.52866867440449,1
0.0,2,1,20.0,6,1,2.0,4,4,4,1,2,1,23.0,1.0,1.0,2.0,137.43,1
1.830577597906753,1,3,8.661155195813507,3,0,2.169422402093247,3,2,3,0,5,1,18.338844804186493,1.0,1.169422402093247,0.508267206279741,152.4850418892978,1
3.179071214293883,1,3,15.363178535715647,2,0,3.0,5,2,4,2,8,0,16.54728585713741,1.0,2.0,3.3631785357156474,178.33263570714314,1
0.9747698434204131,1,1,24.0,4,0,3.974769843420413,3,3,3,0,2,0,14.100920626318349,1.0504603131591739,2.025230156579587,1.025230156579587,147.0757790496836,1
3.174396575092985,1,3,30.65120684981403,5,1,2.34879315018597,4,0,3,1,3,1,12.174396575092985,0.34879315018597,1.174396575092985,0.174396575092985,190.56679132930103,1
0.0600081925890118,0,2,15.060008192589011,4,0,3.0600081925890117,3,2,5,1,1,0,17.060008192589013,0.0600081925890118,1.0600081925890117,3.300040962945059,182.01316903201354,1
0.0,2,1,6.0,4,1,3.0,4,4,3,2,1,1,14.0,0.3762293783611911,1.0,2.0,137.3,1
1.0,0,1,27.223250972429184,4,0,3.9255830091902717,4,0,3,1,5,0,13.223250972429184,2.0,2.0,3.0,223.33376540842028,1
9.0,1,1,30.496956252442978,4,0,2.4969562524429785,3,3,3,1,4,1,16.48478126221489,2.9817375146578717,3.9817375146578717,5.484781262214893,123.02000000000001,1
1.0,0,1,13.986335477424538,3,1,4.0,4,4,3,2,3,0,13.675776348383641,1.337888174191821,2.0,1.0,143.95214907471012,1
1.2622019632258286,0,1,31.087400654408608,2,1,3.9125993455913903,5,0,4,2,3,0,13.0,1.0,2.0,3.0,212.54513043440002,1
1.0,0,2,15.873794690419881,5,0,3.1262053095801194,4,4,1,1,3,0,14.621384071259643,2.0,2.0,3.0,148.04952640730042,1
1.0,0,3,31.0,2,1,3.498179624459489,3,4,3,2,3,0,16.505461126621533,1.498179624459489,2.0,1.0,136.04450849860407,1
0.43764630265760207,1,3,17.687061092027193,3,1,2.437646302657602,3,2,5,1,3,0,18.312938907972807,0.8752926053152041,1.437646302657602,1.562353697342398,142.57945839251485,1
0.0,0,1,27.980922144561237,5,0,2.339692618479587,3,0,4,1,7,0,13.980922144561239,1.0,1.0,1.3206147630408258,199.07198730071573,1
8.438038886325781,2,1,13.28098055683711,4,1,2.719019443162891,3,3,5,1,4,0,13.438038886325781,0.2809805568371089,1.0,2.719019443162891,123.18858833410228,1
21.0,0,1,9.0,3,1,3.0,4,4,1,1,8,0,17.295894395772347,1.7130132005284566,2.0,1.0,149.08411693147684,1
4.0004495742763995,0,1,11.2503371807073,4,1,3.7501123935690996,4,4,5,0,8,0,17.250337180707298,2.0,2.0,1.4997752128618003,145.9075730558199,1
2.28750021079244,2,1,14.42499957841512,3,0,4.0,4,4,5,1,8,1,21.64375010539622,2.0,2.64375010539622,2.28750021079244,149.04,1
1.0,1,3,22.0,3,1,3.0,5,2,1,1,8,1,15.0,1.177215056878792,3.0,3.0,179.4,1
0.3048801840542327,1,2,9.085359447837302,5,1,2.609760368108465,4,2,2,2,2,1,12.609760368108466,6.0,7.304880184054233,5.524400920271163,156.32266921837183,1
1.0,0,1,7.616240649330612,4,0,4.0,2,0,4,2,3,0,12.0,2.7675187013387754,5.0,8.0,199.46,1
7.965757068231687,1,1,14.482878534115844,4,1,2.0,3,3,5,1,4,0,12.965757068231687,1.0,1.0,1.0342429317683128,123.3302728795305,1
1.0,1,3,14.78065155852311,5,0,3.0,4,4,4,2,3,0,14.0,2.3903257792615547,2.3903257792615547,1.7806515585231093,152.10616388120187,1
0.0,0,1,9.09093745710327,3,0,2.0,3,4,2,1,2,0,12.272812371309806,5.818125085793463,6.818125085793463,6.909062542896732,140.48261579358416,1
0.0,2,3,6.0,1,0,3.0,3,3,4,2,2,1,16.0,0.9708762150108947,1.0,4.0,132.02,1
8.154461282463505,1,2,13.921969691565693,4,0,3.2308922564927007,5,1,3,2,10,0,14.0,1.0,2.0,3.3073232305218974,178.54081228977245,1
1.0,0,1,17.196180856502224,3,0,4.0,5,4,4,1,3,0,22.607638286995556,1.0980904282511113,2.0,1.0,143.76067734515695,1
0.0,0,1,14.0,4,0,2.0,2,3,3,2,4,1,14.0,0.0,1.0,3.0,124.32,1
0.0,0,1,32.0,1,1,3.0,4,3,4,2,1,0,11.0,0.44930950852935325,1.0,4.0,134.79,1
6.055536312117962,0,1,25.888927375764077,2,1,3.0,3,4,3,1,8,1,13.222145248471849,2.944463687882038,2.944463687882038,2.8889273757640757,152.41117307498016,1
1.0,1,2,25.0,6,1,3.0,2,4,5,1,2,0,18.0,2.0,2.0,1.0,154.56,1
1.0,0,1,13.439595456645945,4,0,3.4798651522153152,5,4,3,1,3,1,13.560404543354055,1.0,2.0,8.0,147.47473307402817,1
1.0,0,1,15.050557745743575,3,0,3.525278872871787,4,4,3,1,2,1,17.525278872871787,1.525278872871787,2.0,1.9494422542564258,156.49689994181637,1
15.03357059148148,1,3,9.48321470425926,4,1,2.74160735212963,4,3,2,1,3,0,15.25839264787037,1.74160735212963,3.2919632393518503,3.0,151.77056969098982,1
1.0,2,1,23.362813539253786,3,1,3.0,4,4,3,1,3,1,14.0,1.818593230373108,2.0,2.818593230373108,148.7590250831403,1
1.0,1,2,29.20079881047353,5,1,3.100399405236764,5,4,2,1,3,0,12.301198215710293,1.100399405236764,2.0,1.0,140.11125459911534,1
0.0,2,1,9.909662898941043,1,0,2.218067420211791,3,3,3,2,2,1,13.654202260635373,1.7819325797882088,1.7819325797882088,2.4361348404235823,133.88881886569382,1
1.0,0,1,25.63248727405974,4,0,3.8046410391513916,4,0,3,0,5,0,12.804641039151392,1.8046410391513916,2.1953589608486084,3.0,223.29860768825458,1
19.653005457994475,1,1,12.566256822493092,2,0,2.0867486355013813,4,0,4,1,7,0,14.173497271002763,1.0,4.653005457994474,9.0,200.21966530315723,1
1.5782220587786306,0,3,10.0,3,1,2.0,3,0,4,2,1,0,20.421777941221368,4.183666544083973,5.183666544083973,7.0,194.92435898164314,1
0.9429052394901161,1,3,12.171284281529651,5,0,3.0,4,2,3,2,2,1,12.28547380254942,0.9429052394901161,1.942905239490116,3.9429052394901163,182.42858104789804,1
1.0,2,1,27.345651777116167,3,1,3.0,4,4,3,1,3,0,20.345651777116167,1.6728258885580842,2.0,1.0,148.8877826801191,1
11.347878898363787,0,1,14.0,5,0,2.5304242203272427,3,3,1,1,8,0,11.469575779672757,0.5304242203272427,1.4695757796727573,4.347878898363787,123.7666254896797,1
0.3372142672563364,0,2,17.98835719823099,1,0,2.3372142672563365,3,2,4,2,5,0,11.337214267256336,1.0,1.3372142672563365,0.3372142672563364,157.33639073145162,1
13.770512320949232,0,1,12.229487679050768,3,0,3.409829226350256,4,4,3,1,7,1,12.590170773649744,1.409829226350256,5.0491461317512805,8.0,150.4050686991195,1
14.731892291418482,1,3,14.536215417163037,4,0,3.5772974304728273,4,0,3,1,7,0,19.57729743047283,3.886487152364136,8.0,5.113512847635864,206.11219564934478,1
4.0,2,1,8.0,4,0,3.0,5,3,1,1,5,1,13.0,0.0,1.0,0.0,127.78,1
0.30570213581048855,2,1,14.305702135810488,3,0,3.0,4,4,3,2,2,0,11.611404271620977,1.0,1.3057021358104886,1.6942978641895114,139.1929991303521,1
1.0,0,1,9.475499425781024,2,0,3.0,4,4,5,2,8,0,12.0,1.5245005742189766,2.0,2.901997703124094,151.0664794487498,1
15.955604280942818,1,3,31.348131906352393,4,1,3.651868093647606,4,0,5,1,7,1,14.0,1.0,2.651868093647606,2.303736187295212,230.8934155397907,1
1.0,1,3,7.0,4,1,3.0,5,0,3,0,7,0,12.0,2.882067932461886,9.0,3.0,231.08999999999997,1
0.23282928155093918,0,2,10.0,4,1,2.4656585631018784,4,2,1,2,2,1,12.0,4.465658563101878,7.465658563101878,4.931317126203757,158.3265658563102,1
1.0,2,1,23.05462251347783,3,1,3.0,4,4,3,1,3,1,14.0,1.9726887432610853,2.0,2.9726887432610853,148.7343698010782,1
20.714158551336592,1,1,8.71415855133659,4,1,2.7141585513365905,3,5,4,2,8,1,15.0,5.714158551336591,9.0,8.71415855133659,291.97,1
1.0,0,1,23.857778583573126,3,0,3.071110708213437,4,4,3,0,2,0,12.071110708213437,1.1422214164268736,2.071110708213437,1.1422214164268736,152.3168449722404,1
0.6543430644581407,0,1,32.0,3,0,2.654343064458141,3,2,5,0,7,0,17.617372257832564,0.3456569355418593,1.0,0.3456569355418593,166.80950109517462,1
1.0,1,1,14.22988342567223,3,0,3.7432944752240767,4,4,4,1,2,0,18.0,1.0,2.0,1.5134110495518467,149.0416093259462,1
1.0,1,3,10.438111651033296,3,1,3.0,5,0,2,0,3,0,12.0,4.87622330206659,6.190558255166476,3.0,228.57858373827497,1
11.0,0,3,32.0,4,0,4.0,2,2,3,2,6,1,13.0,1.1822115694105806,2.0,4.0,188.97,1
0.0,0,2,14.0,0,0,2.549326365186015,4,3,5,2,1,0,21.450673634813985,0.549326365186015,1.0,0.9013472696279701,123.23197305460745,1
16.0,1,1,15.0,3,1,3.0,5,2,4,0,4,0,16.0,6.0,8.0,8.0,174.41,1
1.0,1,2,9.0,1,1,3.0,5,4,1,2,3,0,13.0,1.9478634419990688,2.0,1.0,150.64,1
8.44556395185001,0,2,16.0,4,0,3.0693045060187485,3,0,4,1,6,0,20.792086481943755,0.06930450601874871,1.0693045060187487,7.0693045060187485,173.50869997201974,1
1.0,0,1,9.543586560287576,1,0,3.0,4,4,5,2,7,0,12.0,2.0,2.0,3.1743462411503027,151.13184309787607,1
1.0,0,2,26.122487510003456,3,1,4.0,4,0,3,1,3,0,13.609689061249568,1.390310938750432,2.0,1.780621877500864,208.79964436638994,1
1.0,0,1,11.511745081624426,2,1,3.255872540812213,4,4,2,1,8,1,23.0,2.0,2.0,1.5117450816244256,147.3075502134781,1
15.115078647452236,0,1,31.0,4,1,3.59292322062102,4,4,1,1,3,0,19.442460676273882,1.0,2.0,1.0,153.20662071363535,1
8.355363082235396,1,1,14.644636917764604,4,0,2.3223184588823016,3,3,3,2,2,0,11.677681541117698,0.3223184588823017,1.0,0.6446369177646034,125.0634990293138,1
1.0,0,1,22.226734226898362,3,1,3.7732657731016386,4,4,3,0,3,0,13.226734226898362,2.7732657731016386,2.7732657731016386,3.0,150.56263988225086,1
0.0,0,3,19.0,2,0,2.3980186470255473,3,2,4,1,6,0,11.796037294051095,1.3980186470255476,1.3980186470255476,0.7960372940510951,159.11868880752428,1
0.6974478281643061,2,1,9.0,5,0,3.697447828164306,4,3,3,2,8,0,15.394895656328613,1.0,2.0,0.6974478281643061,145.86066821766136,1
0.0,2,1,14.0,0,0,2.0,3,3,4,1,6,1,11.180992622191734,0.9095036889041332,1.0,4.0,126.37000315247813,1
9.0,2,2,7.0049413679450945,0,0,2.0,3,3,3,2,1,0,13.497529316027453,0.0,1.0,3.4925879480823583,123.02000000000001,1
16.947679880303237,1,3,8.526160059848381,3,1,2.2630800299241907,3,2,1,1,4,0,15.736919970075808,1.2630800299241907,5.684599850379046,3.0,151.66050840688257,1
15.929295508013688,1,2,31.44877271199609,4,0,3.2756136440019556,4,0,3,1,5,0,13.724386355998044,2.3780682200097774,3.9292955080136878,1.5512272880039109,232.04617404950943,1
1.0,0,1,22.241777965852236,1,1,3.1895555085369405,5,4,5,0,3,0,22.241777965852236,3.620888982926119,3.620888982926119,1.0,147.55061790660878,1
13.0,0,3,6.0,6,1,2.0,3,2,3,2,4,1,14.0,0.8922379155381064,1.0,0.0,147.28,1
2.8618826730366536,1,1,30.70717599044502,3,1,4.0,4,2,4,0,6,1,16.983410644371713,1.4309413365183268,2.0,1.0,190.4673418840013,1
16.0,1,1,8.0,2,0,3.0,4,0,1,1,1,0,16.0,0.1980030303075535,1.0,9.0,201.69,1
19.56197820364967,1,1,26.181760240146378,4,0,3.5619782036496708,3,4,2,1,6,0,17.43802179635033,1.0,2.8760435927006585,1.8760435927006587,150.3268529725256,1
8.0,1,1,8.773768711574416,3,1,3.0,4,4,4,1,4,0,13.0,2.0,2.4087437628085278,3.4087437628085278,148.5382512474383,1
9.0,1,1,6.0,2,0,2.0,3,3,3,2,1,0,12.713243121518868,0.4289189594937103,1.0,3.713243121518869,123.02000000000001,1
1.7566838804923406,1,2,28.414438706502555,4,1,2.585561293497447,4,2,3,1,3,1,12.414438706502553,1.0,1.0,0.4144387065025531,161.87700440182815,1
0.0,0,3,14.478826275086462,4,0,2.0,3,3,1,2,2,0,13.521173724913538,0.0,1.0,1.042347449827075,123.12944648223184,1
0.0,0,2,22.251114341595486,4,0,3.0,2,3,3,1,1,0,11.599108526723612,0.0,1.0,0.0,127.37255571707978,1
6.606525564120182,0,1,24.0,1,1,3.0,5,4,2,1,9,0,16.737683709413453,2.0,2.0,1.196737217939909,149.32409464914736,1
3.0,0,3,30.0,4,0,3.0,2,1,4,2,5,1,16.0,1.0,2.0,0.0,231.94,1
0.0,0,1,14.0,4,0,2.4402825640716865,4,3,2,2,2,0,21.32084769221506,1.5597174359283135,1.5597174359283135,1.119434871856627,125.43107443082665,1
0.0,1,1,14.718001536158528,3,0,2.6409992319207363,3,3,1,1,2,1,11.0,1.0,1.0,0.35900076807926373,124.38532836399118,1
2.4250734674942214,0,3,28.766568710007704,5,0,2.808357822498074,4,2,3,1,3,0,12.574926532505778,0.8083578224980739,1.0,0.19164217750192614,164.4055892809061,1
0.38805847426095696,0,3,16.447766102956173,5,1,2.3880584742609567,3,2,1,1,3,1,22.61194152573904,3.835824577217129,4.447766102956172,5.447766102956172,146.56283344006627,1
0.0,2,1,14.0,0,0,3.0,3,3,5,1,2,1,17.0,0.0,1.0,0.0,123.97999999999999,1
1.0,0,1,10.61151225502475,4,0,3.0,4,4,1,1,2,1,12.61151225502475,1.3057561275123746,2.0,1.0,153.52388487744975,1
16.0,1,3,9.0,5,0,3.0,5,5,1,0,3,0,16.0,4.145690595090399,7.0,10.0,291.97,1
1.0,0,3,18.0,6,1,3.0,2,2,3,0,10,0,13.0,2.0,2.0,3.0,172.07,1
0.0,0,3,14.0,5,0,2.0,4,3,3,0,1,0,16.789102258562746,0.0,1.0,0.0,123.75462170015444,1
1.0,1,1,12.585385145698755,4,1,3.792692572849378,4,4,4,1,6,1,23.0,2.0,2.0,2.5853851456987558,146.1694917455593,1
8.0,1,1,9.44171173355539,3,1,3.2791441332223044,4,4,4,0,5,0,13.0,2.2791441332223044,2.2791441332223044,3.2791441332223044,148.56417117335553,1
0.646365112123656,0,3,19.0,3,1,3.292730224247312,4,3,5,0,3,0,18.29273022424731,1.292730224247312,1.646365112123656,1.353634887876344,144.26909533637098,1
0.8733108732577283,0,1,32.0,3,1,3.8733108732577284,4,3,3,1,2,0,11.873310873257727,0.8733108732577283,1.8733108732577284,5.380067380226816,159.33138536119296,1
0.0,0,2,17.16657608935992,6,1,2.0,2,2,3,0,8,0,12.08328804467996,0.9583559776600197,1.0,1.9167119553200394,147.12288790837178,1
9.677456941255643,0,3,10.66127152937218,5,1,3.0,3,3,3,1,2,1,14.0,0.8306357646860892,1.0,0.3387284706278215,123.66527773654602,1
7.1426660099438575,1,1,16.142666009943856,4,0,3.1426660099438575,4,3,3,2,5,0,12.428666995028072,1.1426660099438573,1.5713330049719287,3.0,153.97419970447476,1
20.0,1,1,31.0,4,1,4.0,4,4,1,2,3,0,17.0,1.0,2.0,1.0,150.87,1
1.0,1,1,10.0,1,0,3.0,4,4,5,2,7,1,12.0,1.4768419991940174,2.0,5.0,151.57,1
1.0,1,1,18.50209958686543,3,0,3.8744751032836424,4,2,3,0,7,0,15.874475103283643,1.8744751032836424,2.0,1.0,172.84154919112834,1
21.0,0,1,9.0,3,1,3.0,4,4,2,1,9,0,15.347466857885099,1.0,2.0,1.0,148.84299902366328,1
12.69485804232076,2,1,13.738971608464151,4,1,2.2610283915358482,3,3,3,1,8,1,12.522056783071696,0.0,1.7389716084641518,5.955886433856607,124.19496485745802,1
13.869662227985913,1,2,31.627287616577465,4,0,2.1242374611408446,3,0,4,1,4,0,12.875762538859155,2.4969498445633787,2.8696622279859128,0.7454247668450682,207.86663296061664,1
0.24765429746804402,0,2,16.504691405063912,6,0,2.495308594936088,2,2,2,1,8,0,12.0,1.247654297468044,1.247654297468044,2.247654297468044,147.00313333968361,1
1.0,0,2,32.0,3,1,3.982354839821394,4,2,5,1,9,0,19.0,1.0,2.9647096796427883,2.9470645194641825,174.5495445249783,1
1.0,0,1,20.068025132838834,6,1,3.0,3,2,3,1,9,0,14.034012566419417,1.4829937167902913,2.0,1.9659874335805827,172.72659797967634,1
9.0,1,1,12.470427319287325,4,1,2.5295726807126746,2,3,3,0,2,1,21.0,1.0,1.0,0.9408546385746503,123.02000000000001,1
1.0,1,2,16.0,3,0,3.0,4,2,5,2,9,0,23.0,1.4008821351279104,2.0,4.40088213512791,162.24899533156432,1
0.0,1,3,32.0,4,1,2.0,3,2,1,2,2,1,18.0,2.107820003814031,7.0,7.0,158.13,1
0.0,1,1,9.681724850412342,1,1,3.0,3,3,5,2,1,0,19.954825448762975,0.6817248504123421,1.0,1.2731005983506316,130.14057494296807,1
6.792209535295246,0,1,24.415580929409508,1,1,3.0,4,4,3,1,9,1,16.168838141180984,1.792209535295246,2.207790464704754,1.4155809294095076,150.0390852963493,1
0.0,0,1,8.798948562071706,4,1,3.0,3,3,1,1,1,0,11.0,0.0,1.0,0.4021028758565879,128.9079767033052,1
9.0,1,1,30.409111482302414,4,1,2.0,5,3,3,1,2,0,11.803037160767472,0.8030371607674718,1.0,0.8030371607674718,123.02000000000001,1
1.0,1,1,17.0,3,1,3.0,4,2,5,2,3,0,16.0,1.0,2.0,9.0,167.13,1
0.0,1,1,30.716451989090352,0,1,2.0,3,3,4,2,4,0,19.149355967271056,1.0,1.7164519890903525,1.4329039781807047,123.09880971879994,1
0.0,0,1,31.432243636818573,3,0,2.0,4,2,3,2,1,0,22.283878181590712,3.283878181590713,4.703269089544279,8.567756363181427,145.33832914524757,1
10.929165295984841,0,2,32.0,4,0,4.0,4,2,5,0,4,0,17.89374794397726,1.0,2.0,2.44687397198863,167.8503541735201,1
15.962945426754489,1,2,31.439158449498716,4,0,3.2804207752506414,4,0,3,1,5,0,13.719579224749358,3.8412623257519236,3.962945426754489,1.5608415505012825,232.02011939814153,1
9.0,0,1,10.358868690993859,2,1,2.3588686909938588,3,3,2,1,8,0,20.846787854036847,1.0,1.0,0.0,123.02000000000001,1
1.0,2,2,8.220086690915503,2,0,3.0,4,4,3,2,2,0,14.389956654542248,1.0,2.0,4.169869963626745,145.4945939316359,1
0.0,2,1,14.0,4,0,2.382484460582594,3,3,3,0,2,1,11.0,0.38248446058259433,1.0,0.0,123.93966954274188,1
21.0,1,1,30.0,3,0,4.0,4,0,1,0,3,0,13.0,6.0,9.0,3.0,228.12,1
1.0,2,1,15.049719031831588,4,0,3.0,5,4,4,2,3,0,13.024859515915795,1.0248595159157943,2.0,1.0,137.6485322496695,1
0.0,0,2,23.019570528676955,4,0,3.0,3,3,3,1,1,0,11.00391410573539,0.003914105735390638,1.0,0.0,127.41477520899717,1
5.636753933007974,1,3,17.363246066992026,4,0,3.0,5,2,2,1,9,0,14.227207677832004,2.0,2.2272076778320047,3.7727923221679953,178.6735752171621,1
0.0,1,1,14.593593713199004,0,0,3.0,3,3,3,0,2,0,13.780781139597014,1.4064062868009954,2.0,2.0,126.88354370142268,1
1.0,2,1,16.702522334724122,3,0,3.0,4,3,3,2,3,0,12.148738832637939,1.0,2.0,1.8512611673620603,135.4648218582476,1
1.0,1,1,25.0,6,0,3.2015157570695747,2,4,4,1,2,0,18.403031514139148,2.0,2.0,1.0,154.03001355890703,1
1.0,1,1,7.53433052517598,4,1,4.0,4,4,3,2,2,0,14.198504212236031,2.0,2.0,2.46566947482402,161.64544510665942,1
1.0,0,1,9.244540442984299,2,0,3.0,4,4,5,2,8,0,12.0,1.0,2.0,1.9781617719371973,150.84475882526493,1
0.0,0,1,13.454644142140054,3,0,3.0,3,3,3,0,2,0,15.772677928929973,0.4546441421400549,1.2273220710700274,2.0,128.53265621765917,1
1.0,1,2,14.0,4,1,4.0,4,4,2,1,3,1,22.339237340528868,2.0,2.0,2.3215253189422658,148.41829756084186,1
6.494596158685056,0,2,28.99279487824674,4,0,3.5018012804383147,4,4,3,1,3,1,23.0,1.0,2.0,2.0036025608766295,156.50462173110796,1
0.5613322279684245,0,1,15.0,3,1,3.5613322279684247,4,4,3,1,3,0,12.561332227968425,1.0,2.0,1.4386677720315755,144.02245328911874,1
1.0,0,1,12.0,4,0,3.0,2,4,3,2,5,1,15.0,1.0,2.0,4.0,149.32,1
1.0,1,2,16.0,1,0,3.0,4,4,3,0,3,0,16.0,2.130451409943618,3.0,3.0,152.42,1
1.0,1,3,14.0,5,1,3.0,4,4,4,2,3,0,14.0,1.0125778124861955,2.0,1.0,151.79,1
12.231705909332032,0,3,16.615852954666014,4,1,3.0,4,1,3,1,8,0,12.923779431999023,5.230183806667481,2.307926477333008,10.692073522666993,255.52858098147877,1
9.0,1,3,27.294643629805883,5,1,2.0,3,3,3,2,2,1,14.76786177883529,0.7053563701941182,1.0,0.0,123.02000000000001,1
1.0,1,1,29.730915708036747,3,1,3.756361430654417,4,2,2,0,3,1,16.730915708036747,3.2690842919632512,7.243638569345583,8.0,185.89828283619516,1
0.5313981898784902,2,1,8.531398189878491,4,1,3.06279637975698,4,4,3,2,7,0,16.46860181012151,1.46860181012151,2.0,1.0,144.92530823494727,1
9.0,0,1,9.226096553230265,4,1,2.408698851076755,3,3,5,0,7,0,15.226096553230265,0.5913011489232447,1.0,1.1826022978464894,123.02000000000001,1
0.0,1,1,13.321045416989643,4,1,2.886840902831607,3,3,3,2,2,0,22.886840902831608,0.8868409028316071,1.0,0.0,124.52762953481373,1
9.0,1,1,8.11114490160658,4,0,2.8888550983934196,3,3,4,1,2,0,12.11114490160658,1.0,1.0,0.0,123.02000000000001,1
0.254266266318641,2,2,26.762798798955924,4,0,3.0,4,2,3,0,4,1,11.254266266318641,0.254266266318641,2.0,2.0,145.7756143744126,1
1.0,0,2,7.0,4,0,3.0,4,4,4,1,3,1,12.0,1.9648430079514987,2.9648430079514987,2.9296860159029974,148.02597668864826,1
0.5750704190854149,2,1,11.30028167634166,4,0,3.15014083817083,2,3,4,0,2,1,20.725211257256245,1.0,1.575070419085415,1.424929580914585,141.3074507066402,1
1.0,0,1,9.0,3,1,3.7865834708315065,4,4,1,0,7,1,14.0,3.0,3.0,3.0,161.6693853547453,1
0.0,0,3,6.0,1,0,3.0,3,3,3,0,3,0,15.017288044763363,0.9827119552366368,1.0,2.0345760895267264,129.14065397115667,1
1.0,0,2,9.450315386343421,4,1,3.0,4,4,3,0,2,0,12.0,1.5496846136565783,2.0,2.0993692273131566,154.56340707367437,1
9.0,2,1,30.142235854213972,4,1,2.0,4,3,3,2,5,0,13.71552829157206,0.14223585421397056,1.0,2.715528291572059,123.02000000000001,1
1.0,2,1,16.525897924157732,3,1,3.0,4,3,2,2,3,0,12.948204151684534,1.525897924157733,2.0,1.525897924157733,135.43135349460644,1
1.0,2,1,9.0,6,1,4.0,5,4,3,2,8,1,16.0,1.0,2.0,1.0,145.9,1
0.0,2,2,15.055066791678037,4,1,2.0,4,2,4,1,7,0,23.0,0.01101335833560746,1.0,2.9889866416643924,134.10700488400764,1
0.0,0,3,23.75009188775875,5,0,3.0,2,2,2,2,7,0,13.833272074827502,0.41663603741375055,1.0,3.166727925172499,153.12332720748276,1
1.0,2,2,9.0,3,0,3.1550086674167543,4,4,3,1,3,0,13.844991332583245,2.0,2.0,2.689982665166491,145.48650260022504,1
1.0,2,1,9.33554934290674,4,1,3.6644506570932593,4,4,3,2,3,0,13.33554934290674,1.0,2.0,1.0,139.02059832258482,1
0.0,2,1,14.0,4,0,2.708799264906154,3,3,2,0,2,1,11.0,0.708799264906154,1.0,0.0,124.57924655921606,1
1.0,1,1,9.0,4,1,4.0,4,4,3,2,4,0,12.0,1.1778797954606286,2.0,1.0,159.85,1
1.0,0,1,13.334400134426545,3,0,4.0,5,4,2,1,2,1,18.888533288524485,1.888533288524485,2.0,1.0,154.77497620701686,1
9.0,1,3,9.0,5,0,4.0,5,5,4,2,4,1,15.0,1.558092155021074,2.0,11.0,291.97,1
0.0,2,1,14.0,0,1,2.8571540924080763,4,3,1,1,2,1,17.857154092408077,0.0,1.0,0.0,123.49713521716251,1
12.292754794208186,1,3,17.764251598069396,4,0,3.2357484019306044,4,0,1,1,3,0,19.707245205791814,1.0,6.585509588416373,8.0,200.73845543343594,1
0.7899745000167728,2,1,13.420050999966454,5,0,3.5799490000335457,3,4,5,1,6,0,22.789974500016772,1.7899745000167728,1.7899745000167728,3.210025499983227,144.94660488506256,1
9.639295472665458,0,3,32.0,4,0,3.3607045273345424,2,2,3,1,4,0,13.082113582003627,1.0,1.3607045273345424,2.278590945330915,165.37314061133137,1
1.0,0,1,13.43960334039234,3,1,3.0,4,4,5,2,4,0,12.0,1.0,2.0,3.5603966596076595,154.91065302721057,1
1.0,2,1,15.262627027969328,3,0,3.0,4,4,3,2,3,0,13.262627027969328,1.0,2.0,1.0,137.1372713496552,1
0.0,1,3,10.0,5,1,2.0,4,2,1,2,2,1,12.0,5.764411474453981,7.0,4.0,158.28,1
0.0,0,1,17.30166414545644,3,0,2.5661119515145208,3,0,3,1,5,0,11.0,1.4338880484854795,1.4338880484854795,0.8677760969709589,199.63825718593816,1
6.2716258471050175,1,3,32.0,5,1,2.7475971280994425,4,0,4,1,4,1,13.0,1.2524028719005575,2.0,2.2427913842983274,214.0722187479359,1
0.9997515634290444,2,1,12.999006253716178,4,0,3.9995031268580887,2,3,4,0,2,1,21.99925469028713,1.9997515634290444,1.9997515634290444,1.0002484365709556,141.01017390559966,1
0.7249311975196192,0,1,32.0,3,0,2.724931197519619,4,1,2,1,2,0,22.72493119751962,2.1747935925588577,3.1747935925588577,9.0,171.8156841436512,1
7.228367560474265,1,1,14.114183780237132,4,1,2.0,3,3,5,1,4,0,12.228367560474265,1.0,1.0,1.7716324395257357,123.55148973185773,1
14.0,0,3,7.518318722429183,4,1,4.0,4,2,3,1,9,0,13.0,2.0,2.0,2.0,192.28,1
4.0,2,1,14.0,4,1,4.0,4,4,5,2,5,1,15.0,1.0,2.0,4.0,146.66,1
1.0,0,1,9.0,3,1,3.174210675071391,4,4,1,0,7,1,14.0,2.174210675071391,3.0,3.0,160.08946354168418,1
1.0,0,1,9.0,3,1,3.0,5,4,5,2,9,0,12.0,1.9628916341780376,2.0,1.0,150.61,1
19.824420222365383,1,1,18.893042668384606,3,0,3.824420222365384,4,3,3,1,9,0,18.648840444730766,3.473260667096151,5.526739332903849,4.0,174.97589216194018,1
1.0,1,1,11.467326240860332,1,1,3.0,4,4,2,1,3,1,14.0,2.8224420802867773,3.0,3.0,159.45083832153404,1
1.83033427594911,1,1,29.254498586076334,2,1,3.0,3,3,4,2,1,0,12.83033427594911,0.08483286202544504,1.0,3.0848328620254453,138.67946033639186,1
1.0,0,3,7.930410866243342,1,0,3.0,5,4,3,2,3,0,12.930410866243342,2.0,2.0,3.0,146.13523293694183,1
3.8104351621764514,0,2,30.431305486529354,3,0,3.936811720725484,2,0,3,1,6,1,16.747246882901933,1.9368117207254838,2.379129675647097,1.4423179549216134,257.202863241782,1
1.0,0,1,32.0,3,1,3.5981874999385286,4,2,5,1,6,0,20.196374999877058,0.5981874999385286,1.5981874999385286,2.3927499997541144,167.39398812493175,1
1.6018263486330477,2,1,29.0,4,1,3.0,3,4,4,1,1,0,12.601826348633049,0.39817365136695215,1.3981736513669523,2.2036526972660955,139.64124221356408,1
9.387004552119372,1,3,8.935499241313439,5,0,3.8709984826268764,5,5,3,1,3,0,15.0,2.1935022760596854,2.258003034746247,10.870998482626877,291.97,1
0.972522495633662,2,2,16.0,2,1,2.9725224956336618,4,3,1,1,3,0,13.972522495633662,0.972522495633662,1.972522495633662,1.054955008732676,135.76246391744624,1
1.0,1,3,11.0,5,1,3.0,5,2,1,2,3,1,13.0,5.455970034705424,8.0,5.0,183.28,1
0.0,1,3,6.440204277820236,4,1,2.0,5,2,4,2,7,0,15.0,0.0,1.0,0.0,167.35,1
1.4798845854976055,1,1,7.9597691709952105,3,1,3.0,4,3,2,1,8,0,13.560346243507183,2.5201154145023947,2.5201154145023947,3.959769170995211,173.19632151813838,1
1.0,0,1,12.0,3,0,3.0,3,4,3,2,3,0,16.83219533893386,1.0,2.0,3.38926822035538,149.25892682203553,1
11.092702719488695,0,3,31.47140049445249,4,0,3.0,4,0,4,1,5,1,14.52859950554751,1.0,2.0,0.735700247226245,233.117120395562,1
15.148965391899363,1,3,9.425517304050318,4,1,2.712758652025159,4,3,2,0,3,0,15.287241347974842,1.0,3.436206739874204,3.0,151.7639344899658,1
16.443304551019338,0,3,7.9773218204077345,4,1,3.0,4,2,2,2,5,0,15.977321820407735,1.5113390897961327,4.931965461223204,2.465982730611602,174.3910151320807,1
19.19331414523642,2,1,14.0,3,1,2.80668585476358,3,3,1,2,2,0,17.353199016654944,0.0,1.0,0.0,125.66122072314467,1
13.750677117529106,0,1,14.049864576494178,4,1,2.0,4,0,1,1,3,0,14.800541694023284,0.9501354235058211,1.1495937294825365,3.0,206.22375024622224,1
0.396595787779754,0,1,11.810212636660738,2,1,3.396595787779754,4,2,3,2,2,0,23.0,1.0,1.396595787779754,5.603404212220246,158.86806788167956,1
1.0,0,1,22.193221857493686,3,0,3.806778142506314,3,4,3,1,3,0,13.772887429974745,2.3864437149873723,4.159331144962116,4.545774859949488,151.3569850704666,1
1.0,1,3,15.686165455925545,5,0,3.0,4,4,4,2,3,0,14.0,2.8430827279627726,2.8430827279627726,2.6861654559255457,152.47289700964984,1
10.0,1,3,17.0,4,0,4.0,4,0,4,1,7,0,22.0,1.9849774580194337,2.0,8.0,198.14,1
1.0,0,1,31.0,2,1,4.0,5,0,5,2,3,0,13.0,1.687286704858542,2.0,3.0,212.22,1
1.0,2,1,21.0,3,1,3.0,4,4,1,0,7,1,14.0,1.588143706729598,2.0,5.0,149.36,1
19.0,2,1,14.0,4,1,3.0,3,3,1,2,2,0,16.0,0.0,1.0,0.0,125.87,1
1.0,0,2,10.0,3,0,3.5738776290275145,4,4,1,2,3,0,13.426122370972486,1.5738776290275145,2.0,1.0,140.055077667251,1
0.0,0,2,14.0,5,0,2.0,4,3,3,1,2,0,15.552321497374278,1.0,1.4476785026257222,0.0,123.43837143957988,1
2.6044676209707314,0,3,11.0,3,1,3.0,4,0,4,2,2,0,21.39553237902927,4.203350715728049,6.203350715728049,3.0,219.9094646250991,1
13.274411721000375,0,3,6.274411721000375,4,1,3.0,3,2,3,1,7,0,12.823235163001126,1.2744117210003751,1.2744117210003751,1.0,168.65205860500188,1
0.5999703640137086,0,1,8.599970364013709,3,1,2.599970364013709,3,4,4,0,7,0,15.800059271972582,1.1999407280274172,2.0,2.1999407280274172,144.7799525824219,1
20.0,0,1,14.0,3,1,2.0,3,3,1,1,8,0,15.994946938391973,1.0,1.0,0.0,124.01944416322313,1
1.0,1,1,14.823644082362057,3,0,3.9412146941206854,4,4,4,1,2,0,18.0,1.0,2.0,1.117570611758629,148.99410847341102,1
0.8618803311182572,1,3,9.276239337763485,5,1,2.8618803311182575,4,3,4,1,2,0,11.861880331118257,0.8618803311182572,1.8618803311182572,3.0,155.69038292782994,1
0.0,0,1,14.0,4,0,2.0,2,3,2,2,3,1,14.0,0.4357164982665681,1.0,2.564283501733432,123.84506901688943,1
1.0,1,3,10.0,4,1,3.0,5,0,1,0,3,1,12.0,4.0,4.0,3.0,228.25,1
16.66478307185709,1,2,8.0,4,0,2.0,4,5,2,0,3,0,15.0,5.0,6.998869843114255,8.667043385628581,291.97,1
1.0,0,1,13.875043433915982,4,1,4.0,5,2,3,1,3,1,22.500173735663928,1.875043433915982,2.7497393965041086,7.124956566084018,185.86245743476235,1
1.0,0,1,16.0,3,1,3.0,5,4,5,2,2,1,23.0,1.106551247216113,2.0,3.0,148.21,1
0.0,2,2,15.934927125259026,1,0,3.0,2,3,3,0,2,0,15.0,0.6883576249136577,1.6883576249136576,1.3767152498273154,127.33897298247754,1
20.220616751486517,1,1,8.740205583828839,1,1,2.7402055838288395,3,3,2,2,5,0,21.181439086801877,1.7402055838288395,3.298972080855802,1.5195888323423208,150.26022789326979,1
0.7453383135675532,0,1,20.490676627135105,5,0,2.745338313567553,3,0,1,2,2,1,12.490676627135107,4.23601494070266,6.472029881405319,6.472029881405319,200.02322324399944,1
0.9981950544777857,1,3,8.0,4,1,2.998195054477786,4,2,4,2,8,0,15.992780217911143,1.0018049455222142,2.0,1.0018049455222142,192.3621292339093,1
0.7517038314951816,0,2,8.0,4,0,3.0,4,3,2,1,7,0,13.812074042126204,0.0,1.0,0.0,127.83684518294884,1
0.0,0,1,12.148059759488829,4,0,3.0,3,3,2,1,2,1,17.703880481022342,0.8519402405111703,1.0,0.2961195189776593,129.20077609620446,1
9.0,0,1,11.0,4,1,3.0,4,3,5,1,7,0,17.0,0.09868522775992061,1.0,0.0,123.02000000000001,1
15.36155723866563,0,1,31.579805345166797,4,1,3.420194654833204,4,2,3,2,3,0,18.739416035500387,0.42019465483320384,1.4201946548332038,2.1596106903335923,146.21416307831063,1
1.0,0,1,11.488544695991594,2,0,3.6278638260021014,4,4,4,1,3,1,12.744272347995796,4.511455304008406,8.627863826002102,8.0,158.44650774434018,1
0.0,0,1,14.0,0,0,2.365227926256882,4,3,4,1,7,0,12.82613963128441,1.0,1.0,0.36522792625688194,125.55521581106147,1
19.14165334204587,1,1,30.464586664488532,3,0,4.0,4,0,3,0,5,0,13.464586664488532,3.6770666775573386,6.212480013068807,3.0,228.7518378637044,1
9.0,2,1,6.0,2,1,2.0,3,3,3,2,1,0,14.0,0.0,1.0,5.0,123.02000000000001,1
1.0,0,1,16.18189583167825,3,1,3.0,4,4,4,1,4,0,12.363791663356503,1.0,2.0,1.545687495034755,157.14927416276066,1
0.0,1,1,20.831648302862593,6,1,2.0,2,2,3,0,8,0,13.915824151431297,0.04208792428435171,1.0,0.08417584856870342,148.2865483361589,1
9.0,1,1,15.175732014077125,4,0,2.0,3,3,5,2,3,0,13.824267985922875,0.8242679859228745,1.0,0.0,123.02000000000001,1
9.0,1,1,15.564841436717426,4,0,2.0,3,3,5,2,2,0,13.435158563282574,1.0,1.0,0.0,123.02000000000001,1
20.0,1,1,31.0,4,1,4.0,4,4,1,2,3,0,17.0,1.0,2.0,1.0,150.87,1
0.0,0,1,14.0,0,0,2.0997635577028424,3,3,4,1,1,0,17.0,0.0,1.0,1.8004728845943152,124.19605674615131,1
9.0,1,1,6.0,2,0,2.0545118899108594,3,3,3,2,1,0,13.836464330267422,0.0545118899108592,1.0,4.836464330267423,123.02000000000001,1
1.0,0,2,9.0,3,0,3.0,5,4,3,2,9,0,13.999577495356151,1.3334741682146163,2.0,1.0,152.10301786319926,1
1.0,0,1,22.230145021591973,4,0,3.8075362553979932,4,3,4,2,3,1,23.0,1.5773912338060208,7.0,8.0,165.4641099892653,1
8.40447654247513,0,3,30.982632098631843,4,0,3.0,3,0,4,1,5,1,15.017367901368157,1.982632098631842,2.0,0.491316049315921,232.72610567890547,1
15.10942834966728,0,1,14.67171495099816,3,0,3.0547141748336397,5,0,1,1,3,0,16.05471417483364,2.0,2.0,3.9452858251663603,231.23682481905018,1
13.070941149182676,0,2,7.0,5,1,3.464529425408662,4,1,3,2,7,1,14.535470574591338,1.0,2.0,1.0,175.31337714791857,1
13.678746307622752,0,3,15.0,1,1,3.0,4,1,2,0,4,0,15.06425073847545,1.8714985230491008,2.128501476950899,4.192752215426349,193.1675298852757,1
1.0,0,2,12.59761319093246,4,0,3.0,4,4,3,1,2,0,17.40238680906754,1.5976131909324605,2.0,1.804773618135079,148.79569463443795,1
0.8094274884628149,0,3,12.571717534611555,4,1,3.809427488462815,4,4,4,1,3,0,14.428282465388445,1.809427488462815,2.0,1.190572511537185,143.82192595253818,1
1.0,0,1,10.80015264839175,1,1,4.0,4,4,3,1,7,0,16.40045794517525,1.1998473516082493,2.0,3.0,164.2137908717033,1
1.0,1,2,20.067870900219347,3,1,3.0,4,2,4,1,3,0,18.339354501096736,1.0678709002193472,2.0,3.0,166.99743258892522,1
8.080915062599493,1,2,11.297712343501267,4,0,3.770228765649873,4,5,3,1,3,0,15.0,2.1488561717506336,3.608398640450887,10.540457531299747,291.97,1
0.0,0,2,14.25229948598691,1,1,2.2522994859869105,3,2,5,1,6,0,17.0,0.7477005140130896,1.0,3.2614974299345523,153.31045989719738,1
0.23410266497064058,0,3,21.53179467005872,4,0,3.0,3,0,3,1,3,0,12.76589733502936,0.46820532994128117,1.2341026649706406,0.23410266497064058,181.8534667715695,1
20.940074844678918,1,1,8.940074844678918,4,1,2.9400748446789184,3,5,4,2,8,1,15.0,5.940074844678919,9.0,8.940074844678918,291.97,1
9.0,2,1,24.447201604838575,2,0,3.0,3,3,4,1,1,0,12.035198930107615,0.5175994650538077,1.0,1.9296021397847691,123.02000000000001,1
1.0,1,1,7.248868415893511,4,1,4.0,4,4,3,2,2,0,14.626697376159735,1.0,2.0,2.7511315841064894,161.99513619053045,1
0.0,1,1,12.113412371166026,0,1,2.9621958762779914,3,3,5,2,3,0,11.0,0.0,1.0,2.886587628833974,129.68014474229065,1
0.0,0,2,18.159699050532115,6,1,2.0,2,2,3,0,8,0,12.579849525266058,0.7100752373669714,1.0,1.4201504747339428,147.43820444854396,1
4.176446372925655,0,3,31.147055796615707,4,0,2.294111593231414,3,0,3,2,3,1,12.147055796615707,0.2941115932314138,1.147055796615707,0.5882231864628276,190.65030008066705,1
1.0,1,1,32.0,3,1,3.0,3,2,5,0,8,1,19.0,0.3876246252024593,1.0,0.0,166.73,1
0.0,0,2,21.262359749001643,4,0,2.3231942498573774,3,1,3,1,4,0,11.323194249857377,1.6768057501426226,1.6768057501426226,1.3536115002852451,198.44304172504278,1
14.0,0,3,7.518731420987031,3,1,3.935158572376621,4,2,3,0,8,0,13.129682855246758,2.0,2.0,2.1296828552467577,192.3240921707839,1
17.453290288344895,1,2,8.636677427913776,4,0,2.636677427913776,4,5,2,1,4,0,15.636677427913776,4.726645144172448,7.726645144172448,9.273354855827552,291.97,1
9.0,0,3,16.17086372598941,4,1,2.3902879086631366,3,3,5,1,2,0,18.609712091336863,1.0,1.0,0.0,123.02000000000001,1
0.0,2,1,16.0,3,1,2.0,3,2,5,2,2,0,15.0,0.0,1.0,8.0,142.13,1
0.0,2,1,11.0,1,1,2.0,3,3,3,2,2,1,13.0,0.6591066694349814,2.0,2.0,134.41,1
1.0,0,1,31.0,2,1,4.0,5,0,5,2,3,0,13.0,1.2888394144775135,2.0,3.0,212.22,1
1.0,0,1,10.414395832160492,2,1,4.0,4,4,4,1,7,0,15.243187496481479,1.5856041678395072,2.0,3.0,164.7422777099401,1
0.40864829594679053,0,2,32.0,4,0,2.4086482959467905,3,2,5,1,6,0,16.63459318378716,0.40864829594679053,1.0,0.5913517040532095,166.86601089193223,1
6.5272027396380965,1,3,32.0,5,1,2.719199695595767,4,0,4,1,4,1,13.0,1.438399391191534,2.0,2.157599086787301,213.86207774740868,1
0.25475851382755876,0,2,7.254758513827559,4,0,3.254758513827559,3,1,4,1,2,0,11.254758513827559,1.2547585138275588,5.745241486172441,7.254758513827559,197.73103975207994,1
0.5144524344015394,0,2,15.971095131196922,6,0,3.028904868803079,3,3,1,1,8,0,12.0,1.5144524344015395,1.5144524344015395,2.5144524344015395,146.93109784271158,1
1.0,0,1,9.330991947603403,3,1,4.0,4,4,2,1,7,0,14.0,1.330991947603403,2.669008052396597,3.0,163.24276511809452,1
0.0,0,1,14.837450894834735,3,1,2.837450894834734,3,2,5,1,5,0,17.0,0.0,1.0,6.1872544741736695,153.42749017896696,1
4.929596948225454,1,2,27.23946259763394,4,0,3.0,3,3,3,1,2,1,22.0,0.0,1.0,1.3802687011830306,131.4650717863758,1
0.0,0,1,27.477472716592004,4,0,2.5075090944693317,3,0,3,1,6,0,13.477472716592006,1.0,1.0,0.9849818110613371,198.86053854096863,1
9.0,0,1,30.59874741679627,4,0,2.598747416796272,3,3,3,1,3,1,16.993737083981358,3.5924845007776316,4.592484500777632,5.99373708398136,123.02000000000001,1
9.0,2,2,7.710156771939376,0,0,2.0,3,3,3,2,1,0,13.144921614030311,0.0,1.0,2.4347648420909356,123.02000000000001,1
0.0,1,2,8.43191853114583,4,1,3.0,3,3,3,0,1,0,11.0,0.5680814688541712,1.0,1.1361629377083424,129.59799316144583,1
0.6139008111625157,0,1,32.0,1,0,3.613900811162516,5,3,4,0,7,0,17.386099188837484,1.0,2.0,2.0,150.16270362459514,1
1.0,0,3,9.0,4,0,3.0,5,4,1,2,9,0,15.0,1.0,2.0,1.0,152.85,1
14.807323329584328,1,3,30.795117780277113,4,1,2.602441109861443,3,0,5,1,6,1,13.0,2.0,2.0,1.2048822197228855,206.09408909396254,1
1.0,0,1,17.32174050048754,3,0,3.892753166504154,4,0,3,1,7,0,12.0,1.2144936669916921,2.107246833495846,3.0,225.27194114301804,1
1.0,1,1,10.47549358096811,2,1,3.0,4,4,1,1,5,1,14.0,2.491831193656037,3.0,3.0,159.5268788254591,1
15.587129670000515,0,2,14.470956776666496,2,0,2.735478388333248,4,1,3,1,5,1,14.735478388333247,1.0,2.7935648350002573,5.322608058333762,194.84339387506728,1
0.01585047081728752,0,1,8.992074764591356,1,0,2.992074764591356,3,3,5,2,1,0,22.007925235408642,0.0,1.0,3.968299058365425,131.06311328062304,1
0.6291468339703191,1,3,8.516587335881276,4,0,3.258293667940638,4,2,3,2,8,0,15.0,1.2582936679406382,2.258293667940638,0.6291468339703191,169.5016821721785,1
7.0,2,1,15.259413867117365,4,1,2.6297069335586825,3,3,3,1,3,0,11.370293066441318,1.0,1.0,2.0,127.23451779862684,1
0.2261515998021184,0,2,32.0,2,0,3.2261515998021184,5,2,4,1,8,0,17.77384840019788,0.2261515998021184,2.0,2.0,149.86413673184762,1
1.0,1,3,13.74566046830664,5,0,3.0,4,4,3,2,3,0,14.0,1.0,2.0,1.0,152.0087319972563,1
9.0,0,1,14.0,0,1,3.0,3,3,3,2,2,0,12.0,0.8145652121135027,1.0,0.0,123.02000000000001,1
0.0,1,3,6.467845641558769,0,0,3.0,4,3,2,1,7,0,17.830385896103074,0.0,1.0,1.5321543584412303,127.9649115768831,1
9.0,0,1,30.39810372956028,4,0,2.7993679098534265,3,3,3,1,2,1,19.0,0.0,5.796207459120559,6.394943278827412,123.02000000000001,1
1.0,2,1,23.145410330433528,1,1,3.0,4,4,1,0,7,0,13.284863223188825,1.0,2.0,4.284863223188824,148.86655562400028,1
1.0,2,1,9.0,4,0,4.0,4,4,5,1,3,1,13.0,2.0,2.0,1.0,145.74,1
0.0,0,1,8.080803604914127,1,0,3.0,3,3,4,2,1,0,20.161607209828254,0.3063987983619578,1.0,4.0,131.32639879836196,1
12.39083901172938,1,3,17.543129258797034,4,0,3.0,4,0,1,1,2,0,18.543129258797034,1.3045804941353105,7.390839011729379,7.847709752932345,200.72524717818803,1
11.94409792116068,1,3,17.20807344087051,4,0,3.0,4,0,2,0,2,0,18.20807344087051,0.7360244802901701,6.94409792116068,7.73602448029017,200.1277309695524,1
1.0,0,1,10.57249244240735,1,1,3.4275075575926497,4,4,5,2,2,0,21.282522672777947,1.5724924424073503,2.0,2.7100302303705983,155.28148474929452,1
0.0,0,3,14.0,5,0,2.0,4,3,3,1,1,0,16.53432332545517,0.7328383372724155,1.0,0.0,123.67564023089109,1
1.0,2,1,23.33630809441375,3,0,3.3363080944137495,4,4,4,1,3,0,14.0,2.0,2.0,2.3273838111725005,148.18181780610558,1
1.6713956605201572,0,1,8.328604339479842,4,1,2.328604339479843,3,1,1,1,8,0,11.657208678959686,5.014186981560472,7.028373963120944,3.0,222.472078327962,1
1.0,2,2,15.715086747447565,3,0,3.0,4,4,1,2,3,0,13.715086747447565,1.0,2.0,1.0,136.3228438545944,1
1.0,0,2,7.0,1,1,3.521716332488957,4,4,3,0,4,0,16.0,2.0,2.0,2.0434326649779138,152.59297212069043,1
1.0,1,1,13.541910093823946,4,1,3.819363302058685,2,4,5,0,3,0,21.63872660411737,2.0,2.0,1.0,141.35140335910907,1
0.0,0,2,14.485630734032126,2,1,2.4856307340321253,3,2,5,1,6,0,17.0,0.5143692659678745,1.0,4.428153670160627,153.35712614680642,1
0.29582444380531014,1,3,14.11252666858407,5,0,3.0,3,2,4,2,3,1,15.52087778097345,0.29582444380531014,1.2958244438053101,3.2958244438053104,182.29916488876106,1
0.9702094959673778,0,1,16.089371512097866,2,0,2.970209495967378,3,3,4,2,4,0,11.970209495967378,1.0,1.970209495967378,0.9702094959673778,156.74770516875034,1
9.0,2,1,23.039117521223048,4,0,2.990220619694238,3,3,4,0,2,0,13.0,0.0,1.0,0.0,123.02000000000001,1
0.07512291015450923,1,2,15.0,3,1,3.0751229101545094,4,4,4,1,3,0,12.075122910154509,2.0,2.0,1.9248770898454908,144.00300491640618,1
0.0,1,1,14.0,0,1,2.0,3,3,4,1,2,0,16.071320123456225,0.0,1.0,0.0,124.95295908395116,1
16.582179667258387,1,1,15.873269500887579,3,0,3.145544916814597,4,2,4,0,4,0,16.43663475044379,5.417820332741614,7.5633652495562105,7.417820332741614,174.4420198816992,1
5.014653398060756,0,2,27.01953786408101,4,0,3.995115533979748,4,4,3,1,3,1,23.0,1.0,2.0,2.9902310679594963,156.40102573786425,1
0.936661304584681,0,1,32.0,4,0,3.873322609169362,4,2,5,2,5,0,20.619967827508084,1.0,1.936661304584681,3.809983913754043,167.78426194803453,1
0.0,2,1,10.681164465288393,1,1,2.106278511570536,3,3,3,2,2,0,12.787442976858928,1.7874429768589284,1.8937214884294642,1.7874429768589284,134.45676254509104,1
1.0,2,1,22.68396705611645,3,1,3.0,4,4,3,0,4,1,14.0,1.8419835280582264,2.0,3.316032943883547,148.8295503773233,1
1.0,1,1,10.44856429494884,2,1,3.517145235017053,4,4,3,2,3,0,12.965709529965894,1.0,2.482854764982947,1.9657095299658935,159.6375439034075,1
1.0,0,3,7.340642612721156,2,0,3.0,4,4,4,2,3,1,12.0,2.340642612721156,2.340642612721156,3.0,147.1760225442831,1
0.0,1,1,14.0,0,0,2.4893170155528175,3,3,3,1,1,0,20.489317015552817,1.0,1.0,0.0,123.51555515191254,1
1.0,1,3,11.522951774820646,5,1,3.0,5,2,2,2,3,1,12.477048225179354,3.385241125896773,4.862289351076128,4.477048225179354,182.84072050915066,1
9.0,0,3,9.0,3,0,3.0,3,4,1,2,2,1,12.0,0.16510057163560854,1.0,0.0,123.02000000000001,1
1.0,0,1,9.755886379567816,1,0,3.0,4,4,5,2,7,0,12.0,1.7558863795678163,2.0,4.023545518271265,151.3356509243851,1
0.4834022365230042,0,3,24.966804473046007,5,0,3.0,3,2,3,0,1,1,18.483402236523006,2.0331955269539916,2.516597763476996,1.5165977634769958,147.58537268720377,1
1.0,0,1,22.223271858792124,3,0,3.8883640706039384,4,4,3,0,2,0,12.888364070603938,2.776728141207877,2.8883640706039384,2.776728141207877,151.24624306750883,1
1.0,1,1,23.11540295931441,4,0,3.0,2,4,4,2,3,0,16.653791122056777,5.884597040685592,8.884597040685591,10.653791122056775,152.02724367199272,1
14.0,0,1,14.0,4,1,2.0,5,0,1,2,3,0,15.0,0.8015394607190754,1.0,3.0,206.5,1
0.0,1,1,15.058781242695067,3,0,2.0,3,3,3,1,2,1,11.0,0.5293906213475335,1.0,0.5293906213475335,123.10000359437092,1
0.0,0,1,9.0,4,0,2.481589140219363,3,3,3,2,2,0,11.518410859780637,5.518410859780637,7.963178280438726,7.0,137.2955039279855,1
0.6805668413607151,0,1,30.0,3,1,3.0,4,1,3,1,4,0,13.36113368272143,1.3611336827214302,1.680566841360715,4.236032110474994,185.1374654654362,1
9.0,0,1,7.85884158341426,4,0,2.8588415834142604,3,4,3,2,2,0,12.0,0.8588415834142603,1.0,0.0,123.02000000000001,1
9.628873144413305,0,3,32.0,4,0,3.3711268555866947,2,2,3,1,4,0,13.113380566760085,1.0,1.3711268555866947,2.2577462888266107,165.41368346823225,1
0.0,0,1,14.23715209765352,0,0,3.0,3,3,3,0,2,0,12.711456292960563,2.0,2.0,2.0,126.41304076890265,1
12.704188427649129,0,2,14.0,3,0,3.530541048233914,4,3,3,0,3,0,12.704188427649129,5.234729475883043,7.765270524116957,7.765270524116957,151.0476789216103,1
1.0,0,1,11.712522897585918,2,1,3.356261448792959,4,4,3,1,8,1,23.0,2.0,2.0,1.7125228975859181,147.09472572855893,1
7.548166391281992,2,1,13.725916804359004,4,1,2.274083195640996,3,3,5,0,4,0,12.548166391281992,0.7259168043590043,1.0,2.274083195640996,123.4555500826154,1
19.204656268700635,1,1,8.198835932824842,4,0,2.1988359328248412,3,5,3,1,7,0,15.198835932824842,5.6023281343503175,8.602328134350318,8.397671865649682,291.97,1
0.0,2,1,6.0,4,1,3.0,4,4,3,2,1,1,14.0,0.6228212082157565,1.0,2.0,137.3,1
10.0,0,3,15.903336006522705,4,1,2.9033360065227054,4,0,1,1,6,0,11.903336006522705,1.4833199673864739,5.386655973909179,3.0,226.28865757782282,1
1.0,2,1,24.0,1,1,3.0,5,4,1,1,7,0,13.0,1.0696906967301196,2.0,4.0,148.67,1
0.0,2,1,14.0,1,1,2.0,4,3,1,1,6,0,12.0,0.9417824879246603,1.0,3.0,123.66999999999999,1
11.583966719188734,0,2,14.0,0,0,3.0,3,3,3,1,3,0,11.0,1.364979199492959,7.145991679797183,7.072995839898592,126.31933314592045,1
5.0,1,1,19.0,2,0,3.0,4,5,3,0,3,0,15.0,4.593819656725739,9.0,9.0,291.97,1
1.8612019306550032,1,2,28.37959935644833,4,1,2.6204006435516676,4,2,3,0,3,1,12.379599356448333,1.0,1.0,0.3795993564483323,162.03865898607975,1
0.0,2,1,11.0,1,1,2.0,3,3,3,2,2,1,13.0,0.4898791703676344,2.0,2.0,134.41,1
1.0,1,3,16.0,5,0,3.0,5,4,4,2,3,0,14.0,2.672326809993641,3.0,3.0,152.6,1
8.062402093639193,1,1,14.937597906360807,4,0,2.4687989531804035,3,3,3,2,2,0,11.531201046819596,0.46879895318040377,1.0,0.9375979063608075,125.99218536316377,1
1.0,0,1,13.901126657337349,4,0,3.0988733426626514,4,4,2,1,3,1,17.197746685325303,1.0,2.0,2.8022533146746973,153.89954933706508,1
5.563461238121746,0,2,27.751281650828993,4,0,3.8121795872927517,4,4,3,1,3,1,23.0,1.0,2.0,2.624359174585503,156.43944228666854,1
0.0,0,2,14.0,0,0,2.866023190680625,4,3,5,2,1,0,21.133976809319375,1.0,1.0,0.26795361863875056,123.24464092762723,1
1.0,1,3,20.0,3,1,3.0,4,2,5,1,4,0,18.0,1.0,2.0,3.0,167.33,1
0.0,2,3,10.5515349559312,5,0,3.0,3,3,3,1,1,0,12.701023303954134,1.0,1.0,0.29897669604586663,128.79402786124356,1
1.0,0,3,18.633541933049692,4,1,3.877847311016564,4,4,5,0,3,0,19.122152688983437,2.0,2.0,1.0,145.03316896577027,1
0.0,2,3,15.0,4,1,2.0,4,2,5,2,8,0,23.0,0.0,1.0,3.0,134.07,1
0.34382096377731297,2,1,14.343820963777313,3,0,3.0,4,4,3,2,2,0,11.687641927554626,1.0,1.343820963777313,1.656179036222687,139.10608820258773,1
1.0,0,1,12.0,3,0,3.0,4,4,3,0,2,0,16.146711960043476,1.0,2.0,6.088813399927544,148.87405289920812,1
3.0,2,1,13.0,3,1,4.0,4,4,5,0,9,1,22.0,2.0,3.0,3.0,149.04,1
4.0,1,1,18.0,2,0,2.0,3,5,3,0,2,0,15.0,4.609915734758224,9.0,8.0,291.97,1
0.0,0,1,13.17125089409485,4,1,2.861875149015808,4,3,1,2,2,0,22.86187514901581,0.8618751490158082,1.0,0.0,124.20076895415164,1
0.6540775529557475,1,3,20.691844894088504,4,0,3.6540775529557474,4,1,5,1,5,1,16.075534682265513,1.308155105911495,2.308155105911495,1.9622326588672427,186.09785428706903,1
0.5115906106465492,1,3,15.953637557413803,4,1,2.5115906106465493,3,3,1,1,3,1,22.48840938935345,3.4652281680603525,3.953637557413803,4.953637557413803,146.8024857846543,1
6.887526632090799,0,1,31.158924766844173,4,1,3.0,4,4,2,1,4,1,23.0,1.0,2.0,1.1589247668441716,156.02833535335034,1
0.0,2,1,10.160376137814454,1,0,2.0,3,3,2,0,2,1,14.893082574790364,4.946541287395182,5.1069174252096365,6.053458712604818,136.72182533163104,1
1.0,1,3,12.108616419506507,4,1,3.5543082097532537,5,2,2,0,4,1,16.325849258519522,5.554308209753254,8.0,6.662924629259761,185.1868202415512,1
1.0,0,3,7.0,1,0,4.0,4,4,3,1,3,0,16.950650436302578,2.0,2.0,4.901300872605157,156.87540577836657,1
19.569334631907225,0,1,14.0,4,1,2.430665368092775,3,3,1,1,6,0,14.86133073618555,0.0,1.0,0.0,124.69147731195206,1
0.3827291913177713,1,3,10.234541617364457,5,1,2.3827291913177713,4,2,3,1,2,0,11.382729191317772,1.0,1.3827291913177713,3.0,156.66305974162492,1
7.271567359045909,0,1,30.02875647872788,4,0,3.2428108803180304,4,4,3,1,4,1,23.0,1.0,2.0,1.485621760636061,156.55900971513321,1
1.611296993672367,2,1,15.777406012655266,3,0,4.0,4,4,5,1,8,1,21.305648496836184,2.0,2.3056484968361834,1.611296993672367,149.04,1
0.4070172990325679,0,2,10.0,4,1,2.8140345980651356,4,2,2,2,2,1,12.0,4.814034598065136,7.814034598065136,5.628069196130271,158.3614034598065,1
1.0,0,1,6.462316478244899,2,0,3.4623164782448996,5,4,4,1,2,0,18.7738988694694,1.4623164782448996,2.0,1.0,149.7071223439563,1
2.0,1,1,9.0,3,1,3.0,4,2,4,1,6,0,12.0,1.004712425522241,2.0,5.0,173.55,1
0.0,2,1,9.0,4,0,2.0,3,2,3,0,1,1,19.0,1.0,1.0,2.0,141.71,1
1.0,1,3,27.0,4,0,4.0,5,2,3,0,5,1,12.0,1.2903682124860205,3.0,3.0,170.59,1
1.0,1,1,17.0,3,1,3.0,5,4,1,1,9,0,14.0,1.0,2.0,4.0,159.08,1
9.264925225501107,0,3,15.264925225501107,3,1,3.8529850451002217,4,0,1,2,3,0,17.29402990979956,4.294029909799557,5.441044864699336,3.0,220.80188051906458,1
